[12:46:19] [main/INFO]: Writing debug log file accesstransform.log
[12:46:19] [main/INFO]: Access Transformer processor running version 8.0.7+8.0.7+master.43473d43
[12:46:19] [main/INFO]: Command line arguments [--inJar, /home/codespace/.gradle/caches/forge_gradle/minecraft_user_repo/net/minecraftforge/forge/1.16.5-36.2.39/forge-1.16.5-36.2.39-injected.jar, --outJar, /home/codespace/.gradle/caches/forge_gradle/minecraft_user_repo/net/minecraftforge/forge/1.16.5-36.2.39_mapped_official_1.16.5/forge-1.16.5-36.2.39_mapped_official_1.16.5.jar, --logFile, accesstransform.log, --atFile, /workspaces/Loot-mode/build/_atJar_5/parent_at.cfg]
[12:46:19] [main/INFO]: Reading from /home/codespace/.gradle/caches/forge_gradle/minecraft_user_repo/net/minecraftforge/forge/1.16.5-36.2.39/forge-1.16.5-36.2.39-injected.jar
[12:46:19] [main/INFO]: Writing to /home/codespace/.gradle/caches/forge_gradle/minecraft_user_repo/net/minecraftforge/forge/1.16.5-36.2.39_mapped_official_1.16.5/forge-1.16.5-36.2.39_mapped_official_1.16.5.jar
[12:46:19] [main/INFO]: Transformer file /workspaces/Loot-mode/build/_atJar_5/parent_at.cfg
[12:46:19] [main/WARN]: Found existing output jar /home/codespace/.gradle/caches/forge_gradle/minecraft_user_repo/net/minecraftforge/forge/1.16.5-36.2.39_mapped_official_1.16.5/forge-1.16.5-36.2.39_mapped_official_1.16.5.jar, overwriting
[12:46:19] [main/DEBUG]: Loading access transformer parent_at.cfg from path /workspaces/Loot-mode/build/_atJar_5/parent_at.cfg
[12:46:19] [main/DEBUG]: Loaded access transformer parent_at.cfg from path /workspaces/Loot-mode/build/_atJar_5/parent_at.cfg
[12:46:19] [main/DEBUG]: Loaded access transformer file /workspaces/Loot-mode/build/_atJar_5/parent_at.cfg
[12:46:19] [main/DEBUG]: Skipping Lmcp/client/Start;
[12:46:19] [main/DEBUG]: Skipping Lmcp/MethodsReturnNonnullByDefault;
[12:46:19] [main/DEBUG]: Skipping Lcom/mojang/realmsclient/package-info;
[12:46:19] [main/DEBUG]: Skipping Lcom/mojang/realmsclient/RealmsMainScreen;
[12:46:19] [main/DEBUG]: Skipping Lcom/mojang/realmsclient/exception/package-info;
[12:46:19] [main/DEBUG]: Skipping Lcom/mojang/realmsclient/exception/RealmsDefaultUncaughtExceptionHandler;
[12:46:19] [main/DEBUG]: Skipping Lcom/mojang/realmsclient/exception/RealmsHttpException;
[12:46:19] [main/DEBUG]: Skipping Lcom/mojang/realmsclient/exception/RealmsServiceException;
[12:46:19] [main/DEBUG]: Skipping Lcom/mojang/realmsclient/exception/RetryCallException;
[12:46:19] [main/DEBUG]: Skipping Lcom/mojang/realmsclient/dto/package-info;
[12:46:19] [main/DEBUG]: Skipping Lcom/mojang/realmsclient/dto/Subscription$Type;
[12:46:19] [main/DEBUG]: Skipping Lcom/mojang/realmsclient/dto/Backup;
[12:46:19] [main/DEBUG]: Skipping Lcom/mojang/realmsclient/dto/BackupList;
[12:46:19] [main/DEBUG]: Skipping Lcom/mojang/realmsclient/dto/Ops;
[12:46:19] [main/DEBUG]: Skipping Lcom/mojang/realmsclient/dto/PendingInvite;
[12:46:19] [main/DEBUG]: Skipping Lcom/mojang/realmsclient/dto/PendingInvitesList;
[12:46:19] [main/DEBUG]: Skipping Lcom/mojang/realmsclient/dto/PingResult;
[12:46:19] [main/DEBUG]: Skipping Lcom/mojang/realmsclient/dto/PlayerInfo;
[12:46:19] [main/DEBUG]: Skipping Lcom/mojang/realmsclient/dto/RealmsDescriptionDto;
[12:46:19] [main/DEBUG]: Skipping Lcom/mojang/realmsclient/dto/RealmsNews;
[12:46:19] [main/DEBUG]: Skipping Lcom/mojang/realmsclient/dto/RealmsServer;
[12:46:19] [main/DEBUG]: Skipping Lcom/mojang/realmsclient/dto/RealmsServerAddress;
[12:46:19] [main/DEBUG]: Skipping Lcom/mojang/realmsclient/dto/RealmsServerList;
[12:46:19] [main/DEBUG]: Skipping Lcom/mojang/realmsclient/dto/RealmsServerPing;
[12:46:19] [main/DEBUG]: Skipping Lcom/mojang/realmsclient/dto/RealmsServerPlayerList;
[12:46:19] [main/DEBUG]: Skipping Lcom/mojang/realmsclient/dto/RealmsServerPlayerLists;
[12:46:19] [main/DEBUG]: Skipping Lcom/mojang/realmsclient/dto/RealmsWorldOptions;
[12:46:19] [main/DEBUG]: Skipping Lcom/mojang/realmsclient/dto/RealmsWorldResetDto;
[12:46:19] [main/DEBUG]: Skipping Lcom/mojang/realmsclient/dto/RegionPingResult;
[12:46:19] [main/DEBUG]: Skipping Lcom/mojang/realmsclient/dto/Subscription;
[12:46:19] [main/DEBUG]: Skipping Lcom/mojang/realmsclient/dto/UploadInfo;
[12:46:19] [main/DEBUG]: Skipping Lcom/mojang/realmsclient/dto/ValueObject;
[12:46:19] [main/DEBUG]: Skipping Lcom/mojang/realmsclient/dto/WorldDownload;
[12:46:19] [main/DEBUG]: Skipping Lcom/mojang/realmsclient/dto/WorldTemplate;
[12:46:19] [main/DEBUG]: Skipping Lcom/mojang/realmsclient/dto/WorldTemplatePaginatedList;
[12:46:19] [main/DEBUG]: Skipping Lcom/mojang/realmsclient/dto/WorldTemplate$Type;
[12:46:19] [main/DEBUG]: Skipping Lcom/mojang/realmsclient/dto/RealmsServer$ServerComparator;
[12:46:19] [main/DEBUG]: Skipping Lcom/mojang/realmsclient/dto/RealmsServer$Status;
[12:46:19] [main/DEBUG]: Skipping Lcom/mojang/realmsclient/dto/RealmsServer$ServerType;
[12:46:19] [main/DEBUG]: Skipping Lcom/mojang/realmsclient/util/package-info;
[12:46:19] [main/DEBUG]: Skipping Lcom/mojang/realmsclient/util/TextRenderingUtils$Line;
[12:46:19] [main/DEBUG]: Skipping Lcom/mojang/realmsclient/util/TextRenderingUtils$LineSegment;
[12:46:19] [main/DEBUG]: Skipping Lcom/mojang/realmsclient/util/JsonUtils;
[12:46:19] [main/DEBUG]: Skipping Lcom/mojang/realmsclient/util/RealmsPersistence;
[12:46:19] [main/DEBUG]: Skipping Lcom/mojang/realmsclient/util/RealmsTextureManager;
[12:46:19] [main/DEBUG]: Skipping Lcom/mojang/realmsclient/util/RealmsUtil;
[12:46:19] [main/DEBUG]: Skipping Lcom/mojang/realmsclient/util/SkinProcessor;
[12:46:19] [main/DEBUG]: Skipping Lcom/mojang/realmsclient/util/TextRenderingUtils;
[12:46:19] [main/DEBUG]: Skipping Lcom/mojang/realmsclient/util/UploadTokenCache;
[12:46:19] [main/DEBUG]: Skipping Lcom/mojang/realmsclient/util/RealmsPersistence$RealmsPersistenceData;
[12:46:19] [main/DEBUG]: Skipping Lcom/mojang/realmsclient/util/RealmsTextureManager$1;
[12:46:19] [main/DEBUG]: Skipping Lcom/mojang/realmsclient/util/RealmsTextureManager$RealmsTexture;
[12:46:19] [main/DEBUG]: Skipping Lcom/mojang/realmsclient/util/RealmsUtil$1;
[12:46:19] [main/DEBUG]: Skipping Lcom/mojang/realmsclient/RealmsMainScreen$1;
[12:46:19] [main/DEBUG]: Skipping Lcom/mojang/realmsclient/RealmsMainScreen$2;
[12:46:19] [main/DEBUG]: Skipping Lcom/mojang/realmsclient/RealmsMainScreen$3;
[12:46:19] [main/DEBUG]: Skipping Lcom/mojang/realmsclient/RealmsMainScreen$4;
[12:46:19] [main/DEBUG]: Skipping Lcom/mojang/realmsclient/RealmsMainScreen$5;
[12:46:19] [main/DEBUG]: Skipping Lcom/mojang/realmsclient/RealmsMainScreen$CloseButton;
[12:46:19] [main/DEBUG]: Skipping Lcom/mojang/realmsclient/RealmsMainScreen$ListEntry;
[12:46:19] [main/DEBUG]: Skipping Lcom/mojang/realmsclient/RealmsMainScreen$ServerState;
[12:46:19] [main/DEBUG]: Skipping Lcom/mojang/realmsclient/RealmsMainScreen$NewsButton;
[12:46:19] [main/DEBUG]: Skipping Lcom/mojang/realmsclient/RealmsMainScreen$PendingInvitesButton;
[12:46:19] [main/DEBUG]: Skipping Lcom/mojang/realmsclient/RealmsMainScreen$ServerList;
[12:46:19] [main/DEBUG]: Skipping Lcom/mojang/realmsclient/RealmsMainScreen$ServerEntry;
[12:46:19] [main/DEBUG]: Skipping Lcom/mojang/realmsclient/RealmsMainScreen$InfoButton;
[12:46:19] [main/DEBUG]: Skipping Lcom/mojang/realmsclient/RealmsMainScreen$TrialServerEntry;
[12:46:19] [main/DEBUG]: Skipping Lcom/mojang/realmsclient/client/package-info;
[12:46:19] [main/DEBUG]: Skipping Lcom/mojang/realmsclient/client/FileDownload;
[12:46:19] [main/DEBUG]: Skipping Lcom/mojang/realmsclient/client/FileUpload;
[12:46:19] [main/DEBUG]: Skipping Lcom/mojang/realmsclient/client/Ping;
[12:46:19] [main/DEBUG]: Skipping Lcom/mojang/realmsclient/client/RealmsClient;
[12:46:19] [main/DEBUG]: Skipping Lcom/mojang/realmsclient/client/RealmsClientConfig;
[12:46:19] [main/DEBUG]: Skipping Lcom/mojang/realmsclient/client/RealmsError;
[12:46:19] [main/DEBUG]: Skipping Lcom/mojang/realmsclient/client/Request;
[12:46:19] [main/DEBUG]: Skipping Lcom/mojang/realmsclient/client/UploadStatus;
[12:46:19] [main/DEBUG]: Skipping Lcom/mojang/realmsclient/client/FileDownload$1;
[12:46:19] [main/DEBUG]: Skipping Lcom/mojang/realmsclient/client/FileDownload$DownloadCountingOutputStream;
[12:46:19] [main/DEBUG]: Skipping Lcom/mojang/realmsclient/client/FileDownload$ProgressListener;
[12:46:19] [main/DEBUG]: Skipping Lcom/mojang/realmsclient/client/FileDownload$ResourcePackProgressListener;
[12:46:19] [main/DEBUG]: Skipping Lcom/mojang/realmsclient/client/FileUpload$CustomInputStreamEntity;
[12:46:19] [main/DEBUG]: Skipping Lcom/mojang/realmsclient/client/Ping$Region;
[12:46:19] [main/DEBUG]: Skipping Lcom/mojang/realmsclient/client/RealmsClient$CompatibleVersionResponse;
[12:46:19] [main/DEBUG]: Skipping Lcom/mojang/realmsclient/client/RealmsClient$Environment;
[12:46:19] [main/DEBUG]: Skipping Lcom/mojang/realmsclient/client/Request$Delete;
[12:46:19] [main/DEBUG]: Skipping Lcom/mojang/realmsclient/client/Request$Get;
[12:46:19] [main/DEBUG]: Skipping Lcom/mojang/realmsclient/client/Request$Post;
[12:46:19] [main/DEBUG]: Skipping Lcom/mojang/realmsclient/client/Request$Put;
[12:46:19] [main/DEBUG]: Skipping Lcom/mojang/realmsclient/gui/package-info;
[12:46:19] [main/DEBUG]: Skipping Lcom/mojang/realmsclient/gui/RealmsServerSlotButton$Action;
[12:46:19] [main/DEBUG]: Skipping Lcom/mojang/realmsclient/gui/RealmsServerSlotButton$ServerData;
[12:46:19] [main/DEBUG]: Skipping Lcom/mojang/realmsclient/gui/RealmsDataFetcher;
[12:46:19] [main/DEBUG]: Skipping Lcom/mojang/realmsclient/gui/RealmsServerSlotButton;
[12:46:19] [main/DEBUG]: Skipping Lcom/mojang/realmsclient/gui/ListButton;
[12:46:19] [main/DEBUG]: Skipping Lcom/mojang/realmsclient/gui/LongRunningTask;
[12:46:19] [main/DEBUG]: Skipping Lcom/mojang/realmsclient/gui/RealmsDataFetcher$1;
[12:46:19] [main/DEBUG]: Skipping Lcom/mojang/realmsclient/gui/RealmsDataFetcher$LiveStatsTask;
[12:46:19] [main/DEBUG]: Skipping Lcom/mojang/realmsclient/gui/RealmsDataFetcher$PendingInviteUpdateTask;
[12:46:19] [main/DEBUG]: Skipping Lcom/mojang/realmsclient/gui/RealmsDataFetcher$ServerListUpdateTask;
[12:46:19] [main/DEBUG]: Skipping Lcom/mojang/realmsclient/gui/RealmsDataFetcher$Task;
[12:46:19] [main/DEBUG]: Skipping Lcom/mojang/realmsclient/gui/RealmsDataFetcher$TrialAvailabilityTask;
[12:46:19] [main/DEBUG]: Skipping Lcom/mojang/realmsclient/gui/RealmsDataFetcher$UnreadNewsTask;
[12:46:19] [main/DEBUG]: Skipping Lcom/mojang/realmsclient/gui/screens/package-info;
[12:46:19] [main/DEBUG]: Skipping Lcom/mojang/realmsclient/gui/screens/RealmsSelectFileToUploadScreen$WorldSelectionEntry;
[12:46:19] [main/DEBUG]: Skipping Lcom/mojang/realmsclient/gui/screens/RealmsSelectFileToUploadScreen$WorldSelectionList;
[12:46:19] [main/DEBUG]: Skipping Lcom/mojang/realmsclient/gui/screens/RealmsBackupInfoScreen;
[12:46:19] [main/DEBUG]: Skipping Lcom/mojang/realmsclient/gui/screens/RealmsBackupScreen;
[12:46:19] [main/DEBUG]: Skipping Lcom/mojang/realmsclient/gui/screens/RealmsBrokenWorldScreen;
[12:46:19] [main/DEBUG]: Skipping Lcom/mojang/realmsclient/gui/screens/RealmsClientOutdatedScreen;
[12:46:19] [main/DEBUG]: Skipping Lcom/mojang/realmsclient/gui/screens/RealmsConfigureWorldScreen;
[12:46:19] [main/DEBUG]: Skipping Lcom/mojang/realmsclient/gui/screens/RealmsConfirmScreen;
[12:46:19] [main/DEBUG]: Skipping Lcom/mojang/realmsclient/gui/screens/RealmsCreateRealmScreen;
[12:46:19] [main/DEBUG]: Skipping Lcom/mojang/realmsclient/gui/screens/RealmsDownloadLatestWorldScreen;
[12:46:19] [main/DEBUG]: Skipping Lcom/mojang/realmsclient/gui/screens/RealmsInviteScreen;
[12:46:19] [main/DEBUG]: Skipping Lcom/mojang/realmsclient/gui/screens/RealmsLongConfirmationScreen;
[12:46:19] [main/DEBUG]: Skipping Lcom/mojang/realmsclient/gui/screens/RealmsLongRunningMcoTaskScreen;
[12:46:19] [main/DEBUG]: Skipping Lcom/mojang/realmsclient/gui/screens/RealmsNotificationsScreen;
[12:46:19] [main/DEBUG]: Skipping Lcom/mojang/realmsclient/gui/screens/RealmsParentalConsentScreen;
[12:46:19] [main/DEBUG]: Skipping Lcom/mojang/realmsclient/gui/screens/RealmsPendingInvitesScreen;
[12:46:19] [main/DEBUG]: Skipping Lcom/mojang/realmsclient/gui/screens/RealmsPlayerScreen;
[12:46:19] [main/DEBUG]: Skipping Lcom/mojang/realmsclient/gui/screens/RealmsResetNormalWorldScreen;
[12:46:19] [main/DEBUG]: Skipping Lcom/mojang/realmsclient/gui/screens/RealmsResetWorldScreen;
[12:46:19] [main/DEBUG]: Skipping Lcom/mojang/realmsclient/gui/screens/NotifableRealmsScreen;
[12:46:19] [main/DEBUG]: Skipping Lcom/mojang/realmsclient/gui/screens/RealmsSelectFileToUploadScreen;
[12:46:19] [main/DEBUG]: Skipping Lcom/mojang/realmsclient/gui/screens/RealmsSelectWorldTemplateScreen;
[12:46:19] [main/DEBUG]: Skipping Lcom/mojang/realmsclient/gui/screens/RealmsSettingsScreen;
[12:46:19] [main/DEBUG]: Skipping Lcom/mojang/realmsclient/gui/screens/RealmsSlotOptionsScreen;
[12:46:19] [main/DEBUG]: Skipping Lcom/mojang/realmsclient/gui/screens/RealmsSubscriptionInfoScreen;
[12:46:19] [main/DEBUG]: Skipping Lcom/mojang/realmsclient/gui/screens/RealmsTermsScreen;
[12:46:19] [main/DEBUG]: Skipping Lcom/mojang/realmsclient/gui/screens/RealmsUploadScreen;
[12:46:19] [main/DEBUG]: Skipping Lcom/mojang/realmsclient/gui/screens/UploadResult;
[12:46:19] [main/DEBUG]: Skipping Lcom/mojang/realmsclient/gui/screens/RealmsSelectWorldTemplateScreen$1;
[12:46:19] [main/DEBUG]: Skipping Lcom/mojang/realmsclient/gui/screens/RealmsSelectWorldTemplateScreen$WorldTemplateSelectionEntry;
[12:46:19] [main/DEBUG]: Skipping Lcom/mojang/realmsclient/gui/screens/RealmsSelectWorldTemplateScreen$WorldTemplateSelectionList;
[12:46:19] [main/DEBUG]: Skipping Lcom/mojang/realmsclient/gui/screens/RealmsBackupInfoScreen$BackupInfoList;
[12:46:19] [main/DEBUG]: Skipping Lcom/mojang/realmsclient/gui/screens/RealmsBackupInfoScreen$BackupInfoEntry;
[12:46:19] [main/DEBUG]: Skipping Lcom/mojang/realmsclient/gui/screens/RealmsBackupScreen$1;
[12:46:19] [main/DEBUG]: Skipping Lcom/mojang/realmsclient/gui/screens/RealmsBackupScreen$BackupObjectSelectionList;
[12:46:19] [main/DEBUG]: Skipping Lcom/mojang/realmsclient/gui/screens/RealmsBackupScreen$BackupObjectSelectionListEntry;
[12:46:19] [main/DEBUG]: Skipping Lcom/mojang/realmsclient/gui/screens/RealmsSlotOptionsScreen$SettingsSlider;
[12:46:19] [main/DEBUG]: Skipping Lcom/mojang/realmsclient/gui/screens/RealmsSubscriptionInfoScreen$1;
[12:46:19] [main/DEBUG]: Skipping Lcom/mojang/realmsclient/gui/screens/RealmsConfigureWorldScreen$1;
[12:46:19] [main/DEBUG]: Skipping Lcom/mojang/realmsclient/gui/screens/RealmsNotificationsScreen$1;
[12:46:19] [main/DEBUG]: Skipping Lcom/mojang/realmsclient/gui/screens/UploadResult$1;
[12:46:19] [main/DEBUG]: Skipping Lcom/mojang/realmsclient/gui/screens/UploadResult$Builder;
[12:46:19] [main/DEBUG]: Skipping Lcom/mojang/realmsclient/gui/screens/RealmsPendingInvitesScreen$1;
[12:46:19] [main/DEBUG]: Skipping Lcom/mojang/realmsclient/gui/screens/RealmsPendingInvitesScreen$2;
[12:46:19] [main/DEBUG]: Skipping Lcom/mojang/realmsclient/gui/screens/RealmsPendingInvitesScreen$3;
[12:46:19] [main/DEBUG]: Skipping Lcom/mojang/realmsclient/gui/screens/RealmsPendingInvitesScreen$InvitationEntry;
[12:46:19] [main/DEBUG]: Skipping Lcom/mojang/realmsclient/gui/screens/RealmsPendingInvitesScreen$InvitationList;
[12:46:19] [main/DEBUG]: Skipping Lcom/mojang/realmsclient/gui/screens/RealmsPendingInvitesScreen$InvitationEntry$AcceptButton;
[12:46:19] [main/DEBUG]: Skipping Lcom/mojang/realmsclient/gui/screens/RealmsPendingInvitesScreen$InvitationEntry$RejectButton;
[12:46:19] [main/DEBUG]: Skipping Lcom/mojang/realmsclient/gui/screens/RealmsDownloadLatestWorldScreen$DownloadStatus;
[12:46:19] [main/DEBUG]: Skipping Lcom/mojang/realmsclient/gui/screens/RealmsPlayerScreen$InvitedEntry;
[12:46:19] [main/DEBUG]: Skipping Lcom/mojang/realmsclient/gui/screens/RealmsPlayerScreen$InvitedList;
[12:46:19] [main/DEBUG]: Skipping Lcom/mojang/realmsclient/gui/screens/RealmsPlayerScreen$GuestAction;
[12:46:19] [main/DEBUG]: Skipping Lcom/mojang/realmsclient/gui/screens/RealmsResetWorldScreen$1;
[12:46:19] [main/DEBUG]: Skipping Lcom/mojang/realmsclient/gui/screens/RealmsResetWorldScreen$2;
[12:46:19] [main/DEBUG]: Skipping Lcom/mojang/realmsclient/gui/screens/RealmsResetWorldScreen$TexturedButton;
[12:46:19] [main/DEBUG]: Skipping Lcom/mojang/realmsclient/gui/screens/RealmsResetWorldScreen$ResetType;
[12:46:19] [main/DEBUG]: Skipping Lcom/mojang/realmsclient/gui/screens/RealmsResetWorldScreen$ResetWorldInfo;
[12:46:19] [main/DEBUG]: Skipping Lcom/mojang/realmsclient/gui/screens/RealmsLongConfirmationScreen$Type;
[12:46:19] [main/DEBUG]: Skipping Lcom/mojang/realmsclient/gui/screens/RealmsGenericErrorScreen;
[12:46:19] [main/DEBUG]: Skipping Lcom/mojang/blaze3d/package-info;
[12:46:19] [main/DEBUG]: Skipping Lcom/mojang/blaze3d/systems/package-info;
[12:46:19] [main/DEBUG]: Skipping Lcom/mojang/blaze3d/systems/RenderSystem;
[12:46:19] [main/DEBUG]: Skipping Lcom/mojang/blaze3d/systems/IRenderCall;
[12:46:19] [main/DEBUG]: Skipping Lcom/mojang/blaze3d/Empty3i;
[12:46:19] [main/DEBUG]: Skipping Lcom/mojang/blaze3d/matrix/package-info;
[12:46:19] [main/DEBUG]: Skipping Lcom/mojang/blaze3d/matrix/MatrixStack;
[12:46:19] [main/DEBUG]: Skipping Lcom/mojang/blaze3d/matrix/MatrixStack$1;
[12:46:19] [main/DEBUG]: Skipping Lcom/mojang/blaze3d/matrix/MatrixStack$Entry;
[12:46:19] [main/DEBUG]: Skipping Lcom/mojang/blaze3d/vertex/package-info;
[12:46:19] [main/DEBUG]: Skipping Lcom/mojang/blaze3d/vertex/IVertexConsumer;
[12:46:19] [main/DEBUG]: Skipping Lcom/mojang/blaze3d/vertex/DefaultColorVertexBuilder;
[12:46:19] [main/DEBUG]: Skipping Lcom/mojang/blaze3d/vertex/MatrixApplyingVertexBuilder;
[12:46:19] [main/DEBUG]: Skipping Lcom/mojang/blaze3d/vertex/VertexBuilderUtils;
[12:46:19] [main/DEBUG]: Skipping Lcom/mojang/blaze3d/vertex/VertexBuilderUtils$DelegatingVertexBuilder;
[12:46:19] [main/DEBUG]: Skipping Lcom/mojang/blaze3d/vertex/IVertexBuilder;
[12:46:19] [main/DEBUG]: Skipping Lcom/mojang/blaze3d/platform/package-info;
[12:46:19] [main/DEBUG]: Skipping Lcom/mojang/blaze3d/platform/PlatformDescriptors;
[12:46:19] [main/DEBUG]: Skipping Lcom/mojang/blaze3d/platform/GLX;
[12:46:19] [main/DEBUG]: Skipping Lcom/mojang/blaze3d/platform/GlStateManager;
[12:46:19] [main/DEBUG]: Skipping Lcom/mojang/blaze3d/platform/GlStateManager$1;
[12:46:19] [main/DEBUG]: Skipping Lcom/mojang/blaze3d/platform/GlStateManager$AlphaState;
[12:46:19] [main/DEBUG]: Skipping Lcom/mojang/blaze3d/platform/GlStateManager$BlendState;
[12:46:19] [main/DEBUG]: Skipping Lcom/mojang/blaze3d/platform/GlStateManager$BooleanState;
[12:46:19] [main/DEBUG]: Skipping Lcom/mojang/blaze3d/platform/GlStateManager$Color;
[12:46:19] [main/DEBUG]: Skipping Lcom/mojang/blaze3d/platform/GlStateManager$ColorLogicState;
[12:46:19] [main/DEBUG]: Skipping Lcom/mojang/blaze3d/platform/GlStateManager$ColorMask;
[12:46:19] [main/DEBUG]: Skipping Lcom/mojang/blaze3d/platform/GlStateManager$ColorMaterialState;
[12:46:19] [main/DEBUG]: Skipping Lcom/mojang/blaze3d/platform/GlStateManager$CullState;
[12:46:19] [main/DEBUG]: Skipping Lcom/mojang/blaze3d/platform/GlStateManager$DepthState;
[12:46:19] [main/DEBUG]: Skipping Lcom/mojang/blaze3d/platform/GlStateManager$DestFactor;
[12:46:19] [main/DEBUG]: Skipping Lcom/mojang/blaze3d/platform/GlStateManager$SupportType;
[12:46:19] [main/DEBUG]: Skipping Lcom/mojang/blaze3d/platform/GlStateManager$FramebufferExtension;
[12:46:19] [main/DEBUG]: Skipping Lcom/mojang/blaze3d/platform/GlStateManager$FogMode;
[12:46:19] [main/DEBUG]: Skipping Lcom/mojang/blaze3d/platform/GlStateManager$FogState;
[12:46:19] [main/DEBUG]: Skipping Lcom/mojang/blaze3d/platform/GlStateManager$LogicOp;
[12:46:19] [main/DEBUG]: Skipping Lcom/mojang/blaze3d/platform/GlStateManager$PolygonOffsetState;
[12:46:19] [main/DEBUG]: Skipping Lcom/mojang/blaze3d/platform/GlStateManager$ScissorState;
[12:46:19] [main/DEBUG]: Skipping Lcom/mojang/blaze3d/platform/GlStateManager$SourceFactor;
[12:46:19] [main/DEBUG]: Skipping Lcom/mojang/blaze3d/platform/GlStateManager$StencilFunc;
[12:46:19] [main/DEBUG]: Skipping Lcom/mojang/blaze3d/platform/GlStateManager$StencilState;
[12:46:19] [main/DEBUG]: Skipping Lcom/mojang/blaze3d/platform/GlStateManager$TexGen;
[12:46:19] [main/DEBUG]: Skipping Lcom/mojang/blaze3d/platform/GlStateManager$TexGenCoord;
[12:46:19] [main/DEBUG]: Skipping Lcom/mojang/blaze3d/platform/GlStateManager$TexGenState;
[12:46:19] [main/DEBUG]: Skipping Lcom/mojang/blaze3d/platform/GlStateManager$TextureState;
[12:46:19] [main/DEBUG]: Skipping Lcom/mojang/blaze3d/platform/GlStateManager$Viewport;
[12:46:19] [main/DEBUG]: Skipping Lnet/minecraftforge/userdev/MCPNamingService;
[12:46:19] [main/DEBUG]: Skipping Lnet/minecraftforge/userdev/MCPNamingService$1;
[12:46:19] [main/DEBUG]: Skipping Lnet/minecraftforge/userdev/LaunchTesting;
[12:46:19] [main/DEBUG]: Skipping Lnet/minecraftforge/userdev/FMLUserdevServerLaunchProvider;
[12:46:19] [main/DEBUG]: Skipping Lnet/minecraftforge/userdev/FMLUserdevLaunchProvider;
[12:46:19] [main/DEBUG]: Skipping Lnet/minecraftforge/userdev/FMLUserdevDataLaunchProvider;
[12:46:19] [main/DEBUG]: Skipping Lnet/minecraftforge/userdev/FMLUserdevClientLaunchProvider;
[12:46:19] [main/DEBUG]: Skipping Lnet/minecraftforge/userdev/FMLDevServerLaunchProvider;
[12:46:19] [main/DEBUG]: Skipping Lnet/minecraftforge/userdev/FMLDevDataLaunchProvider;
[12:46:19] [main/DEBUG]: Skipping Lnet/minecraftforge/userdev/FMLDevClientLaunchProvider;
[12:46:19] [main/DEBUG]: Skipping Lnet/minecraftforge/userdev/ClasspathLocator;
[12:46:19] [main/DEBUG]: Skipping Lnet/minecraftforge/userdev/ArgumentList;
[12:46:19] [main/DEBUG]: Skipping Lnet/minecraftforge/userdev/ArgumentList$EntryValue;
[12:46:19] [main/DEBUG]: Skipping Lnet/minecraftforge/versions/mcp/MCPVersion;
[12:46:19] [main/DEBUG]: Skipping Lnet/minecraftforge/versions/forge/ForgeVersion;
[12:46:19] [main/DEBUG]: Skipping Lnet/minecraftforge/server/timings/TimeTracker;
[12:46:19] [main/DEBUG]: Skipping Lnet/minecraftforge/server/timings/ForgeTimings;
[12:46:19] [main/DEBUG]: Skipping Lnet/minecraftforge/server/permission/package-info;
[12:46:19] [main/DEBUG]: Skipping Lnet/minecraftforge/server/permission/context/package-info;
[12:46:19] [main/DEBUG]: Skipping Lnet/minecraftforge/server/permission/context/WorldContext;
[12:46:19] [main/DEBUG]: Skipping Lnet/minecraftforge/server/permission/context/TargetContext;
[12:46:19] [main/DEBUG]: Skipping Lnet/minecraftforge/server/permission/context/PlayerContext;
[12:46:19] [main/DEBUG]: Skipping Lnet/minecraftforge/server/permission/context/IContext;
[12:46:19] [main/DEBUG]: Skipping Lnet/minecraftforge/server/permission/context/ContextKeys;
[12:46:19] [main/DEBUG]: Skipping Lnet/minecraftforge/server/permission/context/ContextKey;
[12:46:19] [main/DEBUG]: Skipping Lnet/minecraftforge/server/permission/context/Context;
[12:46:19] [main/DEBUG]: Skipping Lnet/minecraftforge/server/permission/context/BlockPosContext;
[12:46:19] [main/DEBUG]: Skipping Lnet/minecraftforge/server/permission/context/AreaContext;
[12:46:19] [main/DEBUG]: Skipping Lnet/minecraftforge/server/permission/PermissionAPI;
[12:46:19] [main/DEBUG]: Skipping Lnet/minecraftforge/server/permission/IPermissionHandler;
[12:46:19] [main/DEBUG]: Skipping Lnet/minecraftforge/server/permission/DefaultPermissionLevel;
[12:46:19] [main/DEBUG]: Skipping Lnet/minecraftforge/server/permission/DefaultPermissionHandler;
[12:46:19] [main/DEBUG]: Skipping Lnet/minecraftforge/server/console/TerminalHandler;
[12:46:19] [main/DEBUG]: Skipping Lnet/minecraftforge/server/console/ConsoleCommandCompleter;
[12:46:19] [main/DEBUG]: Skipping Lnet/minecraftforge/server/command/package-info;
[12:46:19] [main/DEBUG]: Skipping Lnet/minecraftforge/server/command/TextComponentHelper;
[12:46:19] [main/DEBUG]: Skipping Lnet/minecraftforge/server/command/ModIdArgument;
[12:46:19] [main/DEBUG]: Skipping Lnet/minecraftforge/server/command/ForgeCommand;
[12:46:19] [main/DEBUG]: Skipping Lnet/minecraftforge/server/command/EnumArgument;
[12:46:19] [main/DEBUG]: Skipping Lnet/minecraftforge/server/command/EnumArgument$Serializer;
[12:46:19] [main/DEBUG]: Skipping Lnet/minecraftforge/server/command/EnumArgument$1;
[12:46:19] [main/DEBUG]: Skipping Lnet/minecraftforge/server/command/ConfigCommand;
[12:46:19] [main/DEBUG]: Skipping Lnet/minecraftforge/server/command/ConfigCommand$ShowFile;
[12:46:19] [main/DEBUG]: Skipping Lnet/minecraftforge/server/command/CommandTrack;
[12:46:19] [main/DEBUG]: Skipping Lnet/minecraftforge/server/command/CommandTrack$TrackResultsTileEntity;
[12:46:19] [main/DEBUG]: Skipping Lnet/minecraftforge/server/command/CommandTrack$TrackResultsEntity;
[12:46:19] [main/DEBUG]: Skipping Lnet/minecraftforge/server/command/CommandTrack$TrackResults;
[12:46:19] [main/DEBUG]: Skipping Lnet/minecraftforge/server/command/CommandTrack$StartTrackingCommand;
[12:46:19] [main/DEBUG]: Skipping Lnet/minecraftforge/server/command/CommandTrack$ResetTrackingCommand;
[12:46:19] [main/DEBUG]: Skipping Lnet/minecraftforge/server/command/CommandTps;
[12:46:19] [main/DEBUG]: Skipping Lnet/minecraftforge/server/command/CommandSetDimension;
[12:46:19] [main/DEBUG]: Skipping Lnet/minecraftforge/server/command/CommandModList;
[12:46:19] [main/DEBUG]: Skipping Lnet/minecraftforge/server/command/CommandGenerate;
[12:46:19] [main/DEBUG]: Skipping Lnet/minecraftforge/server/command/CommandEntity;
[12:46:19] [main/DEBUG]: Skipping Lnet/minecraftforge/server/command/CommandEntity$EntityListCommand;
[12:46:19] [main/DEBUG]: Skipping Lnet/minecraftforge/server/command/CommandDimensions;
[12:46:19] [main/DEBUG]: Skipping Lnet/minecraftforge/server/command/ChunkGenWorker;
[12:46:19] [main/DEBUG]: Skipping Lnet/minecraftforge/resource/package-info;
[12:46:19] [main/DEBUG]: Skipping Lnet/minecraftforge/resource/VanillaResourceType;
[12:46:19] [main/DEBUG]: Skipping Lnet/minecraftforge/resource/SelectiveReloadStateHandler;
[12:46:19] [main/DEBUG]: Skipping Lnet/minecraftforge/resource/ReloadRequirements;
[12:46:19] [main/DEBUG]: Skipping Lnet/minecraftforge/resource/ISelectiveResourceReloadListener;
[12:46:19] [main/DEBUG]: Skipping Lnet/minecraftforge/resource/IResourceType;
[12:46:19] [main/DEBUG]: Skipping Lnet/minecraftforge/registries/RegistryManager;
[12:46:19] [main/DEBUG]: Skipping Lnet/minecraftforge/registries/RegistryDelegate;
[12:46:19] [main/DEBUG]: Skipping Lnet/minecraftforge/registries/RegistryBuilder;
[12:46:19] [main/DEBUG]: Skipping Lnet/minecraftforge/registries/ObjectHolderRegistry;
[12:46:19] [main/DEBUG]: Skipping Lnet/minecraftforge/registries/ObjectHolderRef;
[12:46:19] [main/DEBUG]: Skipping Lnet/minecraftforge/registries/ObjectHolder;
[12:46:19] [main/DEBUG]: Skipping Lnet/minecraftforge/registries/NamespacedWrapper;
[12:46:19] [main/DEBUG]: Skipping Lnet/minecraftforge/registries/NamespacedWrapper$Factory;
[12:46:19] [main/DEBUG]: Skipping Lnet/minecraftforge/registries/NamespacedDefaultedWrapper;
[12:46:19] [main/DEBUG]: Skipping Lnet/minecraftforge/registries/NamespacedDefaultedWrapper$Factory;
[12:46:19] [main/DEBUG]: Skipping Lnet/minecraftforge/registries/NamespacedDefaultedWrapper$1;
[12:46:19] [main/DEBUG]: Skipping Lnet/minecraftforge/registries/IRegistryDelegate;
[12:46:19] [main/DEBUG]: Skipping Lnet/minecraftforge/registries/ILockableRegistry;
[12:46:19] [main/DEBUG]: Skipping Lnet/minecraftforge/registries/IForgeRegistryModifiable;
[12:46:19] [main/DEBUG]: Skipping Lnet/minecraftforge/registries/IForgeRegistryInternal;
[12:46:19] [main/DEBUG]: Skipping Lnet/minecraftforge/registries/IForgeRegistryEntry;
[12:46:19] [main/DEBUG]: Skipping Lnet/minecraftforge/registries/IForgeRegistry;
[12:46:19] [main/DEBUG]: Skipping Lnet/minecraftforge/registries/IForgeRegistry$ValidateCallback;
[12:46:19] [main/DEBUG]: Skipping Lnet/minecraftforge/registries/IForgeRegistry$MissingFactory;
[12:46:19] [main/DEBUG]: Skipping Lnet/minecraftforge/registries/IForgeRegistry$DummyFactory;
[12:46:19] [main/DEBUG]: Skipping Lnet/minecraftforge/registries/IForgeRegistry$CreateCallback;
[12:46:19] [main/DEBUG]: Skipping Lnet/minecraftforge/registries/IForgeRegistry$ClearCallback;
[12:46:19] [main/DEBUG]: Skipping Lnet/minecraftforge/registries/IForgeRegistry$BakeCallback;
[12:46:19] [main/DEBUG]: Skipping Lnet/minecraftforge/registries/IForgeRegistry$AddCallback;
[12:46:19] [main/DEBUG]: Skipping Lnet/minecraftforge/registries/GameData;
[12:46:19] [main/DEBUG]: Skipping Lnet/minecraftforge/registries/GameData$SerializerCallbacks;
[12:46:19] [main/DEBUG]: Skipping Lnet/minecraftforge/registries/GameData$PointOfInterestTypeCallbacks;
[12:46:19] [main/DEBUG]: Skipping Lnet/minecraftforge/registries/GameData$ItemCallbacks;
[12:46:19] [main/DEBUG]: Skipping Lnet/minecraftforge/registries/GameData$FeatureCallbacks;
[12:46:19] [main/DEBUG]: Skipping Lnet/minecraftforge/registries/GameData$ClearableObjectIntIdentityMap;
[12:46:19] [main/DEBUG]: Skipping Lnet/minecraftforge/registries/GameData$BlockCallbacks;
[12:46:19] [main/DEBUG]: Skipping Lnet/minecraftforge/registries/GameData$BlockCallbacks$BlockDummyAir;
[12:46:19] [main/DEBUG]: Skipping Lnet/minecraftforge/registries/GameData$BlockCallbacks$1;
[12:46:19] [main/DEBUG]: Skipping Lnet/minecraftforge/registries/GameData$AttributeCallbacks;
[12:46:19] [main/DEBUG]: Skipping Lnet/minecraftforge/registries/GameData$1;
[12:46:19] [main/DEBUG]: Skipping Lnet/minecraftforge/registries/ForgeRegistryEntry;
[12:46:19] [main/DEBUG]: Skipping Lnet/minecraftforge/registries/ForgeRegistryEntry$UncheckedRegistryEntry;
[12:46:19] [main/DEBUG]: Skipping Lnet/minecraftforge/registries/ForgeRegistryEntry$1;
[12:46:19] [main/DEBUG]: Skipping Lnet/minecraftforge/registries/ForgeRegistry;
[12:46:19] [main/DEBUG]: Skipping Lnet/minecraftforge/registries/ForgeRegistry$Snapshot;
[12:46:19] [main/DEBUG]: Skipping Lnet/minecraftforge/registries/ForgeRegistry$OverrideOwner;
[12:46:19] [main/DEBUG]: Skipping Lnet/minecraftforge/registries/ForgeRegistry$DumpRow;
[12:46:19] [main/DEBUG]: Skipping Lnet/minecraftforge/registries/ForgeRegistry$1;
[12:46:19] [main/DEBUG]: Skipping Lnet/minecraftforge/registries/ForgeRegistries;
[12:46:19] [main/DEBUG]: Skipping Lnet/minecraftforge/registries/ForgeRegistries$Keys;
[12:46:19] [main/DEBUG]: Skipping Lnet/minecraftforge/registries/DeferredRegister;
[12:46:19] [main/DEBUG]: Skipping Lnet/minecraftforge/registries/DeferredRegister$EventDispatcher;
[12:46:19] [main/DEBUG]: Skipping Lnet/minecraftforge/registries/DataSerializerEntry;
[12:46:19] [main/DEBUG]: Skipping Lnet/minecraftforge/network/VanillaPacketSplitter;
[12:46:19] [main/DEBUG]: Skipping Lnet/minecraftforge/network/VanillaPacketSplitter$RemoteCompatibility;
[12:46:19] [main/DEBUG]: Skipping Lnet/minecraftforge/network/VanillaPacketFilter;
[12:46:19] [main/DEBUG]: Skipping Lnet/minecraftforge/network/VanillaConnectionNetworkFilter;
[12:46:19] [main/DEBUG]: Skipping Lnet/minecraftforge/network/NetworkFilters;
[12:46:19] [main/DEBUG]: Skipping Lnet/minecraftforge/network/ForgeConnectionNetworkFilter;
[12:46:19] [main/DEBUG]: Skipping Lnet/minecraftforge/network/CommandTreeCleaner;
[12:46:19] [main/DEBUG]: Skipping Lnet/minecraftforge/logging/ModelLoaderErrorMessage;
[12:46:19] [main/DEBUG]: Skipping Lnet/minecraftforge/items/wrapper/SidedInvWrapper;
[12:46:19] [main/DEBUG]: Skipping Lnet/minecraftforge/items/wrapper/RecipeWrapper;
[12:46:19] [main/DEBUG]: Skipping Lnet/minecraftforge/items/wrapper/RangedWrapper;
[12:46:19] [main/DEBUG]: Skipping Lnet/minecraftforge/items/wrapper/PlayerOffhandInvWrapper;
[12:46:19] [main/DEBUG]: Skipping Lnet/minecraftforge/items/wrapper/PlayerMainInvWrapper;
[12:46:19] [main/DEBUG]: Skipping Lnet/minecraftforge/items/wrapper/PlayerInvWrapper;
[12:46:19] [main/DEBUG]: Skipping Lnet/minecraftforge/items/wrapper/PlayerArmorInvWrapper;
[12:46:19] [main/DEBUG]: Skipping Lnet/minecraftforge/items/wrapper/InvWrapper;
[12:46:19] [main/DEBUG]: Skipping Lnet/minecraftforge/items/wrapper/EntityHandsInvWrapper;
[12:46:19] [main/DEBUG]: Skipping Lnet/minecraftforge/items/wrapper/EntityEquipmentInvWrapper;
[12:46:19] [main/DEBUG]: Skipping Lnet/minecraftforge/items/wrapper/EntityArmorInvWrapper;
[12:46:19] [main/DEBUG]: Skipping Lnet/minecraftforge/items/wrapper/EmptyHandler;
[12:46:19] [main/DEBUG]: Skipping Lnet/minecraftforge/items/wrapper/CombinedInvWrapper;
[12:46:19] [main/DEBUG]: Skipping Lnet/minecraftforge/items/VanillaInventoryCodeHooks;
[12:46:19] [main/DEBUG]: Skipping Lnet/minecraftforge/items/VanillaHopperItemHandler;
[12:46:19] [main/DEBUG]: Skipping Lnet/minecraftforge/items/SlotItemHandler;
[12:46:19] [main/DEBUG]: Skipping Lnet/minecraftforge/items/ItemStackHandler;
[12:46:19] [main/DEBUG]: Skipping Lnet/minecraftforge/items/ItemHandlerHelper;
[12:46:19] [main/DEBUG]: Skipping Lnet/minecraftforge/items/IItemHandlerModifiable;
[12:46:19] [main/DEBUG]: Skipping Lnet/minecraftforge/items/IItemHandler;
[12:46:19] [main/DEBUG]: Skipping Lnet/minecraftforge/items/CapabilityItemHandler;
[12:46:19] [main/DEBUG]: Skipping Lnet/minecraftforge/items/CapabilityItemHandler$1;
[12:46:19] [main/DEBUG]: Skipping Lnet/minecraftforge/fml/util/ThreeConsumer;
[12:46:19] [main/DEBUG]: Skipping Lnet/minecraftforge/fml/server/ServerModLoader;
[12:46:19] [main/DEBUG]: Skipping Lnet/minecraftforge/fml/server/ServerLifecycleHooks;
[12:46:19] [main/DEBUG]: Skipping Lnet/minecraftforge/fml/server/LanguageHook;
[12:46:19] [main/DEBUG]: Skipping Lnet/minecraftforge/fml/relauncher/libraries/SnapshotJson;
[12:46:19] [main/DEBUG]: Skipping Lnet/minecraftforge/fml/relauncher/libraries/SnapshotJson$Entry;
[12:46:19] [main/DEBUG]: Skipping Lnet/minecraftforge/fml/relauncher/libraries/Repository;
[12:46:19] [main/DEBUG]: Skipping Lnet/minecraftforge/fml/relauncher/libraries/ModList;
[12:46:19] [main/DEBUG]: Skipping Lnet/minecraftforge/fml/relauncher/libraries/ModList$JsonModList;
[12:46:19] [main/DEBUG]: Skipping Lnet/minecraftforge/fml/relauncher/libraries/ModList$1;
[12:46:19] [main/DEBUG]: Skipping Lnet/minecraftforge/fml/relauncher/libraries/MemoryModList;
[12:46:19] [main/DEBUG]: Skipping Lnet/minecraftforge/fml/relauncher/libraries/LinkRepository;
[12:46:19] [main/DEBUG]: Skipping Lnet/minecraftforge/fml/relauncher/libraries/LibraryManager;
[12:46:19] [main/DEBUG]: Skipping Lnet/minecraftforge/fml/relauncher/libraries/Artifact;
[12:46:19] [main/DEBUG]: Skipping Lnet/minecraftforge/fml/packs/ResourcePackLoader;
[12:46:19] [main/DEBUG]: Skipping Lnet/minecraftforge/fml/packs/ResourcePackLoader$LambdaFriendlyPackFinder;
[12:46:19] [main/DEBUG]: Skipping Lnet/minecraftforge/fml/packs/ResourcePackLoader$IPackInfoFinder;
[12:46:19] [main/DEBUG]: Skipping Lnet/minecraftforge/fml/packs/ResourcePackLoader$1;
[12:46:19] [main/DEBUG]: Skipping Lnet/minecraftforge/fml/packs/ModFileResourcePack;
[12:46:19] [main/DEBUG]: Skipping Lnet/minecraftforge/fml/packs/DelegatingResourcePack;
[12:46:19] [main/DEBUG]: Skipping Lnet/minecraftforge/fml/network/simple/SimpleChannel;
[12:46:19] [main/DEBUG]: Skipping Lnet/minecraftforge/fml/network/simple/SimpleChannel$MessageBuilder;
[12:46:19] [main/DEBUG]: Skipping Lnet/minecraftforge/fml/network/simple/SimpleChannel$MessageBuilder$ToBooleanBiFunction;
[12:46:19] [main/DEBUG]: Skipping Lnet/minecraftforge/fml/network/simple/IndexedMessageCodec;
[12:46:19] [main/DEBUG]: Skipping Lnet/minecraftforge/fml/network/simple/IndexedMessageCodec$MessageHandler;
[12:46:19] [main/DEBUG]: Skipping Lnet/minecraftforge/fml/network/event/EventNetworkChannel;
[12:46:19] [main/DEBUG]: Skipping Lnet/minecraftforge/fml/network/PacketDistributor;
[12:46:19] [main/DEBUG]: Skipping Lnet/minecraftforge/fml/network/PacketDistributor$TargetPoint;
[12:46:19] [main/DEBUG]: Skipping Lnet/minecraftforge/fml/network/PacketDistributor$PacketTarget;
[12:46:19] [main/DEBUG]: Skipping Lnet/minecraftforge/fml/network/PacketDispatcher;
[12:46:19] [main/DEBUG]: Skipping Lnet/minecraftforge/fml/network/PacketDispatcher$NetworkManagerDispatcher;
[12:46:19] [main/DEBUG]: Skipping Lnet/minecraftforge/fml/network/PacketDispatcher$1;
[12:46:19] [main/DEBUG]: Skipping Lnet/minecraftforge/fml/network/NetworkRegistry;
[12:46:19] [main/DEBUG]: Skipping Lnet/minecraftforge/fml/network/NetworkRegistry$LoginPayload;
[12:46:19] [main/DEBUG]: Skipping Lnet/minecraftforge/fml/network/NetworkRegistry$ChannelBuilder;
[12:46:19] [main/DEBUG]: Skipping Lnet/minecraftforge/fml/network/NetworkInstance;
[12:46:19] [main/DEBUG]: Skipping Lnet/minecraftforge/fml/network/NetworkInitialization;
[12:46:19] [main/DEBUG]: Skipping Lnet/minecraftforge/fml/network/NetworkHooks;
[12:46:19] [main/DEBUG]: Skipping Lnet/minecraftforge/fml/network/NetworkEvent;
[12:46:19] [main/DEBUG]: Skipping Lnet/minecraftforge/fml/network/NetworkEvent$ServerCustomPayloadLoginEvent;
[12:46:19] [main/DEBUG]: Skipping Lnet/minecraftforge/fml/network/NetworkEvent$ServerCustomPayloadEvent;
[12:46:19] [main/DEBUG]: Skipping Lnet/minecraftforge/fml/network/NetworkEvent$RegistrationChangeType;
[12:46:19] [main/DEBUG]: Skipping Lnet/minecraftforge/fml/network/NetworkEvent$LoginPayloadEvent;
[12:46:19] [main/DEBUG]: Skipping Lnet/minecraftforge/fml/network/NetworkEvent$GatherLoginPayloadsEvent;
[12:46:19] [main/DEBUG]: Skipping Lnet/minecraftforge/fml/network/NetworkEvent$Context;
[12:46:19] [main/DEBUG]: Skipping Lnet/minecraftforge/fml/network/NetworkEvent$ClientCustomPayloadLoginEvent;
[12:46:19] [main/DEBUG]: Skipping Lnet/minecraftforge/fml/network/NetworkEvent$ClientCustomPayloadEvent;
[12:46:19] [main/DEBUG]: Skipping Lnet/minecraftforge/fml/network/NetworkEvent$ChannelRegistrationChangeEvent;
[12:46:19] [main/DEBUG]: Skipping Lnet/minecraftforge/fml/network/NetworkEvent$1;
[12:46:19] [main/DEBUG]: Skipping Lnet/minecraftforge/fml/network/NetworkDirection;
[12:46:19] [main/DEBUG]: Skipping Lnet/minecraftforge/fml/network/ICustomPacket;
[12:46:19] [main/DEBUG]: Skipping Lnet/minecraftforge/fml/network/ICustomPacket$Fields;
[12:46:19] [main/DEBUG]: Skipping Lnet/minecraftforge/fml/network/IContainerFactory;
[12:46:19] [main/DEBUG]: Skipping Lnet/minecraftforge/fml/network/FMLStatusPing;
[12:46:19] [main/DEBUG]: Skipping Lnet/minecraftforge/fml/network/FMLStatusPing$Serializer;
[12:46:19] [main/DEBUG]: Skipping Lnet/minecraftforge/fml/network/FMLStatusPing$1;
[12:46:19] [main/DEBUG]: Skipping Lnet/minecraftforge/fml/network/FMLPlayMessages;
[12:46:19] [main/DEBUG]: Skipping Lnet/minecraftforge/fml/network/FMLPlayMessages$SyncCustomTagTypes;
[12:46:19] [main/DEBUG]: Skipping Lnet/minecraftforge/fml/network/FMLPlayMessages$SpawnEntity;
[12:46:19] [main/DEBUG]: Skipping Lnet/minecraftforge/fml/network/FMLPlayMessages$OpenContainer;
[12:46:19] [main/DEBUG]: Skipping Lnet/minecraftforge/fml/network/FMLNetworkConstants;
[12:46:19] [main/DEBUG]: Skipping Lnet/minecraftforge/fml/network/FMLMCRegisterPacketHandler;
[12:46:19] [main/DEBUG]: Skipping Lnet/minecraftforge/fml/network/FMLMCRegisterPacketHandler$ChannelList;
[12:46:19] [main/DEBUG]: Skipping Lnet/minecraftforge/fml/network/FMLLoginWrapper;
[12:46:19] [main/DEBUG]: Skipping Lnet/minecraftforge/fml/network/FMLHandshakeMessages;
[12:46:19] [main/DEBUG]: Skipping Lnet/minecraftforge/fml/network/FMLHandshakeMessages$S2CRegistry;
[12:46:19] [main/DEBUG]: Skipping Lnet/minecraftforge/fml/network/FMLHandshakeMessages$S2CModList;
[12:46:19] [main/DEBUG]: Skipping Lnet/minecraftforge/fml/network/FMLHandshakeMessages$S2CConfigData;
[12:46:19] [main/DEBUG]: Skipping Lnet/minecraftforge/fml/network/FMLHandshakeMessages$LoginIndexedMessage;
[12:46:19] [main/DEBUG]: Skipping Lnet/minecraftforge/fml/network/FMLHandshakeMessages$C2SModListReply;
[12:46:19] [main/DEBUG]: Skipping Lnet/minecraftforge/fml/network/FMLHandshakeMessages$C2SAcknowledge;
[12:46:19] [main/DEBUG]: Skipping Lnet/minecraftforge/fml/network/FMLHandshakeHandler;
[12:46:19] [main/DEBUG]: Skipping Lnet/minecraftforge/fml/network/FMLConnectionData;
[12:46:19] [main/DEBUG]: Skipping Lnet/minecraftforge/fml/network/ConnectionType;
[12:46:19] [main/DEBUG]: Skipping Lnet/minecraftforge/fml/mclanguageprovider/MinecraftModLanguageProvider;
[12:46:19] [main/DEBUG]: Skipping Lnet/minecraftforge/fml/mclanguageprovider/MinecraftModLanguageProvider$MinecraftModTarget;
[12:46:19] [main/DEBUG]: Skipping Lnet/minecraftforge/fml/mclanguageprovider/MinecraftModLanguageProvider$MinecraftModContainer;
[12:46:19] [main/DEBUG]: Skipping Lnet/minecraftforge/fml/javafmlmod/FMLModContainer;
[12:46:19] [main/DEBUG]: Skipping Lnet/minecraftforge/fml/javafmlmod/FMLJavaModLoadingContext;
[12:46:19] [main/DEBUG]: Skipping Lnet/minecraftforge/fml/javafmlmod/FMLJavaModLanguageProvider;
[12:46:19] [main/DEBUG]: Skipping Lnet/minecraftforge/fml/javafmlmod/FMLJavaModLanguageProvider$FMLModTarget;
[12:46:19] [main/DEBUG]: Skipping Lnet/minecraftforge/fml/javafmlmod/FMLJavaModLanguageProvider$1;
[12:46:19] [main/DEBUG]: Skipping Lnet/minecraftforge/fml/hooks/BasicEventHooks;
[12:46:19] [main/DEBUG]: Skipping Lnet/minecraftforge/fml/event/server/ServerLifecycleEvent;
[12:46:19] [main/DEBUG]: Skipping Lnet/minecraftforge/fml/event/server/FMLServerStoppingEvent;
[12:46:19] [main/DEBUG]: Skipping Lnet/minecraftforge/fml/event/server/FMLServerStoppedEvent;
[12:46:19] [main/DEBUG]: Skipping Lnet/minecraftforge/fml/event/server/FMLServerStartingEvent;
[12:46:19] [main/DEBUG]: Skipping Lnet/minecraftforge/fml/event/server/FMLServerStartedEvent;
[12:46:19] [main/DEBUG]: Skipping Lnet/minecraftforge/fml/event/server/FMLServerAboutToStartEvent;
[12:46:19] [main/DEBUG]: Skipping Lnet/minecraftforge/fml/event/lifecycle/ParallelDispatchEvent;
[12:46:19] [main/DEBUG]: Skipping Lnet/minecraftforge/fml/event/lifecycle/ModLifecycleEvent;
[12:46:19] [main/DEBUG]: Skipping Lnet/minecraftforge/fml/event/lifecycle/InterModProcessEvent;
[12:46:19] [main/DEBUG]: Skipping Lnet/minecraftforge/fml/event/lifecycle/InterModEnqueueEvent;
[12:46:19] [main/DEBUG]: Skipping Lnet/minecraftforge/fml/event/lifecycle/IModBusEvent;
[12:46:19] [main/DEBUG]: Skipping Lnet/minecraftforge/fml/event/lifecycle/GatherDataEvent;
[12:46:19] [main/DEBUG]: Skipping Lnet/minecraftforge/fml/event/lifecycle/GatherDataEvent$DataGeneratorConfig;
[12:46:19] [main/DEBUG]: Skipping Lnet/minecraftforge/fml/event/lifecycle/FMLModIdMappingEvent;
[12:46:19] [main/DEBUG]: Skipping Lnet/minecraftforge/fml/event/lifecycle/FMLModIdMappingEvent$ModRemapping;
[12:46:19] [main/DEBUG]: Skipping Lnet/minecraftforge/fml/event/lifecycle/FMLModIdMappingEvent$1;
[12:46:19] [main/DEBUG]: Skipping Lnet/minecraftforge/fml/event/lifecycle/FMLLoadCompleteEvent;
[12:46:19] [main/DEBUG]: Skipping Lnet/minecraftforge/fml/event/lifecycle/FMLFingerprintViolationEvent;
[12:46:19] [main/DEBUG]: Skipping Lnet/minecraftforge/fml/event/lifecycle/FMLDedicatedServerSetupEvent;
[12:46:19] [main/DEBUG]: Skipping Lnet/minecraftforge/fml/event/lifecycle/FMLConstructModEvent;
[12:46:19] [main/DEBUG]: Skipping Lnet/minecraftforge/fml/event/lifecycle/FMLCommonSetupEvent;
[12:46:19] [main/DEBUG]: Skipping Lnet/minecraftforge/fml/event/lifecycle/FMLClientSetupEvent;
[12:46:19] [main/DEBUG]: Skipping Lnet/minecraftforge/fml/config/ModConfig;
[12:46:19] [main/DEBUG]: Skipping Lnet/minecraftforge/fml/config/ModConfig$Type;
[12:46:19] [main/DEBUG]: Skipping Lnet/minecraftforge/fml/config/ModConfig$Reloading;
[12:46:19] [main/DEBUG]: Skipping Lnet/minecraftforge/fml/config/ModConfig$ModConfigEvent;
[12:46:19] [main/DEBUG]: Skipping Lnet/minecraftforge/fml/config/ModConfig$Loading;
[12:46:19] [main/DEBUG]: Skipping Lnet/minecraftforge/fml/config/ConfigTracker;
[12:46:19] [main/DEBUG]: Skipping Lnet/minecraftforge/fml/config/ConfigFileTypeHandler;
[12:46:19] [main/DEBUG]: Skipping Lnet/minecraftforge/fml/config/ConfigFileTypeHandler$ConfigWatcher;
[12:46:19] [main/DEBUG]: Skipping Lnet/minecraftforge/fml/config/ConfigFileTypeHandler$ConfigLoadingException;
[12:46:19] [main/DEBUG]: Skipping Lnet/minecraftforge/fml/common/thread/SidedThreadGroups;
[12:46:19] [main/DEBUG]: Skipping Lnet/minecraftforge/fml/common/thread/SidedThreadGroup;
[12:46:19] [main/DEBUG]: Skipping Lnet/minecraftforge/fml/common/thread/EffectiveSide;
[12:46:19] [main/DEBUG]: Skipping Lnet/minecraftforge/fml/common/registry/IEntityAdditionalSpawnData;
[12:46:19] [main/DEBUG]: Skipping Lnet/minecraftforge/fml/common/registry/GameRegistry;
[12:46:19] [main/DEBUG]: Skipping Lnet/minecraftforge/fml/common/network/PacketLoggingHandler;
[12:46:19] [main/DEBUG]: Skipping Lnet/minecraftforge/fml/common/network/PacketLoggingHandler$4;
[12:46:19] [main/DEBUG]: Skipping Lnet/minecraftforge/fml/common/network/PacketLoggingHandler$3;
[12:46:19] [main/DEBUG]: Skipping Lnet/minecraftforge/fml/common/network/PacketLoggingHandler$2;
[12:46:19] [main/DEBUG]: Skipping Lnet/minecraftforge/fml/common/network/PacketLoggingHandler$1;
[12:46:19] [main/DEBUG]: Skipping Lnet/minecraftforge/fml/common/network/ByteBufUtils;
[12:46:19] [main/DEBUG]: Skipping Lnet/minecraftforge/fml/common/ObfuscationReflectionHelper;
[12:46:19] [main/DEBUG]: Skipping Lnet/minecraftforge/fml/common/ObfuscationReflectionHelper$UnknownConstructorException;
[12:46:19] [main/DEBUG]: Skipping Lnet/minecraftforge/fml/common/ObfuscationReflectionHelper$UnableToFindMethodException;
[12:46:19] [main/DEBUG]: Skipping Lnet/minecraftforge/fml/common/ObfuscationReflectionHelper$UnableToFindFieldException;
[12:46:19] [main/DEBUG]: Skipping Lnet/minecraftforge/fml/common/ObfuscationReflectionHelper$UnableToAccessFieldException;
[12:46:19] [main/DEBUG]: Skipping Lnet/minecraftforge/fml/common/ObfuscationReflectionHelper$1;
[12:46:19] [main/DEBUG]: Skipping Lnet/minecraftforge/fml/common/Mod;
[12:46:19] [main/DEBUG]: Skipping Lnet/minecraftforge/fml/common/Mod$EventBusSubscriber;
[12:46:19] [main/DEBUG]: Skipping Lnet/minecraftforge/fml/common/Mod$EventBusSubscriber$Bus;
[12:46:19] [main/DEBUG]: Skipping Lnet/minecraftforge/fml/common/LoaderExceptionModCrash;
[12:46:19] [main/DEBUG]: Skipping Lnet/minecraftforge/fml/common/LoaderException;
[12:46:19] [main/DEBUG]: Skipping Lnet/minecraftforge/fml/common/ICrashCallable;
[12:46:19] [main/DEBUG]: Skipping Lnet/minecraftforge/fml/common/EnhancedRuntimeException;
[12:46:19] [main/DEBUG]: Skipping Lnet/minecraftforge/fml/common/EnhancedRuntimeException$WrappedPrintStream;
[12:46:19] [main/DEBUG]: Skipping Lnet/minecraftforge/fml/common/EnhancedRuntimeException$3;
[12:46:19] [main/DEBUG]: Skipping Lnet/minecraftforge/fml/common/EnhancedRuntimeException$2;
[12:46:19] [main/DEBUG]: Skipping Lnet/minecraftforge/fml/common/EnhancedRuntimeException$1;
[12:46:19] [main/DEBUG]: Skipping Lnet/minecraftforge/fml/common/CertificateHelper;
[12:46:19] [main/DEBUG]: Skipping Lnet/minecraftforge/fml/client/registry/RenderingRegistry;
[12:46:19] [main/DEBUG]: Skipping Lnet/minecraftforge/fml/client/registry/IRenderFactory;
[12:46:19] [main/DEBUG]: Skipping Lnet/minecraftforge/fml/client/registry/ClientRegistry;
[12:46:19] [main/DEBUG]: Skipping Lnet/minecraftforge/fml/client/gui/widget/UnicodeGlyphButton;
[12:46:19] [main/DEBUG]: Skipping Lnet/minecraftforge/fml/client/gui/widget/Slider;
[12:46:19] [main/DEBUG]: Skipping Lnet/minecraftforge/fml/client/gui/widget/Slider$ISlider;
[12:46:19] [main/DEBUG]: Skipping Lnet/minecraftforge/fml/client/gui/widget/ModListWidget;
[12:46:19] [main/DEBUG]: Skipping Lnet/minecraftforge/fml/client/gui/widget/ModListWidget$ModEntry;
[12:46:19] [main/DEBUG]: Skipping Lnet/minecraftforge/fml/client/gui/widget/ExtendedButton;
[12:46:19] [main/DEBUG]: Skipping Lnet/minecraftforge/fml/client/gui/screen/ModListScreen;
[12:46:19] [main/DEBUG]: Skipping Lnet/minecraftforge/fml/client/gui/screen/ModListScreen$SortType;
[12:46:19] [main/DEBUG]: Skipping Lnet/minecraftforge/fml/client/gui/screen/ModListScreen$SortType$2;
[12:46:19] [main/DEBUG]: Skipping Lnet/minecraftforge/fml/client/gui/screen/ModListScreen$SortType$1;
[12:46:19] [main/DEBUG]: Skipping Lnet/minecraftforge/fml/client/gui/screen/ModListScreen$InfoPanel;
[12:46:19] [main/DEBUG]: Skipping Lnet/minecraftforge/fml/client/gui/screen/ModListScreen$1;
[12:46:19] [main/DEBUG]: Skipping Lnet/minecraftforge/fml/client/gui/screen/LoadingErrorScreen;
[12:46:19] [main/DEBUG]: Skipping Lnet/minecraftforge/fml/client/gui/screen/LoadingErrorScreen$LoadingEntryList;
[12:46:19] [main/DEBUG]: Skipping Lnet/minecraftforge/fml/client/gui/screen/LoadingErrorScreen$LoadingEntryList$LoadingMessageEntry;
[12:46:19] [main/DEBUG]: Skipping Lnet/minecraftforge/fml/client/gui/GuiUtils;
[12:46:19] [main/DEBUG]: Skipping Lnet/minecraftforge/fml/client/ExtendedServerListData;
[12:46:19] [main/DEBUG]: Skipping Lnet/minecraftforge/fml/client/EarlyLoaderGUI;
[12:46:19] [main/DEBUG]: Skipping Lnet/minecraftforge/fml/client/ConfigGuiHandler;
[12:46:19] [main/DEBUG]: Skipping Lnet/minecraftforge/fml/client/ClientModLoader;
[12:46:19] [main/DEBUG]: Skipping Lnet/minecraftforge/fml/client/ClientModLoader$SpacedRunnable;
[12:46:19] [main/DEBUG]: Skipping Lnet/minecraftforge/fml/client/ClientModLoader$1;
[12:46:19] [main/DEBUG]: Skipping Lnet/minecraftforge/fml/client/ClientHooks;
[12:46:19] [main/DEBUG]: Skipping Lnet/minecraftforge/fml/WorldPersistenceHooks;
[12:46:19] [main/DEBUG]: Skipping Lnet/minecraftforge/fml/WorldPersistenceHooks$WorldPersistenceHook;
[12:46:19] [main/DEBUG]: Skipping Lnet/minecraftforge/fml/VersionChecker;
[12:46:19] [main/DEBUG]: Skipping Lnet/minecraftforge/fml/VersionChecker$Status;
[12:46:19] [main/DEBUG]: Skipping Lnet/minecraftforge/fml/VersionChecker$CheckResult;
[12:46:19] [main/DEBUG]: Skipping Lnet/minecraftforge/fml/VersionChecker$1;
[12:46:19] [main/DEBUG]: Skipping Lnet/minecraftforge/fml/TextComponentMessageFormatHandler;
[12:46:19] [main/DEBUG]: Skipping Lnet/minecraftforge/fml/StartupMessageManager;
[12:46:19] [main/DEBUG]: Skipping Lnet/minecraftforge/fml/RegistryObject;
[12:46:19] [main/DEBUG]: Skipping Lnet/minecraftforge/fml/RegistryObject$1;
[12:46:19] [main/DEBUG]: Skipping Lnet/minecraftforge/fml/OptionalMod;
[12:46:19] [main/DEBUG]: Skipping Lnet/minecraftforge/fml/ModWorkManager;
[12:46:19] [main/DEBUG]: Skipping Lnet/minecraftforge/fml/ModWorkManager$WrappingExecutor;
[12:46:19] [main/DEBUG]: Skipping Lnet/minecraftforge/fml/ModWorkManager$SyncExecutor;
[12:46:19] [main/DEBUG]: Skipping Lnet/minecraftforge/fml/ModWorkManager$DrivenExecutor;
[12:46:19] [main/DEBUG]: Skipping Lnet/minecraftforge/fml/ModWorkManager$1;
[12:46:19] [main/DEBUG]: Skipping Lnet/minecraftforge/fml/ModLoadingWarning;
[12:46:19] [main/DEBUG]: Skipping Lnet/minecraftforge/fml/ModLoadingStage;
[12:46:19] [main/DEBUG]: Skipping Lnet/minecraftforge/fml/ModLoadingStage$ThreadSelector;
[12:46:19] [main/DEBUG]: Skipping Lnet/minecraftforge/fml/ModLoadingStage$EventGenerator;
[12:46:19] [main/DEBUG]: Skipping Lnet/minecraftforge/fml/ModLoadingException;
[12:46:19] [main/DEBUG]: Skipping Lnet/minecraftforge/fml/ModLoadingContext;
[12:46:19] [main/DEBUG]: Skipping Lnet/minecraftforge/fml/ModLoader;
[12:46:19] [main/DEBUG]: Skipping Lnet/minecraftforge/fml/ModLoader$ErroredModContainer;
[12:46:19] [main/DEBUG]: Skipping Lnet/minecraftforge/fml/ModList;
[12:46:19] [main/DEBUG]: Skipping Lnet/minecraftforge/fml/ModList$UncaughtModLoadingException;
[12:46:19] [main/DEBUG]: Skipping Lnet/minecraftforge/fml/ModContainer;
[12:46:19] [main/DEBUG]: Skipping Lnet/minecraftforge/fml/MavenVersionStringHelper;
[12:46:20] [main/DEBUG]: Skipping Lnet/minecraftforge/fml/LogicalSidedProvider;
[12:46:20] [main/DEBUG]: Skipping Lnet/minecraftforge/fml/LogicalSide;
[12:46:20] [main/DEBUG]: Skipping Lnet/minecraftforge/fml/Logging;
[12:46:20] [main/DEBUG]: Skipping Lnet/minecraftforge/fml/LoadingFailedException;
[12:46:20] [main/DEBUG]: Skipping Lnet/minecraftforge/fml/InterModComms;
[12:46:20] [main/DEBUG]: Skipping Lnet/minecraftforge/fml/InterModComms$QueueFilteringSpliterator;
[12:46:20] [main/DEBUG]: Skipping Lnet/minecraftforge/fml/InterModComms$IMCMessage;
[12:46:20] [main/DEBUG]: Skipping Lnet/minecraftforge/fml/ForgeI18n;
[12:46:20] [main/DEBUG]: Skipping Lnet/minecraftforge/fml/ForgeI18n$CustomReadOnlyFormat;
[12:46:20] [main/DEBUG]: Skipping Lnet/minecraftforge/fml/FMLWorldPersistenceHook;
[12:46:20] [main/DEBUG]: Skipping Lnet/minecraftforge/fml/ExtensionPoint;
[12:46:20] [main/DEBUG]: Skipping Lnet/minecraftforge/fml/DistExecutor;
[12:46:20] [main/DEBUG]: Skipping Lnet/minecraftforge/fml/DistExecutor$SafeSupplier;
[12:46:20] [main/DEBUG]: Skipping Lnet/minecraftforge/fml/DistExecutor$SafeRunnable;
[12:46:20] [main/DEBUG]: Skipping Lnet/minecraftforge/fml/DistExecutor$SafeReferent;
[12:46:20] [main/DEBUG]: Skipping Lnet/minecraftforge/fml/DistExecutor$SafeCallable;
[12:46:20] [main/DEBUG]: Skipping Lnet/minecraftforge/fml/DistExecutor$1;
[12:46:20] [main/DEBUG]: Skipping Lnet/minecraftforge/fml/DeferredWorkQueue;
[12:46:20] [main/DEBUG]: Skipping Lnet/minecraftforge/fml/DeferredWorkQueue$TaskInfo;
[12:46:20] [main/DEBUG]: Skipping Lnet/minecraftforge/fml/DeferredWorkQueue$1;
[12:46:20] [main/DEBUG]: Skipping Lnet/minecraftforge/fml/DatagenModLoader;
[12:46:20] [main/DEBUG]: Skipping Lnet/minecraftforge/fml/CrashReportExtender;
[12:46:20] [main/DEBUG]: Skipping Lnet/minecraftforge/fml/CrashReportExtender$1;
[12:46:20] [main/DEBUG]: Skipping Lnet/minecraftforge/fml/BrandingControl;
[12:46:20] [main/DEBUG]: Skipping Lnet/minecraftforge/fml/AutomaticEventSubscriber;
[12:46:20] [main/DEBUG]: Skipping Lnet/minecraftforge/fluids/capability/wrappers/FluidBucketWrapper;
[12:46:20] [main/DEBUG]: Skipping Lnet/minecraftforge/fluids/capability/wrappers/FluidBlockWrapper;
[12:46:20] [main/DEBUG]: Skipping Lnet/minecraftforge/fluids/capability/wrappers/BucketPickupHandlerWrapper;
[12:46:20] [main/DEBUG]: Skipping Lnet/minecraftforge/fluids/capability/wrappers/BlockWrapper;
[12:46:20] [main/DEBUG]: Skipping Lnet/minecraftforge/fluids/capability/wrappers/BlockWrapper$LiquidContainerBlockWrapper;
[12:46:20] [main/DEBUG]: Skipping Lnet/minecraftforge/fluids/capability/templates/VoidFluidHandler;
[12:46:20] [main/DEBUG]: Skipping Lnet/minecraftforge/fluids/capability/templates/FluidTank;
[12:46:20] [main/DEBUG]: Skipping Lnet/minecraftforge/fluids/capability/templates/FluidHandlerItemStackSimple;
[12:46:20] [main/DEBUG]: Skipping Lnet/minecraftforge/fluids/capability/templates/FluidHandlerItemStackSimple$SwapEmpty;
[12:46:20] [main/DEBUG]: Skipping Lnet/minecraftforge/fluids/capability/templates/FluidHandlerItemStackSimple$Consumable;
[12:46:20] [main/DEBUG]: Skipping Lnet/minecraftforge/fluids/capability/templates/FluidHandlerItemStack;
[12:46:20] [main/DEBUG]: Skipping Lnet/minecraftforge/fluids/capability/templates/FluidHandlerItemStack$SwapEmpty;
[12:46:20] [main/DEBUG]: Skipping Lnet/minecraftforge/fluids/capability/templates/FluidHandlerItemStack$Consumable;
[12:46:20] [main/DEBUG]: Skipping Lnet/minecraftforge/fluids/capability/templates/EmptyFluidHandler;
[12:46:20] [main/DEBUG]: Skipping Lnet/minecraftforge/fluids/capability/TileFluidHandler;
[12:46:20] [main/DEBUG]: Skipping Lnet/minecraftforge/fluids/capability/ItemFluidContainer;
[12:46:20] [main/DEBUG]: Skipping Lnet/minecraftforge/fluids/capability/IFluidHandlerItem;
[12:46:20] [main/DEBUG]: Skipping Lnet/minecraftforge/fluids/capability/IFluidHandler;
[12:46:20] [main/DEBUG]: Skipping Lnet/minecraftforge/fluids/capability/IFluidHandler$FluidAction;
[12:46:20] [main/DEBUG]: Skipping Lnet/minecraftforge/fluids/capability/CapabilityFluidHandler;
[12:46:20] [main/DEBUG]: Skipping Lnet/minecraftforge/fluids/capability/CapabilityFluidHandler$DefaultFluidHandlerStorage;
[12:46:20] [main/DEBUG]: Skipping Lnet/minecraftforge/fluids/capability/CapabilityFluidHandler$1;
[12:46:20] [main/DEBUG]: Skipping Lnet/minecraftforge/fluids/IFluidTank;
[12:46:20] [main/DEBUG]: Skipping Lnet/minecraftforge/fluids/IFluidBlock;
[12:46:20] [main/DEBUG]: Skipping Lnet/minecraftforge/fluids/ForgeFlowingFluid;
[12:46:20] [main/DEBUG]: Skipping Lnet/minecraftforge/fluids/ForgeFlowingFluid$Source;
[12:46:20] [main/DEBUG]: Skipping Lnet/minecraftforge/fluids/ForgeFlowingFluid$Properties;
[12:46:20] [main/DEBUG]: Skipping Lnet/minecraftforge/fluids/ForgeFlowingFluid$Flowing;
[12:46:20] [main/DEBUG]: Skipping Lnet/minecraftforge/fluids/FluidUtil;
[12:46:20] [main/DEBUG]: Skipping Lnet/minecraftforge/fluids/FluidStack;
[12:46:20] [main/DEBUG]: Skipping Lnet/minecraftforge/fluids/FluidAttributes;
[12:46:20] [main/DEBUG]: Skipping Lnet/minecraftforge/fluids/FluidAttributes$Water;
[12:46:20] [main/DEBUG]: Skipping Lnet/minecraftforge/fluids/FluidAttributes$Builder;
[12:46:20] [main/DEBUG]: Skipping Lnet/minecraftforge/fluids/FluidActionResult;
[12:46:20] [main/DEBUG]: Skipping Lnet/minecraftforge/fluids/DispenseFluidContainer;
[12:46:20] [main/DEBUG]: Skipping Lnet/minecraftforge/event/world/WorldEvent;
[12:46:20] [main/DEBUG]: Skipping Lnet/minecraftforge/event/world/WorldEvent$Unload;
[12:46:20] [main/DEBUG]: Skipping Lnet/minecraftforge/event/world/WorldEvent$Save;
[12:46:20] [main/DEBUG]: Skipping Lnet/minecraftforge/event/world/WorldEvent$PotentialSpawns;
[12:46:20] [main/DEBUG]: Skipping Lnet/minecraftforge/event/world/WorldEvent$Load;
[12:46:20] [main/DEBUG]: Skipping Lnet/minecraftforge/event/world/WorldEvent$CreateSpawnPosition;
[12:46:20] [main/DEBUG]: Skipping Lnet/minecraftforge/event/world/StructureSpawnListGatherEvent;
[12:46:20] [main/DEBUG]: Skipping Lnet/minecraftforge/event/world/SleepFinishedTimeEvent;
[12:46:20] [main/DEBUG]: Skipping Lnet/minecraftforge/event/world/SaplingGrowTreeEvent;
[12:46:20] [main/DEBUG]: Skipping Lnet/minecraftforge/event/world/PistonEvent;
[12:46:20] [main/DEBUG]: Skipping Lnet/minecraftforge/event/world/PistonEvent$Pre;
[12:46:20] [main/DEBUG]: Skipping Lnet/minecraftforge/event/world/PistonEvent$Post;
[12:46:20] [main/DEBUG]: Skipping Lnet/minecraftforge/event/world/PistonEvent$PistonMoveType;
[12:46:20] [main/DEBUG]: Skipping Lnet/minecraftforge/event/world/NoteBlockEvent;
[12:46:20] [main/DEBUG]: Skipping Lnet/minecraftforge/event/world/NoteBlockEvent$Play;
[12:46:20] [main/DEBUG]: Skipping Lnet/minecraftforge/event/world/NoteBlockEvent$Octave;
[12:46:20] [main/DEBUG]: Skipping Lnet/minecraftforge/event/world/NoteBlockEvent$Note;
[12:46:20] [main/DEBUG]: Skipping Lnet/minecraftforge/event/world/NoteBlockEvent$Change;
[12:46:20] [main/DEBUG]: Skipping Lnet/minecraftforge/event/world/ExplosionEvent;
[12:46:20] [main/DEBUG]: Skipping Lnet/minecraftforge/event/world/ExplosionEvent$Start;
[12:46:20] [main/DEBUG]: Skipping Lnet/minecraftforge/event/world/ExplosionEvent$Detonate;
[12:46:20] [main/DEBUG]: Skipping Lnet/minecraftforge/event/world/ChunkWatchEvent;
[12:46:20] [main/DEBUG]: Skipping Lnet/minecraftforge/event/world/ChunkWatchEvent$Watch;
[12:46:20] [main/DEBUG]: Skipping Lnet/minecraftforge/event/world/ChunkWatchEvent$UnWatch;
[12:46:20] [main/DEBUG]: Skipping Lnet/minecraftforge/event/world/ChunkEvent;
[12:46:20] [main/DEBUG]: Skipping Lnet/minecraftforge/event/world/ChunkEvent$Unload;
[12:46:20] [main/DEBUG]: Skipping Lnet/minecraftforge/event/world/ChunkEvent$Load;
[12:46:20] [main/DEBUG]: Skipping Lnet/minecraftforge/event/world/ChunkDataEvent;
[12:46:20] [main/DEBUG]: Skipping Lnet/minecraftforge/event/world/ChunkDataEvent$Save;
[12:46:20] [main/DEBUG]: Skipping Lnet/minecraftforge/event/world/ChunkDataEvent$Load;
[12:46:20] [main/DEBUG]: Skipping Lnet/minecraftforge/event/world/BlockEvent;
[12:46:20] [main/DEBUG]: Skipping Lnet/minecraftforge/event/world/BlockEvent$PortalSpawnEvent;
[12:46:20] [main/DEBUG]: Skipping Lnet/minecraftforge/event/world/BlockEvent$NeighborNotifyEvent;
[12:46:20] [main/DEBUG]: Skipping Lnet/minecraftforge/event/world/BlockEvent$FluidPlaceBlockEvent;
[12:46:20] [main/DEBUG]: Skipping Lnet/minecraftforge/event/world/BlockEvent$FarmlandTrampleEvent;
[12:46:20] [main/DEBUG]: Skipping Lnet/minecraftforge/event/world/BlockEvent$EntityPlaceEvent;
[12:46:20] [main/DEBUG]: Skipping Lnet/minecraftforge/event/world/BlockEvent$EntityMultiPlaceEvent;
[12:46:20] [main/DEBUG]: Skipping Lnet/minecraftforge/event/world/BlockEvent$CropGrowEvent;
[12:46:20] [main/DEBUG]: Skipping Lnet/minecraftforge/event/world/BlockEvent$CropGrowEvent$Pre;
[12:46:20] [main/DEBUG]: Skipping Lnet/minecraftforge/event/world/BlockEvent$CropGrowEvent$Post;
[12:46:20] [main/DEBUG]: Skipping Lnet/minecraftforge/event/world/BlockEvent$CreateFluidSourceEvent;
[12:46:20] [main/DEBUG]: Skipping Lnet/minecraftforge/event/world/BlockEvent$BreakEvent;
[12:46:20] [main/DEBUG]: Skipping Lnet/minecraftforge/event/world/BlockEvent$BlockToolInteractEvent;
[12:46:20] [main/DEBUG]: Skipping Lnet/minecraftforge/event/world/BiomeLoadingEvent;
[12:46:20] [main/DEBUG]: Skipping Lnet/minecraftforge/event/village/WandererTradesEvent;
[12:46:20] [main/DEBUG]: Skipping Lnet/minecraftforge/event/village/VillagerTradesEvent;
[12:46:20] [main/DEBUG]: Skipping Lnet/minecraftforge/event/village/VillageSiegeEvent;
[12:46:20] [main/DEBUG]: Skipping Lnet/minecraftforge/event/furnace/FurnaceFuelBurnTimeEvent;
[12:46:20] [main/DEBUG]: Skipping Lnet/minecraftforge/event/entity/player/UseHoeEvent;
[12:46:20] [main/DEBUG]: Skipping Lnet/minecraftforge/event/entity/player/SleepingTimeCheckEvent;
[12:46:20] [main/DEBUG]: Skipping Lnet/minecraftforge/event/entity/player/SleepingLocationCheckEvent;
[12:46:20] [main/DEBUG]: Skipping Lnet/minecraftforge/event/entity/player/PlayerXpEvent;
[12:46:20] [main/DEBUG]: Skipping Lnet/minecraftforge/event/entity/player/PlayerXpEvent$XpChange;
[12:46:20] [main/DEBUG]: Skipping Lnet/minecraftforge/event/entity/player/PlayerXpEvent$PickupXp;
[12:46:20] [main/DEBUG]: Skipping Lnet/minecraftforge/event/entity/player/PlayerXpEvent$LevelChange;
[12:46:20] [main/DEBUG]: Skipping Lnet/minecraftforge/event/entity/player/PlayerWakeUpEvent;
[12:46:20] [main/DEBUG]: Skipping Lnet/minecraftforge/event/entity/player/PlayerSleepInBedEvent;
[12:46:20] [main/DEBUG]: Skipping Lnet/minecraftforge/event/entity/player/PlayerSetSpawnEvent;
[12:46:20] [main/DEBUG]: Skipping Lnet/minecraftforge/event/entity/player/PlayerInteractEvent;
[12:46:20] [main/DEBUG]: Skipping Lnet/minecraftforge/event/entity/player/PlayerInteractEvent$RightClickItem;
[12:46:20] [main/DEBUG]: Skipping Lnet/minecraftforge/event/entity/player/PlayerInteractEvent$RightClickEmpty;
[12:46:20] [main/DEBUG]: Skipping Lnet/minecraftforge/event/entity/player/PlayerInteractEvent$RightClickBlock;
[12:46:20] [main/DEBUG]: Skipping Lnet/minecraftforge/event/entity/player/PlayerInteractEvent$LeftClickEmpty;
[12:46:20] [main/DEBUG]: Skipping Lnet/minecraftforge/event/entity/player/PlayerInteractEvent$LeftClickBlock;
[12:46:20] [main/DEBUG]: Skipping Lnet/minecraftforge/event/entity/player/PlayerInteractEvent$EntityInteractSpecific;
[12:46:20] [main/DEBUG]: Skipping Lnet/minecraftforge/event/entity/player/PlayerInteractEvent$EntityInteract;
[12:46:20] [main/DEBUG]: Skipping Lnet/minecraftforge/event/entity/player/PlayerInteractEvent$1;
[12:46:20] [main/DEBUG]: Skipping Lnet/minecraftforge/event/entity/player/PlayerFlyableFallEvent;
[12:46:20] [main/DEBUG]: Skipping Lnet/minecraftforge/event/entity/player/PlayerEvent;
[12:46:20] [main/DEBUG]: Skipping Lnet/minecraftforge/event/entity/player/PlayerEvent$Visibility;
[12:46:20] [main/DEBUG]: Skipping Lnet/minecraftforge/event/entity/player/PlayerEvent$TabListNameFormat;
[12:46:20] [main/DEBUG]: Skipping Lnet/minecraftforge/event/entity/player/PlayerEvent$StopTracking;
[12:46:20] [main/DEBUG]: Skipping Lnet/minecraftforge/event/entity/player/PlayerEvent$StartTracking;
[12:46:20] [main/DEBUG]: Skipping Lnet/minecraftforge/event/entity/player/PlayerEvent$SaveToFile;
[12:46:20] [main/DEBUG]: Skipping Lnet/minecraftforge/event/entity/player/PlayerEvent$PlayerRespawnEvent;
[12:46:20] [main/DEBUG]: Skipping Lnet/minecraftforge/event/entity/player/PlayerEvent$PlayerLoggedOutEvent;
[12:46:20] [main/DEBUG]: Skipping Lnet/minecraftforge/event/entity/player/PlayerEvent$PlayerLoggedInEvent;
[12:46:20] [main/DEBUG]: Skipping Lnet/minecraftforge/event/entity/player/PlayerEvent$PlayerChangedDimensionEvent;
[12:46:20] [main/DEBUG]: Skipping Lnet/minecraftforge/event/entity/player/PlayerEvent$PlayerChangeGameModeEvent;
[12:46:20] [main/DEBUG]: Skipping Lnet/minecraftforge/event/entity/player/PlayerEvent$NameFormat;
[12:46:20] [main/DEBUG]: Skipping Lnet/minecraftforge/event/entity/player/PlayerEvent$LoadFromFile;
[12:46:20] [main/DEBUG]: Skipping Lnet/minecraftforge/event/entity/player/PlayerEvent$ItemSmeltedEvent;
[12:46:20] [main/DEBUG]: Skipping Lnet/minecraftforge/event/entity/player/PlayerEvent$ItemPickupEvent;
[12:46:20] [main/DEBUG]: Skipping Lnet/minecraftforge/event/entity/player/PlayerEvent$ItemCraftedEvent;
[12:46:20] [main/DEBUG]: Skipping Lnet/minecraftforge/event/entity/player/PlayerEvent$HarvestCheck;
[12:46:20] [main/DEBUG]: Skipping Lnet/minecraftforge/event/entity/player/PlayerEvent$Clone;
[12:46:20] [main/DEBUG]: Skipping Lnet/minecraftforge/event/entity/player/PlayerEvent$BreakSpeed;
[12:46:20] [main/DEBUG]: Skipping Lnet/minecraftforge/event/entity/player/PlayerDestroyItemEvent;
[12:46:20] [main/DEBUG]: Skipping Lnet/minecraftforge/event/entity/player/PlayerContainerEvent;
[12:46:20] [main/DEBUG]: Skipping Lnet/minecraftforge/event/entity/player/PlayerContainerEvent$Open;
[12:46:20] [main/DEBUG]: Skipping Lnet/minecraftforge/event/entity/player/PlayerContainerEvent$Close;
[12:46:20] [main/DEBUG]: Skipping Lnet/minecraftforge/event/entity/player/ItemTooltipEvent;
[12:46:20] [main/DEBUG]: Skipping Lnet/minecraftforge/event/entity/player/ItemFishedEvent;
[12:46:20] [main/DEBUG]: Skipping Lnet/minecraftforge/event/entity/player/FillBucketEvent;
[12:46:20] [main/DEBUG]: Skipping Lnet/minecraftforge/event/entity/player/EntityItemPickupEvent;
[12:46:20] [main/DEBUG]: Skipping Lnet/minecraftforge/event/entity/player/CriticalHitEvent;
[12:46:20] [main/DEBUG]: Skipping Lnet/minecraftforge/event/entity/player/BonemealEvent;
[12:46:20] [main/DEBUG]: Skipping Lnet/minecraftforge/event/entity/player/AttackEntityEvent;
[12:46:20] [main/DEBUG]: Skipping Lnet/minecraftforge/event/entity/player/ArrowNockEvent;
[12:46:20] [main/DEBUG]: Skipping Lnet/minecraftforge/event/entity/player/ArrowLooseEvent;
[12:46:20] [main/DEBUG]: Skipping Lnet/minecraftforge/event/entity/player/AnvilRepairEvent;
[12:46:20] [main/DEBUG]: Skipping Lnet/minecraftforge/event/entity/player/AdvancementEvent;
[12:46:20] [main/DEBUG]: Skipping Lnet/minecraftforge/event/entity/living/ZombieEvent;
[12:46:20] [main/DEBUG]: Skipping Lnet/minecraftforge/event/entity/living/ZombieEvent$SummonAidEvent;
[12:46:20] [main/DEBUG]: Skipping Lnet/minecraftforge/event/entity/living/PotionEvent;
[12:46:20] [main/DEBUG]: Skipping Lnet/minecraftforge/event/entity/living/PotionEvent$PotionRemoveEvent;
[12:46:20] [main/DEBUG]: Skipping Lnet/minecraftforge/event/entity/living/PotionEvent$PotionExpiryEvent;
[12:46:20] [main/DEBUG]: Skipping Lnet/minecraftforge/event/entity/living/PotionEvent$PotionApplicableEvent;
[12:46:20] [main/DEBUG]: Skipping Lnet/minecraftforge/event/entity/living/PotionEvent$PotionAddedEvent;
[12:46:20] [main/DEBUG]: Skipping Lnet/minecraftforge/event/entity/living/PotionColorCalculationEvent;
[12:46:20] [main/DEBUG]: Skipping Lnet/minecraftforge/event/entity/living/LootingLevelEvent;
[12:46:20] [main/DEBUG]: Skipping Lnet/minecraftforge/event/entity/living/LivingSpawnEvent;
[12:46:20] [main/DEBUG]: Skipping Lnet/minecraftforge/event/entity/living/LivingSpawnEvent$SpecialSpawn;
[12:46:20] [main/DEBUG]: Skipping Lnet/minecraftforge/event/entity/living/LivingSpawnEvent$CheckSpawn;
[12:46:20] [main/DEBUG]: Skipping Lnet/minecraftforge/event/entity/living/LivingSpawnEvent$AllowDespawn;
[12:46:20] [main/DEBUG]: Skipping Lnet/minecraftforge/event/entity/living/LivingSetAttackTargetEvent;
[12:46:20] [main/DEBUG]: Skipping Lnet/minecraftforge/event/entity/living/LivingPackSizeEvent;
[12:46:20] [main/DEBUG]: Skipping Lnet/minecraftforge/event/entity/living/LivingKnockBackEvent;
[12:46:20] [main/DEBUG]: Skipping Lnet/minecraftforge/event/entity/living/LivingHurtEvent;
[12:46:20] [main/DEBUG]: Skipping Lnet/minecraftforge/event/entity/living/LivingHealEvent;
[12:46:20] [main/DEBUG]: Skipping Lnet/minecraftforge/event/entity/living/LivingFallEvent;
[12:46:20] [main/DEBUG]: Skipping Lnet/minecraftforge/event/entity/living/LivingExperienceDropEvent;
[12:46:20] [main/DEBUG]: Skipping Lnet/minecraftforge/event/entity/living/LivingEvent;
[12:46:20] [main/DEBUG]: Skipping Lnet/minecraftforge/event/entity/living/LivingEvent$LivingVisibilityEvent;
[12:46:20] [main/DEBUG]: Skipping Lnet/minecraftforge/event/entity/living/LivingEvent$LivingUpdateEvent;
[12:46:20] [main/DEBUG]: Skipping Lnet/minecraftforge/event/entity/living/LivingEvent$LivingJumpEvent;
[12:46:20] [main/DEBUG]: Skipping Lnet/minecraftforge/event/entity/living/LivingEquipmentChangeEvent;
[12:46:20] [main/DEBUG]: Skipping Lnet/minecraftforge/event/entity/living/LivingEntityUseItemEvent;
[12:46:20] [main/DEBUG]: Skipping Lnet/minecraftforge/event/entity/living/LivingEntityUseItemEvent$Tick;
[12:46:20] [main/DEBUG]: Skipping Lnet/minecraftforge/event/entity/living/LivingEntityUseItemEvent$Stop;
[12:46:20] [main/DEBUG]: Skipping Lnet/minecraftforge/event/entity/living/LivingEntityUseItemEvent$Start;
[12:46:20] [main/DEBUG]: Skipping Lnet/minecraftforge/event/entity/living/LivingEntityUseItemEvent$Finish;
[12:46:20] [main/DEBUG]: Skipping Lnet/minecraftforge/event/entity/living/LivingEntityUseItemEvent$1;
[12:46:20] [main/DEBUG]: Skipping Lnet/minecraftforge/event/entity/living/LivingDropsEvent;
[12:46:20] [main/DEBUG]: Skipping Lnet/minecraftforge/event/entity/living/LivingDestroyBlockEvent;
[12:46:20] [main/DEBUG]: Skipping Lnet/minecraftforge/event/entity/living/LivingDeathEvent;
[12:46:20] [main/DEBUG]: Skipping Lnet/minecraftforge/event/entity/living/LivingDamageEvent;
[12:46:20] [main/DEBUG]: Skipping Lnet/minecraftforge/event/entity/living/LivingConversionEvent;
[12:46:20] [main/DEBUG]: Skipping Lnet/minecraftforge/event/entity/living/LivingConversionEvent$Pre;
[12:46:20] [main/DEBUG]: Skipping Lnet/minecraftforge/event/entity/living/LivingConversionEvent$Post;
[12:46:20] [main/DEBUG]: Skipping Lnet/minecraftforge/event/entity/living/LivingAttackEvent;
[12:46:20] [main/DEBUG]: Skipping Lnet/minecraftforge/event/entity/living/EntityTeleportEvent;
[12:46:20] [main/DEBUG]: Skipping Lnet/minecraftforge/event/entity/living/EntityTeleportEvent$TeleportCommand;
[12:46:20] [main/DEBUG]: Skipping Lnet/minecraftforge/event/entity/living/EntityTeleportEvent$SpreadPlayersCommand;
[12:46:20] [main/DEBUG]: Skipping Lnet/minecraftforge/event/entity/living/EntityTeleportEvent$EnderPearl;
[12:46:20] [main/DEBUG]: Skipping Lnet/minecraftforge/event/entity/living/EntityTeleportEvent$EnderEntity;
[12:46:20] [main/DEBUG]: Skipping Lnet/minecraftforge/event/entity/living/EntityTeleportEvent$ChorusFruit;
[12:46:20] [main/DEBUG]: Skipping Lnet/minecraftforge/event/entity/living/EnderTeleportEvent;
[12:46:20] [main/DEBUG]: Skipping Lnet/minecraftforge/event/entity/living/BabyEntitySpawnEvent;
[12:46:20] [main/DEBUG]: Skipping Lnet/minecraftforge/event/entity/living/AnimalTameEvent;
[12:46:20] [main/DEBUG]: Skipping Lnet/minecraftforge/event/entity/item/ItemTossEvent;
[12:46:20] [main/DEBUG]: Skipping Lnet/minecraftforge/event/entity/item/ItemExpireEvent;
[12:46:20] [main/DEBUG]: Skipping Lnet/minecraftforge/event/entity/item/ItemEvent;
[12:46:20] [main/DEBUG]: Skipping Lnet/minecraftforge/event/entity/ProjectileImpactEvent;
[12:46:20] [main/DEBUG]: Skipping Lnet/minecraftforge/event/entity/ProjectileImpactEvent$Throwable;
[12:46:20] [main/DEBUG]: Skipping Lnet/minecraftforge/event/entity/ProjectileImpactEvent$FishingBobber;
[12:46:20] [main/DEBUG]: Skipping Lnet/minecraftforge/event/entity/ProjectileImpactEvent$FireworkRocket;
[12:46:20] [main/DEBUG]: Skipping Lnet/minecraftforge/event/entity/ProjectileImpactEvent$Fireball;
[12:46:20] [main/DEBUG]: Skipping Lnet/minecraftforge/event/entity/ProjectileImpactEvent$Arrow;
[12:46:20] [main/DEBUG]: Skipping Lnet/minecraftforge/event/entity/PlaySoundAtEntityEvent;
[12:46:20] [main/DEBUG]: Skipping Lnet/minecraftforge/event/entity/EntityTravelToDimensionEvent;
[12:46:20] [main/DEBUG]: Skipping Lnet/minecraftforge/event/entity/EntityStruckByLightningEvent;
[12:46:20] [main/DEBUG]: Skipping Lnet/minecraftforge/event/entity/EntityMountEvent;
[12:46:20] [main/DEBUG]: Skipping Lnet/minecraftforge/event/entity/EntityMobGriefingEvent;
[12:46:20] [main/DEBUG]: Skipping Lnet/minecraftforge/event/entity/EntityLeaveWorldEvent;
[12:46:20] [main/DEBUG]: Skipping Lnet/minecraftforge/event/entity/EntityJoinWorldEvent;
[12:46:20] [main/DEBUG]: Skipping Lnet/minecraftforge/event/entity/EntityEvent;
[12:46:20] [main/DEBUG]: Skipping Lnet/minecraftforge/event/entity/EntityEvent$Size;
[12:46:20] [main/DEBUG]: Skipping Lnet/minecraftforge/event/entity/EntityEvent$EntityConstructing;
[12:46:20] [main/DEBUG]: Skipping Lnet/minecraftforge/event/entity/EntityEvent$EnteringChunk;
[12:46:20] [main/DEBUG]: Skipping Lnet/minecraftforge/event/entity/EntityEvent$CanUpdate;
[12:46:20] [main/DEBUG]: Skipping Lnet/minecraftforge/event/entity/EntityAttributeModificationEvent;
[12:46:20] [main/DEBUG]: Skipping Lnet/minecraftforge/event/entity/EntityAttributeCreationEvent;
[12:46:20] [main/DEBUG]: Skipping Lnet/minecraftforge/event/enchanting/EnchantmentLevelSetEvent;
[12:46:20] [main/DEBUG]: Skipping Lnet/minecraftforge/event/brewing/PotionBrewEvent;
[12:46:20] [main/DEBUG]: Skipping Lnet/minecraftforge/event/brewing/PotionBrewEvent$Pre;
[12:46:20] [main/DEBUG]: Skipping Lnet/minecraftforge/event/brewing/PotionBrewEvent$Post;
[12:46:20] [main/DEBUG]: Skipping Lnet/minecraftforge/event/brewing/PlayerBrewedPotionEvent;
[12:46:20] [main/DEBUG]: Skipping Lnet/minecraftforge/event/TickEvent;
[12:46:20] [main/DEBUG]: Skipping Lnet/minecraftforge/event/TickEvent$WorldTickEvent;
[12:46:20] [main/DEBUG]: Skipping Lnet/minecraftforge/event/TickEvent$Type;
[12:46:20] [main/DEBUG]: Skipping Lnet/minecraftforge/event/TickEvent$ServerTickEvent;
[12:46:20] [main/DEBUG]: Skipping Lnet/minecraftforge/event/TickEvent$RenderTickEvent;
[12:46:20] [main/DEBUG]: Skipping Lnet/minecraftforge/event/TickEvent$PlayerTickEvent;
[12:46:20] [main/DEBUG]: Skipping Lnet/minecraftforge/event/TickEvent$Phase;
[12:46:20] [main/DEBUG]: Skipping Lnet/minecraftforge/event/TickEvent$ClientTickEvent;
[12:46:20] [main/DEBUG]: Skipping Lnet/minecraftforge/event/TagsUpdatedEvent;
[12:46:20] [main/DEBUG]: Skipping Lnet/minecraftforge/event/TagsUpdatedEvent$VanillaTagTypes;
[12:46:20] [main/DEBUG]: Skipping Lnet/minecraftforge/event/TagsUpdatedEvent$CustomTagTypes;
[12:46:20] [main/DEBUG]: Skipping Lnet/minecraftforge/event/ServerChatEvent;
[12:46:20] [main/DEBUG]: Skipping Lnet/minecraftforge/event/RegistryEvent;
[12:46:20] [main/DEBUG]: Skipping Lnet/minecraftforge/event/RegistryEvent$Register;
[12:46:20] [main/DEBUG]: Skipping Lnet/minecraftforge/event/RegistryEvent$NewRegistry;
[12:46:20] [main/DEBUG]: Skipping Lnet/minecraftforge/event/RegistryEvent$MissingMappings;
[12:46:20] [main/DEBUG]: Skipping Lnet/minecraftforge/event/RegistryEvent$MissingMappings$Mapping;
[12:46:20] [main/DEBUG]: Skipping Lnet/minecraftforge/event/RegistryEvent$MissingMappings$Action;
[12:46:20] [main/DEBUG]: Skipping Lnet/minecraftforge/event/RegisterCommandsEvent;
[12:46:20] [main/DEBUG]: Skipping Lnet/minecraftforge/event/OnDatapackSyncEvent;
[12:46:20] [main/DEBUG]: Skipping Lnet/minecraftforge/event/LootTableLoadEvent;
[12:46:20] [main/DEBUG]: Skipping Lnet/minecraftforge/event/ItemAttributeModifierEvent;
[12:46:20] [main/DEBUG]: Skipping Lnet/minecraftforge/event/ForgeEventFactory;
[12:46:20] [main/DEBUG]: Skipping Lnet/minecraftforge/event/DifficultyChangeEvent;
[12:46:20] [main/DEBUG]: Skipping Lnet/minecraftforge/event/CommandEvent;
[12:46:20] [main/DEBUG]: Skipping Lnet/minecraftforge/event/AttachCapabilitiesEvent;
[12:46:20] [main/DEBUG]: Skipping Lnet/minecraftforge/event/AnvilUpdateEvent;
[12:46:20] [main/DEBUG]: Skipping Lnet/minecraftforge/event/AddReloadListenerEvent;
[12:46:20] [main/DEBUG]: Skipping Lnet/minecraftforge/event/AddReloadListenerEvent$WrappedStateAwareListener;
[12:46:20] [main/DEBUG]: Skipping Lnet/minecraftforge/event/AddReloadListenerEvent$1;
[12:46:20] [main/DEBUG]: Skipping Lnet/minecraftforge/entity/PartEntity;
[12:46:20] [main/DEBUG]: Skipping Lnet/minecraftforge/energy/IEnergyStorage;
[12:46:20] [main/DEBUG]: Skipping Lnet/minecraftforge/energy/EnergyStorage;
[12:46:20] [main/DEBUG]: Skipping Lnet/minecraftforge/energy/CapabilityEnergy;
[12:46:20] [main/DEBUG]: Skipping Lnet/minecraftforge/energy/CapabilityEnergy$1;
[12:46:20] [main/DEBUG]: Skipping Lnet/minecraftforge/common/world/StructureSpawnManager;
[12:46:20] [main/DEBUG]: Skipping Lnet/minecraftforge/common/world/StructureSpawnManager$StructureSpawnInfo;
[12:46:20] [main/DEBUG]: Skipping Lnet/minecraftforge/common/world/StructureSpawnManager$1;
[12:46:20] [main/DEBUG]: Skipping Lnet/minecraftforge/common/world/MobSpawnInfoBuilder;
[12:46:20] [main/DEBUG]: Skipping Lnet/minecraftforge/common/world/ForgeWorldType;
[12:46:20] [main/DEBUG]: Skipping Lnet/minecraftforge/common/world/ForgeWorldType$IChunkGeneratorFactory;
[12:46:20] [main/DEBUG]: Skipping Lnet/minecraftforge/common/world/ForgeWorldType$IBasicChunkGeneratorFactory;
[12:46:20] [main/DEBUG]: Skipping Lnet/minecraftforge/common/world/ForgeChunkManager;
[12:46:20] [main/DEBUG]: Skipping Lnet/minecraftforge/common/world/ForgeChunkManager$TicketTracker;
[12:46:20] [main/DEBUG]: Skipping Lnet/minecraftforge/common/world/ForgeChunkManager$TicketOwner;
[12:46:20] [main/DEBUG]: Skipping Lnet/minecraftforge/common/world/ForgeChunkManager$TicketHelper;
[12:46:20] [main/DEBUG]: Skipping Lnet/minecraftforge/common/world/ForgeChunkManager$LoadingValidationCallback;
[12:46:20] [main/DEBUG]: Skipping Lnet/minecraftforge/common/world/ForgeChunkManager$1;
[12:46:20] [main/DEBUG]: Skipping Lnet/minecraftforge/common/world/BiomeGenerationSettingsBuilder;
[12:46:20] [main/DEBUG]: Skipping Lnet/minecraftforge/common/util/WorldCapabilityData;
[12:46:20] [main/DEBUG]: Skipping Lnet/minecraftforge/common/util/TriPredicate;
[12:46:20] [main/DEBUG]: Skipping Lnet/minecraftforge/common/util/TextTable;
[12:46:20] [main/DEBUG]: Skipping Lnet/minecraftforge/common/util/TextTable$Row;
[12:46:20] [main/DEBUG]: Skipping Lnet/minecraftforge/common/util/TextTable$Column;
[12:46:20] [main/DEBUG]: Skipping Lnet/minecraftforge/common/util/TextTable$Alignment;
[12:46:20] [main/DEBUG]: Skipping Lnet/minecraftforge/common/util/TextTable$1;
[12:46:20] [main/DEBUG]: Skipping Lnet/minecraftforge/common/util/TablePrinter;
[12:46:20] [main/DEBUG]: Skipping Lnet/minecraftforge/common/util/TablePrinter$Header;
[12:46:20] [main/DEBUG]: Skipping Lnet/minecraftforge/common/util/TablePrinter$1;
[12:46:20] [main/DEBUG]: Skipping Lnet/minecraftforge/common/util/SortedProperties;
[12:46:20] [main/DEBUG]: Skipping Lnet/minecraftforge/common/util/Size2i;
[12:46:20] [main/DEBUG]: Skipping Lnet/minecraftforge/common/util/ReverseTagWrapper;
[12:46:20] [main/DEBUG]: Skipping Lnet/minecraftforge/common/util/RecipeMatcher;
[12:46:20] [main/DEBUG]: Skipping Lnet/minecraftforge/common/util/NonNullSupplier;
[12:46:20] [main/DEBUG]: Skipping Lnet/minecraftforge/common/util/NonNullPredicate;
[12:46:20] [main/DEBUG]: Skipping Lnet/minecraftforge/common/util/NonNullLazy;
[12:46:20] [main/DEBUG]: Skipping Lnet/minecraftforge/common/util/NonNullFunction;
[12:46:20] [main/DEBUG]: Skipping Lnet/minecraftforge/common/util/NonNullConsumer;
[12:46:20] [main/DEBUG]: Skipping Lnet/minecraftforge/common/util/LazyOptional;
[12:46:20] [main/DEBUG]: Skipping Lnet/minecraftforge/common/util/Lazy;
[12:46:20] [main/DEBUG]: Skipping Lnet/minecraftforge/common/util/Lazy$Fast;
[12:46:20] [main/DEBUG]: Skipping Lnet/minecraftforge/common/util/Lazy$Concurrent;
[12:46:20] [main/DEBUG]: Skipping Lnet/minecraftforge/common/util/Lazy$1;
[12:46:20] [main/DEBUG]: Skipping Lnet/minecraftforge/common/util/JsonUtils;
[12:46:20] [main/DEBUG]: Skipping Lnet/minecraftforge/common/util/JsonUtils$ImmutableMapTypeAdapter;
[12:46:20] [main/DEBUG]: Skipping Lnet/minecraftforge/common/util/JsonUtils$ImmutableListTypeAdapter;
[12:46:20] [main/DEBUG]: Skipping Lnet/minecraftforge/common/util/JsonUtils$4;
[12:46:20] [main/DEBUG]: Skipping Lnet/minecraftforge/common/util/JsonUtils$3;
[12:46:20] [main/DEBUG]: Skipping Lnet/minecraftforge/common/util/JsonUtils$2;
[12:46:20] [main/DEBUG]: Skipping Lnet/minecraftforge/common/util/JsonUtils$1;
[12:46:20] [main/DEBUG]: Skipping Lnet/minecraftforge/common/util/ITeleporter;
[12:46:20] [main/DEBUG]: Skipping Lnet/minecraftforge/common/util/INBTSerializable;
[12:46:20] [main/DEBUG]: Skipping Lnet/minecraftforge/common/util/HexDumper;
[12:46:20] [main/DEBUG]: Skipping Lnet/minecraftforge/common/util/HexDumper$Instance;
[12:46:20] [main/DEBUG]: Skipping Lnet/minecraftforge/common/util/HexDumper$1;
[12:46:20] [main/DEBUG]: Skipping Lnet/minecraftforge/common/util/ForgeSoundType;
[12:46:20] [main/DEBUG]: Skipping Lnet/minecraftforge/common/util/FakePlayerFactory;
[12:46:20] [main/DEBUG]: Skipping Lnet/minecraftforge/common/util/FakePlayer;
[12:46:20] [main/DEBUG]: Skipping Lnet/minecraftforge/common/util/FakePlayer$FakePlayerNetHandler;
[12:46:20] [main/DEBUG]: Skipping Lnet/minecraftforge/common/util/DummyWorldSaveData;
[12:46:20] [main/DEBUG]: Skipping Lnet/minecraftforge/common/util/Constants;
[12:46:20] [main/DEBUG]: Skipping Lnet/minecraftforge/common/util/Constants$WorldEvents;
[12:46:20] [main/DEBUG]: Skipping Lnet/minecraftforge/common/util/Constants$NBT;
[12:46:20] [main/DEBUG]: Skipping Lnet/minecraftforge/common/util/Constants$BlockFlags;
[12:46:20] [main/DEBUG]: Skipping Lnet/minecraftforge/common/util/ChunkCoordComparator;
[12:46:20] [main/DEBUG]: Skipping Lnet/minecraftforge/common/util/BlockSnapshot;
[12:46:20] [main/DEBUG]: Skipping Lnet/minecraftforge/common/ticket/SimpleTicket;
[12:46:20] [main/DEBUG]: Skipping Lnet/minecraftforge/common/ticket/ITicketManager;
[12:46:20] [main/DEBUG]: Skipping Lnet/minecraftforge/common/ticket/ITicketGetter;
[12:46:20] [main/DEBUG]: Skipping Lnet/minecraftforge/common/ticket/ChunkTicketManager;
[12:46:20] [main/DEBUG]: Skipping Lnet/minecraftforge/common/ticket/AABBTicket;
[12:46:20] [main/DEBUG]: Skipping Lnet/minecraftforge/common/property/Properties;
[12:46:20] [main/DEBUG]: Skipping Lnet/minecraftforge/common/model/animation/JointClips;
[12:46:20] [main/DEBUG]: Skipping Lnet/minecraftforge/common/model/animation/JointClips$NodeJointClip;
[12:46:20] [main/DEBUG]: Skipping Lnet/minecraftforge/common/model/animation/JointClips$IdentityJointClip;
[12:46:20] [main/DEBUG]: Skipping Lnet/minecraftforge/common/model/animation/IJointClip;
[12:46:20] [main/DEBUG]: Skipping Lnet/minecraftforge/common/model/animation/IJoint;
[12:46:20] [main/DEBUG]: Skipping Lnet/minecraftforge/common/model/animation/IClip;
[12:46:20] [main/DEBUG]: Skipping Lnet/minecraftforge/common/model/animation/IAnimationStateMachine;
[12:46:20] [main/DEBUG]: Skipping Lnet/minecraftforge/common/model/animation/Clips;
[12:46:20] [main/DEBUG]: Skipping Lnet/minecraftforge/common/model/animation/Clips$TriggerClip;
[12:46:20] [main/DEBUG]: Skipping Lnet/minecraftforge/common/model/animation/Clips$TimeClip;
[12:46:20] [main/DEBUG]: Skipping Lnet/minecraftforge/common/model/animation/Clips$TimeClip$1;
[12:46:20] [main/DEBUG]: Skipping Lnet/minecraftforge/common/model/animation/Clips$SlerpClip;
[12:46:20] [main/DEBUG]: Skipping Lnet/minecraftforge/common/model/animation/Clips$ModelClip;
[12:46:20] [main/DEBUG]: Skipping Lnet/minecraftforge/common/model/animation/Clips$IdentityClip;
[12:46:20] [main/DEBUG]: Skipping Lnet/minecraftforge/common/model/animation/Clips$CommonClipTypeAdapterFactory;
[12:46:20] [main/DEBUG]: Skipping Lnet/minecraftforge/common/model/animation/Clips$CommonClipTypeAdapterFactory$1;
[12:46:20] [main/DEBUG]: Skipping Lnet/minecraftforge/common/model/animation/Clips$ClipReference;
[12:46:20] [main/DEBUG]: Skipping Lnet/minecraftforge/common/model/animation/Clips$3;
[12:46:20] [main/DEBUG]: Skipping Lnet/minecraftforge/common/model/animation/Clips$2;
[12:46:20] [main/DEBUG]: Skipping Lnet/minecraftforge/common/model/animation/Clips$1;
[12:46:20] [main/DEBUG]: Skipping Lnet/minecraftforge/common/model/animation/CapabilityAnimation;
[12:46:20] [main/DEBUG]: Skipping Lnet/minecraftforge/common/model/animation/CapabilityAnimation$DefaultItemAnimationCapabilityProvider;
[12:46:20] [main/DEBUG]: Skipping Lnet/minecraftforge/common/model/animation/CapabilityAnimation$1;
[12:46:20] [main/DEBUG]: Skipping Lnet/minecraftforge/common/model/animation/AnimationStateMachine;
[12:46:20] [main/DEBUG]: Skipping Lnet/minecraftforge/common/model/animation/AnimationStateMachine$TransitionsAdapterFactory;
[12:46:20] [main/DEBUG]: Skipping Lnet/minecraftforge/common/model/animation/AnimationStateMachine$TransitionsAdapterFactory$3;
[12:46:20] [main/DEBUG]: Skipping Lnet/minecraftforge/common/model/animation/AnimationStateMachine$TransitionsAdapterFactory$2;
[12:46:20] [main/DEBUG]: Skipping Lnet/minecraftforge/common/model/animation/AnimationStateMachine$TransitionsAdapterFactory$1;
[12:46:20] [main/DEBUG]: Skipping Lnet/minecraftforge/common/model/animation/AnimationStateMachine$ParameterResolver;
[12:46:20] [main/DEBUG]: Skipping Lnet/minecraftforge/common/model/animation/AnimationStateMachine$ClipResolver;
[12:46:20] [main/DEBUG]: Skipping Lnet/minecraftforge/common/model/animation/AnimationStateMachine$3;
[12:46:20] [main/DEBUG]: Skipping Lnet/minecraftforge/common/model/animation/AnimationStateMachine$2;
[12:46:20] [main/DEBUG]: Skipping Lnet/minecraftforge/common/model/animation/AnimationStateMachine$1;
[12:46:20] [main/DEBUG]: Skipping Lnet/minecraftforge/common/model/TransformationHelper;
[12:46:20] [main/DEBUG]: Skipping Lnet/minecraftforge/common/model/TransformationHelper$Deserializer;
[12:46:20] [main/DEBUG]: Skipping Lnet/minecraftforge/common/model/Models;
[12:46:20] [main/DEBUG]: Skipping Lnet/minecraftforge/common/model/HiddenModelPart;
[12:46:20] [main/DEBUG]: Skipping Lnet/minecraftforge/common/loot/LootTableIdCondition;
[12:46:20] [main/DEBUG]: Skipping Lnet/minecraftforge/common/loot/LootTableIdCondition$Serializer;
[12:46:20] [main/DEBUG]: Skipping Lnet/minecraftforge/common/loot/LootTableIdCondition$Builder;
[12:46:20] [main/DEBUG]: Skipping Lnet/minecraftforge/common/loot/LootTableIdCondition$1;
[12:46:20] [main/DEBUG]: Skipping Lnet/minecraftforge/common/loot/LootModifierManager;
[12:46:20] [main/DEBUG]: Skipping Lnet/minecraftforge/common/loot/LootModifier;
[12:46:20] [main/DEBUG]: Skipping Lnet/minecraftforge/common/loot/IGlobalLootModifier;
[12:46:20] [main/DEBUG]: Skipping Lnet/minecraftforge/common/loot/GlobalLootModifierSerializer;
[12:46:20] [main/DEBUG]: Skipping Lnet/minecraftforge/common/extensions/IForgeWorldServer;
[12:46:20] [main/DEBUG]: Skipping Lnet/minecraftforge/common/extensions/IForgeWorld;
[12:46:20] [main/DEBUG]: Skipping Lnet/minecraftforge/common/extensions/IForgeTileEntity;
[12:46:20] [main/DEBUG]: Skipping Lnet/minecraftforge/common/extensions/IForgeTagCollectionSupplier;
[12:46:20] [main/DEBUG]: Skipping Lnet/minecraftforge/common/extensions/IForgeTagBuilder;
[12:46:20] [main/DEBUG]: Skipping Lnet/minecraftforge/common/extensions/IForgeStructure;
[12:46:20] [main/DEBUG]: Skipping Lnet/minecraftforge/common/extensions/IForgeSelectionContext;
[12:46:20] [main/DEBUG]: Skipping Lnet/minecraftforge/common/extensions/IForgeResourcePack;
[12:46:20] [main/DEBUG]: Skipping Lnet/minecraftforge/common/extensions/IForgePacketBuffer;
[12:46:20] [main/DEBUG]: Skipping Lnet/minecraftforge/common/extensions/IForgeItemStack;
[12:46:20] [main/DEBUG]: Skipping Lnet/minecraftforge/common/extensions/IForgeItem;
[12:46:20] [main/DEBUG]: Skipping Lnet/minecraftforge/common/extensions/IForgeFluidState;
[12:46:20] [main/DEBUG]: Skipping Lnet/minecraftforge/common/extensions/IForgeFluid;
[12:46:20] [main/DEBUG]: Skipping Lnet/minecraftforge/common/extensions/IForgeEntityMinecart;
[12:46:20] [main/DEBUG]: Skipping Lnet/minecraftforge/common/extensions/IForgeEntityMinecart$1;
[12:46:20] [main/DEBUG]: Skipping Lnet/minecraftforge/common/extensions/IForgeEntity;
[12:46:20] [main/DEBUG]: Skipping Lnet/minecraftforge/common/extensions/IForgeEffectInstance;
[12:46:20] [main/DEBUG]: Skipping Lnet/minecraftforge/common/extensions/IForgeEffect;
[12:46:20] [main/DEBUG]: Skipping Lnet/minecraftforge/common/extensions/IForgeContainerType;
[12:46:20] [main/DEBUG]: Skipping Lnet/minecraftforge/common/extensions/IForgeChunk;
[12:46:20] [main/DEBUG]: Skipping Lnet/minecraftforge/common/extensions/IForgeBlockState;
[12:46:20] [main/DEBUG]: Skipping Lnet/minecraftforge/common/extensions/IForgeBlock;
[12:46:20] [main/DEBUG]: Skipping Lnet/minecraftforge/common/extensions/IForgeAdvancementBuilder;
[12:46:20] [main/DEBUG]: Skipping Lnet/minecraftforge/common/extensions/IAbstractRailBlock;
[12:46:20] [main/DEBUG]: Skipping Lnet/minecraftforge/common/data/package-info;
[12:46:20] [main/DEBUG]: Skipping Lnet/minecraftforge/common/data/SoundDefinitionsProvider;
[12:46:20] [main/DEBUG]: Skipping Lnet/minecraftforge/common/data/SoundDefinitionsProvider$1;
[12:46:20] [main/DEBUG]: Skipping Lnet/minecraftforge/common/data/SoundDefinition;
[12:46:20] [main/DEBUG]: Skipping Lnet/minecraftforge/common/data/SoundDefinition$SoundType;
[12:46:20] [main/DEBUG]: Skipping Lnet/minecraftforge/common/data/SoundDefinition$Sound;
[12:46:20] [main/DEBUG]: Skipping Lnet/minecraftforge/common/data/LanguageProvider;
[12:46:20] [main/DEBUG]: Skipping Lnet/minecraftforge/common/data/GlobalLootModifierProvider;
[12:46:20] [main/DEBUG]: Skipping Lnet/minecraftforge/common/data/ForgeRegistryTagsProvider;
[12:46:20] [main/DEBUG]: Skipping Lnet/minecraftforge/common/data/ForgeRecipeProvider;
[12:46:20] [main/DEBUG]: Skipping Lnet/minecraftforge/common/data/ForgeLootTableProvider;
[12:46:20] [main/DEBUG]: Skipping Lnet/minecraftforge/common/data/ForgeItemTagsProvider;
[12:46:20] [main/DEBUG]: Skipping Lnet/minecraftforge/common/data/ForgeFluidTagsProvider;
[12:46:20] [main/DEBUG]: Skipping Lnet/minecraftforge/common/data/ForgeBlockTagsProvider;
[12:46:20] [main/DEBUG]: Skipping Lnet/minecraftforge/common/data/ExistingFileHelper;
[12:46:20] [main/DEBUG]: Skipping Lnet/minecraftforge/common/data/ExistingFileHelper$ResourceType;
[12:46:20] [main/DEBUG]: Skipping Lnet/minecraftforge/common/data/ExistingFileHelper$IResourceType;
[12:46:20] [main/DEBUG]: Skipping Lnet/minecraftforge/common/crafting/package-info;
[12:46:20] [main/DEBUG]: Skipping Lnet/minecraftforge/common/crafting/conditions/TrueCondition;
[12:46:20] [main/DEBUG]: Skipping Lnet/minecraftforge/common/crafting/conditions/TrueCondition$Serializer;
[12:46:20] [main/DEBUG]: Skipping Lnet/minecraftforge/common/crafting/conditions/TagEmptyCondition;
[12:46:20] [main/DEBUG]: Skipping Lnet/minecraftforge/common/crafting/conditions/TagEmptyCondition$Serializer;
[12:46:20] [main/DEBUG]: Skipping Lnet/minecraftforge/common/crafting/conditions/OrCondition;
[12:46:20] [main/DEBUG]: Skipping Lnet/minecraftforge/common/crafting/conditions/OrCondition$Serializer;
[12:46:20] [main/DEBUG]: Skipping Lnet/minecraftforge/common/crafting/conditions/NotCondition;
[12:46:20] [main/DEBUG]: Skipping Lnet/minecraftforge/common/crafting/conditions/NotCondition$Serializer;
[12:46:20] [main/DEBUG]: Skipping Lnet/minecraftforge/common/crafting/conditions/ModLoadedCondition;
[12:46:20] [main/DEBUG]: Skipping Lnet/minecraftforge/common/crafting/conditions/ModLoadedCondition$Serializer;
[12:46:20] [main/DEBUG]: Skipping Lnet/minecraftforge/common/crafting/conditions/ItemExistsCondition;
[12:46:20] [main/DEBUG]: Skipping Lnet/minecraftforge/common/crafting/conditions/ItemExistsCondition$Serializer;
[12:46:20] [main/DEBUG]: Skipping Lnet/minecraftforge/common/crafting/conditions/IConditionSerializer;
[12:46:20] [main/DEBUG]: Skipping Lnet/minecraftforge/common/crafting/conditions/IConditionBuilder;
[12:46:20] [main/DEBUG]: Skipping Lnet/minecraftforge/common/crafting/conditions/ICondition;
[12:46:20] [main/DEBUG]: Skipping Lnet/minecraftforge/common/crafting/conditions/FalseCondition;
[12:46:20] [main/DEBUG]: Skipping Lnet/minecraftforge/common/crafting/conditions/FalseCondition$Serializer;
[12:46:20] [main/DEBUG]: Skipping Lnet/minecraftforge/common/crafting/conditions/AndCondition;
[12:46:20] [main/DEBUG]: Skipping Lnet/minecraftforge/common/crafting/conditions/AndCondition$Serializer;
[12:46:20] [main/DEBUG]: Skipping Lnet/minecraftforge/common/crafting/VanillaIngredientSerializer;
[12:46:20] [main/DEBUG]: Skipping Lnet/minecraftforge/common/crafting/StackList;
[12:46:20] [main/DEBUG]: Skipping Lnet/minecraftforge/common/crafting/NBTIngredient;
[12:46:20] [main/DEBUG]: Skipping Lnet/minecraftforge/common/crafting/NBTIngredient$Serializer;
[12:46:20] [main/DEBUG]: Skipping Lnet/minecraftforge/common/crafting/IShapedRecipe;
[12:46:20] [main/DEBUG]: Skipping Lnet/minecraftforge/common/crafting/IRecipeContainer;
[12:46:20] [main/DEBUG]: Skipping Lnet/minecraftforge/common/crafting/IIngredientSerializer;
[12:46:20] [main/DEBUG]: Skipping Lnet/minecraftforge/common/crafting/CraftingHelper;
[12:46:20] [main/DEBUG]: Skipping Lnet/minecraftforge/common/crafting/ConditionalRecipe;
[12:46:20] [main/DEBUG]: Skipping Lnet/minecraftforge/common/crafting/ConditionalRecipe$Serializer;
[12:46:20] [main/DEBUG]: Skipping Lnet/minecraftforge/common/crafting/ConditionalRecipe$Finished;
[12:46:20] [main/DEBUG]: Skipping Lnet/minecraftforge/common/crafting/ConditionalRecipe$Builder;
[12:46:20] [main/DEBUG]: Skipping Lnet/minecraftforge/common/crafting/ConditionalRecipe$1;
[12:46:20] [main/DEBUG]: Skipping Lnet/minecraftforge/common/crafting/ConditionalAdvancement;
[12:46:20] [main/DEBUG]: Skipping Lnet/minecraftforge/common/crafting/ConditionalAdvancement$Builder;
[12:46:20] [main/DEBUG]: Skipping Lnet/minecraftforge/common/crafting/CompoundIngredient;
[12:46:20] [main/DEBUG]: Skipping Lnet/minecraftforge/common/crafting/CompoundIngredient$Serializer;
[12:46:20] [main/DEBUG]: Skipping Lnet/minecraftforge/common/command/IEntitySelectorType;
[12:46:20] [main/DEBUG]: Skipping Lnet/minecraftforge/common/command/EntitySelectorManager;
[12:46:20] [main/DEBUG]: Skipping Lnet/minecraftforge/common/capabilities/ICapabilitySerializable;
[12:46:20] [main/DEBUG]: Skipping Lnet/minecraftforge/common/capabilities/ICapabilityProvider;
[12:46:20] [main/DEBUG]: Skipping Lnet/minecraftforge/common/capabilities/CapabilityProvider;
[12:46:20] [main/DEBUG]: Skipping Lnet/minecraftforge/common/capabilities/CapabilityManager;
[12:46:20] [main/DEBUG]: Skipping Lnet/minecraftforge/common/capabilities/CapabilityInject;
[12:46:20] [main/DEBUG]: Skipping Lnet/minecraftforge/common/capabilities/CapabilityDispatcher;
[12:46:20] [main/DEBUG]: Skipping Lnet/minecraftforge/common/capabilities/Capability;
[12:46:20] [main/DEBUG]: Skipping Lnet/minecraftforge/common/capabilities/Capability$IStorage;
[12:46:20] [main/DEBUG]: Skipping Lnet/minecraftforge/common/brewing/package-info;
[12:46:20] [main/DEBUG]: Skipping Lnet/minecraftforge/common/brewing/VanillaBrewingRecipe;
[12:46:20] [main/DEBUG]: Skipping Lnet/minecraftforge/common/brewing/IBrewingRecipe;
[12:46:20] [main/DEBUG]: Skipping Lnet/minecraftforge/common/brewing/BrewingRecipeRegistry;
[12:46:20] [main/DEBUG]: Skipping Lnet/minecraftforge/common/brewing/BrewingRecipe;
[12:46:20] [main/DEBUG]: Skipping Lnet/minecraftforge/common/animation/TimeValues;
[12:46:20] [main/DEBUG]: Skipping Lnet/minecraftforge/common/animation/TimeValues$VariableValue;
[12:46:20] [main/DEBUG]: Skipping Lnet/minecraftforge/common/animation/TimeValues$SimpleExprValue;
[12:46:20] [main/DEBUG]: Skipping Lnet/minecraftforge/common/animation/TimeValues$ParameterValue;
[12:46:20] [main/DEBUG]: Skipping Lnet/minecraftforge/common/animation/TimeValues$IdentityValue;
[12:46:20] [main/DEBUG]: Skipping Lnet/minecraftforge/common/animation/TimeValues$ConstValue;
[12:46:20] [main/DEBUG]: Skipping Lnet/minecraftforge/common/animation/TimeValues$CompositionValue;
[12:46:20] [main/DEBUG]: Skipping Lnet/minecraftforge/common/animation/TimeValues$CommonTimeValueTypeAdapterFactory;
[12:46:20] [main/DEBUG]: Skipping Lnet/minecraftforge/common/animation/TimeValues$CommonTimeValueTypeAdapterFactory$1;
[12:46:20] [main/DEBUG]: Skipping Lnet/minecraftforge/common/animation/TimeValues$1;
[12:46:20] [main/DEBUG]: Skipping Lnet/minecraftforge/common/animation/ITimeValue;
[12:46:20] [main/DEBUG]: Skipping Lnet/minecraftforge/common/animation/IEventHandler;
[12:46:20] [main/DEBUG]: Skipping Lnet/minecraftforge/common/animation/Event;
[12:46:20] [main/DEBUG]: Skipping Lnet/minecraftforge/common/WorldWorkerManager;
[12:46:20] [main/DEBUG]: Skipping Lnet/minecraftforge/common/WorldWorkerManager$IWorker;
[12:46:20] [main/DEBUG]: Skipping Lnet/minecraftforge/common/VillagerTradingManager;
[12:46:20] [main/DEBUG]: Skipping Lnet/minecraftforge/common/UsernameCache;
[12:46:20] [main/DEBUG]: Skipping Lnet/minecraftforge/common/UsernameCache$SaveThread;
[12:46:20] [main/DEBUG]: Skipping Lnet/minecraftforge/common/UsernameCache$1;
[12:46:20] [main/DEBUG]: Skipping Lnet/minecraftforge/common/ToolType;
[12:46:20] [main/DEBUG]: Skipping Lnet/minecraftforge/common/Tags;
[12:46:20] [main/DEBUG]: Skipping Lnet/minecraftforge/common/Tags$Items;
[12:46:20] [main/DEBUG]: Skipping Lnet/minecraftforge/common/Tags$IOptionalNamedTag;
[12:46:20] [main/DEBUG]: Skipping Lnet/minecraftforge/common/Tags$Fluids;
[12:46:20] [main/DEBUG]: Skipping Lnet/minecraftforge/common/Tags$Blocks;
[12:46:20] [main/DEBUG]: Skipping Lnet/minecraftforge/common/PlantType;
[12:46:20] [main/DEBUG]: Skipping Lnet/minecraftforge/common/MinecraftForge;
[12:46:20] [main/DEBUG]: Skipping Lnet/minecraftforge/common/LenientUnboundedMapCodec;
[12:46:20] [main/DEBUG]: Skipping Lnet/minecraftforge/common/IPlantable;
[12:46:20] [main/DEBUG]: Skipping Lnet/minecraftforge/common/IMinecartCollisionHandler;
[12:46:20] [main/DEBUG]: Skipping Lnet/minecraftforge/common/IForgeShearable;
[12:46:20] [main/DEBUG]: Skipping Lnet/minecraftforge/common/IExtensibleEnum;
[12:46:20] [main/DEBUG]: Skipping Lnet/minecraftforge/common/ForgeTagHandler;
[12:46:20] [main/DEBUG]: Skipping Lnet/minecraftforge/common/ForgeTagHandler$TagCollectionReaderInfo;
[12:46:20] [main/DEBUG]: Skipping Lnet/minecraftforge/common/ForgeTagHandler$1;
[12:46:20] [main/DEBUG]: Skipping Lnet/minecraftforge/common/ForgeSpawnEggItem;
[12:46:20] [main/DEBUG]: Skipping Lnet/minecraftforge/common/ForgeSpawnEggItem$CommonHandler;
[12:46:20] [main/DEBUG]: Skipping Lnet/minecraftforge/common/ForgeSpawnEggItem$ColorRegisterHandler;
[12:46:20] [main/DEBUG]: Skipping Lnet/minecraftforge/common/ForgeSpawnEggItem$1;
[12:46:20] [main/DEBUG]: Skipping Lnet/minecraftforge/common/ForgeMod;
[12:46:20] [main/DEBUG]: Skipping Lnet/minecraftforge/common/ForgeInternalHandler;
[12:46:20] [main/DEBUG]: Skipping Lnet/minecraftforge/common/ForgeHooks;
[12:46:20] [main/DEBUG]: Skipping Lnet/minecraftforge/common/ForgeHooks$LootTableContext;
[12:46:20] [main/DEBUG]: Skipping Lnet/minecraftforge/common/ForgeHooks$BiomeCallbackFunction;
[12:46:20] [main/DEBUG]: Skipping Lnet/minecraftforge/common/ForgeHooks$1;
[12:46:20] [main/DEBUG]: Skipping Lnet/minecraftforge/common/ForgeConfigSpec;
[12:46:20] [main/DEBUG]: Skipping Lnet/minecraftforge/common/ForgeConfigSpec$ValueSpec;
[12:46:20] [main/DEBUG]: Skipping Lnet/minecraftforge/common/ForgeConfigSpec$Range;
[12:46:20] [main/DEBUG]: Skipping Lnet/minecraftforge/common/ForgeConfigSpec$LongValue;
[12:46:20] [main/DEBUG]: Skipping Lnet/minecraftforge/common/ForgeConfigSpec$IntValue;
[12:46:20] [main/DEBUG]: Skipping Lnet/minecraftforge/common/ForgeConfigSpec$EnumValue;
[12:46:20] [main/DEBUG]: Skipping Lnet/minecraftforge/common/ForgeConfigSpec$DoubleValue;
[12:46:20] [main/DEBUG]: Skipping Lnet/minecraftforge/common/ForgeConfigSpec$ConfigValue;
[12:46:20] [main/DEBUG]: Skipping Lnet/minecraftforge/common/ForgeConfigSpec$BuilderContext;
[12:46:20] [main/DEBUG]: Skipping Lnet/minecraftforge/common/ForgeConfigSpec$Builder;
[12:46:20] [main/DEBUG]: Skipping Lnet/minecraftforge/common/ForgeConfigSpec$Builder$BuilderConsumer;
[12:46:20] [main/DEBUG]: Skipping Lnet/minecraftforge/common/ForgeConfigSpec$Builder$2;
[12:46:20] [main/DEBUG]: Skipping Lnet/minecraftforge/common/ForgeConfigSpec$Builder$1;
[12:46:20] [main/DEBUG]: Skipping Lnet/minecraftforge/common/ForgeConfigSpec$BooleanValue;
[12:46:20] [main/DEBUG]: Skipping Lnet/minecraftforge/common/ForgeConfigSpec$1;
[12:46:20] [main/DEBUG]: Skipping Lnet/minecraftforge/common/ForgeConfig;
[12:46:20] [main/DEBUG]: Skipping Lnet/minecraftforge/common/ForgeConfig$Server;
[12:46:20] [main/DEBUG]: Skipping Lnet/minecraftforge/common/ForgeConfig$Common;
[12:46:20] [main/DEBUG]: Skipping Lnet/minecraftforge/common/ForgeConfig$Client;
[12:46:20] [main/DEBUG]: Skipping Lnet/minecraftforge/common/FarmlandWaterManager;
[12:46:20] [main/DEBUG]: Skipping Lnet/minecraftforge/common/DungeonHooks;
[12:46:20] [main/DEBUG]: Skipping Lnet/minecraftforge/common/DungeonHooks$DungeonMob;
[12:46:20] [main/DEBUG]: Skipping Lnet/minecraftforge/common/BiomeManager;
[12:46:20] [main/DEBUG]: Skipping Lnet/minecraftforge/common/BiomeManager$TrackedList;
[12:46:20] [main/DEBUG]: Skipping Lnet/minecraftforge/common/BiomeManager$BiomeType;
[12:46:20] [main/DEBUG]: Skipping Lnet/minecraftforge/common/BiomeManager$BiomeEntry;
[12:46:20] [main/DEBUG]: Skipping Lnet/minecraftforge/common/BiomeManager$1;
[12:46:20] [main/DEBUG]: Skipping Lnet/minecraftforge/common/BiomeDictionary;
[12:46:20] [main/DEBUG]: Skipping Lnet/minecraftforge/common/BiomeDictionary$Type;
[12:46:20] [main/DEBUG]: Skipping Lnet/minecraftforge/common/BiomeDictionary$BiomeInfo;
[12:46:20] [main/DEBUG]: Skipping Lnet/minecraftforge/common/BiomeDictionary$1;
[12:46:20] [main/DEBUG]: Skipping Lnet/minecraftforge/common/BasicTrade;
[12:46:20] [main/DEBUG]: Skipping Lnet/minecraftforge/common/AdvancementLoadFix;
[12:46:20] [main/DEBUG]: Skipping Lnet/minecraftforge/client/textures/ITextureAtlasSpriteLoader;
[12:46:20] [main/DEBUG]: Skipping Lnet/minecraftforge/client/textures/ForgeTextureMetadata;
[12:46:20] [main/DEBUG]: Skipping Lnet/minecraftforge/client/textures/ForgeTextureMetadata$Serializer;
[12:46:20] [main/DEBUG]: Skipping Lnet/minecraftforge/client/textures/ForgeTextureMetadata$1;
[12:46:20] [main/DEBUG]: Skipping Lnet/minecraftforge/client/settings/KeyModifier;
[12:46:20] [main/DEBUG]: Skipping Lnet/minecraftforge/client/settings/KeyModifier$4;
[12:46:20] [main/DEBUG]: Skipping Lnet/minecraftforge/client/settings/KeyModifier$3;
[12:46:20] [main/DEBUG]: Skipping Lnet/minecraftforge/client/settings/KeyModifier$2;
[12:46:20] [main/DEBUG]: Skipping Lnet/minecraftforge/client/settings/KeyModifier$1;
[12:46:20] [main/DEBUG]: Skipping Lnet/minecraftforge/client/settings/KeyConflictContext;
[12:46:20] [main/DEBUG]: Skipping Lnet/minecraftforge/client/settings/KeyConflictContext$3;
[12:46:20] [main/DEBUG]: Skipping Lnet/minecraftforge/client/settings/KeyConflictContext$2;
[12:46:20] [main/DEBUG]: Skipping Lnet/minecraftforge/client/settings/KeyConflictContext$1;
[12:46:20] [main/DEBUG]: Skipping Lnet/minecraftforge/client/settings/KeyBindingMap;
[12:46:20] [main/DEBUG]: Skipping Lnet/minecraftforge/client/settings/IKeyConflictContext;
[12:46:20] [main/DEBUG]: Skipping Lnet/minecraftforge/client/model/pipeline/package-info;
[12:46:20] [main/DEBUG]: Skipping Lnet/minecraftforge/client/model/pipeline/VertexTransformer;
[12:46:20] [main/DEBUG]: Skipping Lnet/minecraftforge/client/model/pipeline/VertexLighterSmoothAo;
[12:46:20] [main/DEBUG]: Skipping Lnet/minecraftforge/client/model/pipeline/VertexLighterFlat;
[12:46:20] [main/DEBUG]: Skipping Lnet/minecraftforge/client/model/pipeline/VertexLighterFlat$1;
[12:46:20] [main/DEBUG]: Skipping Lnet/minecraftforge/client/model/pipeline/VertexBufferConsumer;
[12:46:20] [main/DEBUG]: Skipping Lnet/minecraftforge/client/model/pipeline/TransformerConsumer;
[12:46:20] [main/DEBUG]: Skipping Lnet/minecraftforge/client/model/pipeline/TRSRTransformer;
[12:46:20] [main/DEBUG]: Skipping Lnet/minecraftforge/client/model/pipeline/TRSRTransformer$1;
[12:46:20] [main/DEBUG]: Skipping Lnet/minecraftforge/client/model/pipeline/QuadGatheringTransformer;
[12:46:20] [main/DEBUG]: Skipping Lnet/minecraftforge/client/model/pipeline/LightUtil;
[12:46:20] [main/DEBUG]: Skipping Lnet/minecraftforge/client/model/pipeline/LightUtil$ItemPipeline;
[12:46:20] [main/DEBUG]: Skipping Lnet/minecraftforge/client/model/pipeline/LightUtil$ItemConsumer;
[12:46:20] [main/DEBUG]: Skipping Lnet/minecraftforge/client/model/pipeline/LightUtil$1;
[12:46:20] [main/DEBUG]: Skipping Lnet/minecraftforge/client/model/pipeline/IVertexProducer;
[12:46:20] [main/DEBUG]: Skipping Lnet/minecraftforge/client/model/pipeline/IVertexConsumer;
[12:46:20] [main/DEBUG]: Skipping Lnet/minecraftforge/client/model/pipeline/ForgeBlockModelRenderer;
[12:46:20] [main/DEBUG]: Skipping Lnet/minecraftforge/client/model/pipeline/BlockInfo;
[12:46:20] [main/DEBUG]: Skipping Lnet/minecraftforge/client/model/pipeline/BakedQuadBuilder;
[12:46:20] [main/DEBUG]: Skipping Lnet/minecraftforge/client/model/package-info;
[12:46:20] [main/DEBUG]: Skipping Lnet/minecraftforge/client/model/obj/package-info;
[12:46:20] [main/DEBUG]: Skipping Lnet/minecraftforge/client/model/obj/OBJModel;
[12:46:20] [main/DEBUG]: Skipping Lnet/minecraftforge/client/model/obj/OBJModel$ModelSettings;
[12:46:20] [main/DEBUG]: Skipping Lnet/minecraftforge/client/model/obj/OBJModel$ModelObject;
[12:46:20] [main/DEBUG]: Skipping Lnet/minecraftforge/client/model/obj/OBJModel$ModelMesh;
[12:46:20] [main/DEBUG]: Skipping Lnet/minecraftforge/client/model/obj/OBJModel$ModelGroup;
[12:46:20] [main/DEBUG]: Skipping Lnet/minecraftforge/client/model/obj/OBJModel$1;
[12:46:20] [main/DEBUG]: Skipping Lnet/minecraftforge/client/model/obj/OBJLoader;
[12:46:20] [main/DEBUG]: Skipping Lnet/minecraftforge/client/model/obj/MaterialLibrary;
[12:46:20] [main/DEBUG]: Skipping Lnet/minecraftforge/client/model/obj/MaterialLibrary$Material;
[12:46:20] [main/DEBUG]: Skipping Lnet/minecraftforge/client/model/obj/LineReader;
[12:46:20] [main/DEBUG]: Skipping Lnet/minecraftforge/client/model/geometry/ISimpleModelGeometry;
[12:46:20] [main/DEBUG]: Skipping Lnet/minecraftforge/client/model/geometry/IMultipartModelGeometry;
[12:46:20] [main/DEBUG]: Skipping Lnet/minecraftforge/client/model/geometry/IModelGeometryPart;
[12:46:20] [main/DEBUG]: Skipping Lnet/minecraftforge/client/model/geometry/IModelGeometry;
[12:46:20] [main/DEBUG]: Skipping Lnet/minecraftforge/client/model/generators/loaders/SeparatePerspectiveModelBuilder;
[12:46:20] [main/DEBUG]: Skipping Lnet/minecraftforge/client/model/generators/loaders/OBJLoaderBuilder;
[12:46:20] [main/DEBUG]: Skipping Lnet/minecraftforge/client/model/generators/loaders/MultiLayerModelBuilder;
[12:46:20] [main/DEBUG]: Skipping Lnet/minecraftforge/client/model/generators/loaders/ItemLayersModelBuilder;
[12:46:20] [main/DEBUG]: Skipping Lnet/minecraftforge/client/model/generators/loaders/DynamicBucketModelBuilder;
[12:46:20] [main/DEBUG]: Skipping Lnet/minecraftforge/client/model/generators/loaders/CompositeModelBuilder;
[12:46:20] [main/DEBUG]: Skipping Lnet/minecraftforge/client/model/generators/VariantBlockStateBuilder;
[12:46:20] [main/DEBUG]: Skipping Lnet/minecraftforge/client/model/generators/VariantBlockStateBuilder$PartialBlockstate;
[12:46:20] [main/DEBUG]: Skipping Lnet/minecraftforge/client/model/generators/MultiPartBlockStateBuilder;
[12:46:20] [main/DEBUG]: Skipping Lnet/minecraftforge/client/model/generators/MultiPartBlockStateBuilder$PartBuilder;
[12:46:20] [main/DEBUG]: Skipping Lnet/minecraftforge/client/model/generators/MultiPartBlockStateBuilder$PartBuilder$ConditionGroup;
[12:46:20] [main/DEBUG]: Skipping Lnet/minecraftforge/client/model/generators/ModelProvider;
[12:46:20] [main/DEBUG]: Skipping Lnet/minecraftforge/client/model/generators/ModelFile;
[12:46:20] [main/DEBUG]: Skipping Lnet/minecraftforge/client/model/generators/ModelFile$UncheckedModelFile;
[12:46:20] [main/DEBUG]: Skipping Lnet/minecraftforge/client/model/generators/ModelFile$ExistingModelFile;
[12:46:20] [main/DEBUG]: Skipping Lnet/minecraftforge/client/model/generators/ModelBuilder;
[12:46:20] [main/DEBUG]: Skipping Lnet/minecraftforge/client/model/generators/ModelBuilder$TransformsBuilder;
[12:46:20] [main/DEBUG]: Skipping Lnet/minecraftforge/client/model/generators/ModelBuilder$TransformsBuilder$TransformVecBuilder;
[12:46:20] [main/DEBUG]: Skipping Lnet/minecraftforge/client/model/generators/ModelBuilder$Perspective;
[12:46:20] [main/DEBUG]: Skipping Lnet/minecraftforge/client/model/generators/ModelBuilder$FaceRotation;
[12:46:20] [main/DEBUG]: Skipping Lnet/minecraftforge/client/model/generators/ModelBuilder$ElementBuilder;
[12:46:20] [main/DEBUG]: Skipping Lnet/minecraftforge/client/model/generators/ModelBuilder$ElementBuilder$RotationBuilder;
[12:46:20] [main/DEBUG]: Skipping Lnet/minecraftforge/client/model/generators/ModelBuilder$ElementBuilder$FaceBuilder;
[12:46:20] [main/DEBUG]: Skipping Lnet/minecraftforge/client/model/generators/ItemModelProvider;
[12:46:20] [main/DEBUG]: Skipping Lnet/minecraftforge/client/model/generators/ItemModelBuilder;
[12:46:20] [main/DEBUG]: Skipping Lnet/minecraftforge/client/model/generators/ItemModelBuilder$OverrideBuilder;
[12:46:20] [main/DEBUG]: Skipping Lnet/minecraftforge/client/model/generators/IGeneratedBlockstate;
[12:46:20] [main/DEBUG]: Skipping Lnet/minecraftforge/client/model/generators/CustomLoaderBuilder;
[12:46:20] [main/DEBUG]: Skipping Lnet/minecraftforge/client/model/generators/ConfiguredModel;
[12:46:20] [main/DEBUG]: Skipping Lnet/minecraftforge/client/model/generators/ConfiguredModel$Builder;
[12:46:20] [main/DEBUG]: Skipping Lnet/minecraftforge/client/model/generators/BlockStateProvider;
[12:46:20] [main/DEBUG]: Skipping Lnet/minecraftforge/client/model/generators/BlockStateProvider$ConfiguredModelList;
[12:46:20] [main/DEBUG]: Skipping Lnet/minecraftforge/client/model/generators/BlockStateProvider$2;
[12:46:20] [main/DEBUG]: Skipping Lnet/minecraftforge/client/model/generators/BlockStateProvider$1;
[12:46:20] [main/DEBUG]: Skipping Lnet/minecraftforge/client/model/generators/BlockModelProvider;
[12:46:20] [main/DEBUG]: Skipping Lnet/minecraftforge/client/model/generators/BlockModelBuilder;
[12:46:20] [main/DEBUG]: Skipping Lnet/minecraftforge/client/model/data/MultipartModelData;
[12:46:20] [main/DEBUG]: Skipping Lnet/minecraftforge/client/model/data/ModelProperty;
[12:46:20] [main/DEBUG]: Skipping Lnet/minecraftforge/client/model/data/ModelDataMap;
[12:46:20] [main/DEBUG]: Skipping Lnet/minecraftforge/client/model/data/ModelDataMap$Builder;
[12:46:20] [main/DEBUG]: Skipping Lnet/minecraftforge/client/model/data/ModelDataMap$1;
[12:46:20] [main/DEBUG]: Skipping Lnet/minecraftforge/client/model/data/IModelData;
[12:46:20] [main/DEBUG]: Skipping Lnet/minecraftforge/client/model/data/IDynamicBakedModel;
[12:46:20] [main/DEBUG]: Skipping Lnet/minecraftforge/client/model/data/EmptyModelData;
[12:46:20] [main/DEBUG]: Skipping Lnet/minecraftforge/client/model/b3d/package-info;
[12:46:20] [main/DEBUG]: Skipping Lnet/minecraftforge/client/model/b3d/B3DModel;
[12:46:20] [main/DEBUG]: Skipping Lnet/minecraftforge/client/model/b3d/B3DModel$Vertex;
[12:46:20] [main/DEBUG]: Skipping Lnet/minecraftforge/client/model/b3d/B3DModel$Texture;
[12:46:20] [main/DEBUG]: Skipping Lnet/minecraftforge/client/model/b3d/B3DModel$Pivot;
[12:46:20] [main/DEBUG]: Skipping Lnet/minecraftforge/client/model/b3d/B3DModel$Parser;
[12:46:20] [main/DEBUG]: Skipping Lnet/minecraftforge/client/model/b3d/B3DModel$Node;
[12:46:20] [main/DEBUG]: Skipping Lnet/minecraftforge/client/model/b3d/B3DModel$Mesh;
[12:46:20] [main/DEBUG]: Skipping Lnet/minecraftforge/client/model/b3d/B3DModel$Key;
[12:46:20] [main/DEBUG]: Skipping Lnet/minecraftforge/client/model/b3d/B3DModel$IKind;
[12:46:20] [main/DEBUG]: Skipping Lnet/minecraftforge/client/model/b3d/B3DModel$Face;
[12:46:20] [main/DEBUG]: Skipping Lnet/minecraftforge/client/model/b3d/B3DModel$Brush;
[12:46:20] [main/DEBUG]: Skipping Lnet/minecraftforge/client/model/b3d/B3DModel$Bone;
[12:46:20] [main/DEBUG]: Skipping Lnet/minecraftforge/client/model/b3d/B3DModel$Animation;
[12:46:20] [main/DEBUG]: Skipping Lnet/minecraftforge/client/model/b3d/B3DLoader;
[12:46:20] [main/DEBUG]: Skipping Lnet/minecraftforge/client/model/b3d/B3DLoader$NodeJoint;
[12:46:20] [main/DEBUG]: Skipping Lnet/minecraftforge/client/model/b3d/B3DLoader$ModelWrapper;
[12:46:20] [main/DEBUG]: Skipping Lnet/minecraftforge/client/model/b3d/B3DLoader$BakedWrapper;
[12:46:20] [main/DEBUG]: Skipping Lnet/minecraftforge/client/model/b3d/B3DLoader$BakedWrapper$2;
[12:46:20] [main/DEBUG]: Skipping Lnet/minecraftforge/client/model/b3d/B3DLoader$BakedWrapper$2$1;
[12:46:20] [main/DEBUG]: Skipping Lnet/minecraftforge/client/model/b3d/B3DLoader$BakedWrapper$1;
[12:46:20] [main/DEBUG]: Skipping Lnet/minecraftforge/client/model/b3d/B3DLoader$B3DState;
[12:46:20] [main/DEBUG]: Skipping Lnet/minecraftforge/client/model/b3d/B3DLoader$B3DState$1;
[12:46:20] [main/DEBUG]: Skipping Lnet/minecraftforge/client/model/b3d/B3DLoader$1;
[12:46:20] [main/DEBUG]: Skipping Lnet/minecraftforge/client/model/b3d/B3DClip;
[12:46:20] [main/DEBUG]: Skipping Lnet/minecraftforge/client/model/b3d/B3DClip$NodeClip;
[12:46:20] [main/DEBUG]: Skipping Lnet/minecraftforge/client/model/animation/package-info;
[12:46:20] [main/DEBUG]: Skipping Lnet/minecraftforge/client/model/animation/TileEntityRendererAnimation;
[12:46:20] [main/DEBUG]: Skipping Lnet/minecraftforge/client/model/animation/ModelBlockAnimation;
[12:46:20] [main/DEBUG]: Skipping Lnet/minecraftforge/client/model/animation/ModelBlockAnimation$Parameter;
[12:46:20] [main/DEBUG]: Skipping Lnet/minecraftforge/client/model/animation/ModelBlockAnimation$Parameter$Variable;
[12:46:20] [main/DEBUG]: Skipping Lnet/minecraftforge/client/model/animation/ModelBlockAnimation$Parameter$Type;
[12:46:20] [main/DEBUG]: Skipping Lnet/minecraftforge/client/model/animation/ModelBlockAnimation$Parameter$Interpolation;
[12:46:20] [main/DEBUG]: Skipping Lnet/minecraftforge/client/model/animation/ModelBlockAnimation$MBVariableClip;
[12:46:20] [main/DEBUG]: Skipping Lnet/minecraftforge/client/model/animation/ModelBlockAnimation$MBJointWeight;
[12:46:20] [main/DEBUG]: Skipping Lnet/minecraftforge/client/model/animation/ModelBlockAnimation$MBJoint;
[12:46:20] [main/DEBUG]: Skipping Lnet/minecraftforge/client/model/animation/ModelBlockAnimation$MBClip;
[12:46:20] [main/DEBUG]: Skipping Lnet/minecraftforge/client/model/animation/ModelBlockAnimation$MBClip$MBJointClip;
[12:46:20] [main/DEBUG]: Skipping Lnet/minecraftforge/client/model/animation/ModelBlockAnimation$MBClip$1;
[12:46:20] [main/DEBUG]: Skipping Lnet/minecraftforge/client/model/animation/ModelBlockAnimation$MBClip$1$1;
[12:46:20] [main/DEBUG]: Skipping Lnet/minecraftforge/client/model/animation/ModelBlockAnimation$1;
[12:46:20] [main/DEBUG]: Skipping Lnet/minecraftforge/client/model/animation/AnimationItemOverrideList;
[12:46:20] [main/DEBUG]: Skipping Lnet/minecraftforge/client/model/animation/Animation;
[12:46:20] [main/DEBUG]: Skipping Lnet/minecraftforge/client/model/SimpleModelTransform;
[12:46:20] [main/DEBUG]: Skipping Lnet/minecraftforge/client/model/SeparatePerspectiveModel;
[12:46:20] [main/DEBUG]: Skipping Lnet/minecraftforge/client/model/SeparatePerspectiveModel$Loader;
[12:46:20] [main/DEBUG]: Skipping Lnet/minecraftforge/client/model/SeparatePerspectiveModel$BakedModel;
[12:46:20] [main/DEBUG]: Skipping Lnet/minecraftforge/client/model/QuadTransformer;
[12:46:20] [main/DEBUG]: Skipping Lnet/minecraftforge/client/model/PerspectiveMapWrapper;
[12:46:20] [main/DEBUG]: Skipping Lnet/minecraftforge/client/model/PerspectiveMapWrapper$OverrideListWrapper;
[12:46:20] [main/DEBUG]: Skipping Lnet/minecraftforge/client/model/MultiLayerModel;
[12:46:20] [main/DEBUG]: Skipping Lnet/minecraftforge/client/model/MultiLayerModel$MultiLayerBakedModel;
[12:46:20] [main/DEBUG]: Skipping Lnet/minecraftforge/client/model/MultiLayerModel$Loader;
[12:46:20] [main/DEBUG]: Skipping Lnet/minecraftforge/client/model/ModelTransformComposition;
[12:46:20] [main/DEBUG]: Skipping Lnet/minecraftforge/client/model/ModelLoadingException;
[12:46:20] [main/DEBUG]: Skipping Lnet/minecraftforge/client/model/ModelLoaderRegistry;
[12:46:20] [main/DEBUG]: Skipping Lnet/minecraftforge/client/model/ModelLoaderRegistry$VanillaProxy;
[12:46:20] [main/DEBUG]: Skipping Lnet/minecraftforge/client/model/ModelLoaderRegistry$VanillaProxy$Loader;
[12:46:20] [main/DEBUG]: Skipping Lnet/minecraftforge/client/model/ModelLoaderRegistry$ExpandedBlockModelDeserializer;
[12:46:20] [main/DEBUG]: Skipping Lnet/minecraftforge/client/model/ModelLoader;
[12:46:20] [main/DEBUG]: Skipping Lnet/minecraftforge/client/model/ModelLoader$White;
[12:46:20] [main/DEBUG]: Skipping Lnet/minecraftforge/client/model/ModelLoader$ItemLoadingException;
[12:46:20] [main/DEBUG]: Skipping Lnet/minecraftforge/client/model/ModelDataManager;
[12:46:20] [main/DEBUG]: Skipping Lnet/minecraftforge/client/model/ItemTextureQuadConverter;
[12:46:20] [main/DEBUG]: Skipping Lnet/minecraftforge/client/model/ItemTextureQuadConverter$1;
[12:46:20] [main/DEBUG]: Skipping Lnet/minecraftforge/client/model/ItemMultiLayerBakedModel;
[12:46:20] [main/DEBUG]: Skipping Lnet/minecraftforge/client/model/ItemMultiLayerBakedModel$Builder;
[12:46:20] [main/DEBUG]: Skipping Lnet/minecraftforge/client/model/ItemMultiLayerBakedModel$1;
[12:46:20] [main/DEBUG]: Skipping Lnet/minecraftforge/client/model/ItemLayerModel;
[12:46:20] [main/DEBUG]: Skipping Lnet/minecraftforge/client/model/ItemLayerModel$Loader;
[12:46:20] [main/DEBUG]: Skipping Lnet/minecraftforge/client/model/ItemLayerModel$FaceData;
[12:46:20] [main/DEBUG]: Skipping Lnet/minecraftforge/client/model/ItemLayerModel$1;
[12:46:20] [main/DEBUG]: Skipping Lnet/minecraftforge/client/model/IModelLoader;
[12:46:20] [main/DEBUG]: Skipping Lnet/minecraftforge/client/model/IModelConfiguration;
[12:46:20] [main/DEBUG]: Skipping Lnet/minecraftforge/client/model/IModelBuilder;
[12:46:20] [main/DEBUG]: Skipping Lnet/minecraftforge/client/model/IModelBuilder$Simple;
[12:46:20] [main/DEBUG]: Skipping Lnet/minecraftforge/client/model/FluidModel;
[12:46:20] [main/DEBUG]: Skipping Lnet/minecraftforge/client/model/FluidModel$CachingBakedFluid;
[12:46:20] [main/DEBUG]: Skipping Lnet/minecraftforge/client/model/FluidModel$CachingBakedFluid$1;
[12:46:20] [main/DEBUG]: Skipping Lnet/minecraftforge/client/model/FluidModel$BakedFluid;
[12:46:20] [main/DEBUG]: Skipping Lnet/minecraftforge/client/model/FluidModel$BakedFluid$VertexParameter;
[12:46:20] [main/DEBUG]: Skipping Lnet/minecraftforge/client/model/FluidModel$1;
[12:46:20] [main/DEBUG]: Skipping Lnet/minecraftforge/client/model/DynamicBucketModel;
[12:46:20] [main/DEBUG]: Skipping Lnet/minecraftforge/client/model/DynamicBucketModel$Loader;
[12:46:20] [main/DEBUG]: Skipping Lnet/minecraftforge/client/model/DynamicBucketModel$ContainedFluidOverrideHandler;
[12:46:20] [main/DEBUG]: Skipping Lnet/minecraftforge/client/model/DynamicBucketModel$1;
[12:46:20] [main/DEBUG]: Skipping Lnet/minecraftforge/client/model/CompositeModel;
[12:46:20] [main/DEBUG]: Skipping Lnet/minecraftforge/client/model/CompositeModel$Submodel;
[12:46:20] [main/DEBUG]: Skipping Lnet/minecraftforge/client/model/CompositeModel$ModelDataWrapper;
[12:46:20] [main/DEBUG]: Skipping Lnet/minecraftforge/client/model/CompositeModel$Loader;
[12:46:20] [main/DEBUG]: Skipping Lnet/minecraftforge/client/model/CompositeModel$Geometry;
[12:46:20] [main/DEBUG]: Skipping Lnet/minecraftforge/client/model/CompositeModel$CompositeModelData;
[12:46:20] [main/DEBUG]: Skipping Lnet/minecraftforge/client/model/CompositeModel$1;
[12:46:20] [main/DEBUG]: Skipping Lnet/minecraftforge/client/model/BlockModelConfiguration;
[12:46:20] [main/DEBUG]: Skipping Lnet/minecraftforge/client/model/BlockModelConfiguration$VisibilityData;
[12:46:20] [main/DEBUG]: Skipping Lnet/minecraftforge/client/model/BakedModelWrapper;
[12:46:20] [main/DEBUG]: Skipping Lnet/minecraftforge/client/model/BakedItemModel;
[12:46:20] [main/DEBUG]: Skipping Lnet/minecraftforge/client/model/BakedItemModel$BakedGuiItemModel;
[12:46:20] [main/DEBUG]: Skipping Lnet/minecraftforge/client/gui/ScrollPanel;
[12:46:20] [main/DEBUG]: Skipping Lnet/minecraftforge/client/gui/NotificationModUpdateScreen;
[12:46:20] [main/DEBUG]: Skipping Lnet/minecraftforge/client/gui/ForgeIngameGui;
[12:46:20] [main/DEBUG]: Skipping Lnet/minecraftforge/client/gui/ForgeIngameGui$GuiOverlayDebugForge;
[12:46:20] [main/DEBUG]: Skipping Lnet/minecraftforge/client/gui/ForgeIngameGui$1;
[12:46:20] [main/DEBUG]: Skipping Lnet/minecraftforge/client/extensions/IForgeVertexBuilder;
[12:46:20] [main/DEBUG]: Skipping Lnet/minecraftforge/client/extensions/IForgeUnbakedModel;
[12:46:20] [main/DEBUG]: Skipping Lnet/minecraftforge/client/extensions/IForgeTransformationMatrix;
[12:46:20] [main/DEBUG]: Skipping Lnet/minecraftforge/client/extensions/IForgeTextureAtlasSprite;
[12:46:20] [main/DEBUG]: Skipping Lnet/minecraftforge/client/extensions/IForgeRenderChunk;
[12:46:20] [main/DEBUG]: Skipping Lnet/minecraftforge/client/extensions/IForgeModelTransform;
[12:46:20] [main/DEBUG]: Skipping Lnet/minecraftforge/client/extensions/IForgeMinecraft;
[12:46:20] [main/DEBUG]: Skipping Lnet/minecraftforge/client/extensions/IForgeKeybinding;
[12:46:20] [main/DEBUG]: Skipping Lnet/minecraftforge/client/extensions/IForgeBakedModel;
[12:46:20] [main/DEBUG]: Skipping Lnet/minecraftforge/client/event/sound/SoundSetupEvent;
[12:46:20] [main/DEBUG]: Skipping Lnet/minecraftforge/client/event/sound/SoundLoadEvent;
[12:46:20] [main/DEBUG]: Skipping Lnet/minecraftforge/client/event/sound/SoundEvent;
[12:46:20] [main/DEBUG]: Skipping Lnet/minecraftforge/client/event/sound/SoundEvent$SoundSourceEvent;
[12:46:20] [main/DEBUG]: Skipping Lnet/minecraftforge/client/event/sound/PlayStreamingSourceEvent;
[12:46:20] [main/DEBUG]: Skipping Lnet/minecraftforge/client/event/sound/PlaySoundSourceEvent;
[12:46:20] [main/DEBUG]: Skipping Lnet/minecraftforge/client/event/sound/PlaySoundEvent;
[12:46:20] [main/DEBUG]: Skipping Lnet/minecraftforge/client/event/TextureStitchEvent;
[12:46:20] [main/DEBUG]: Skipping Lnet/minecraftforge/client/event/TextureStitchEvent$Pre;
[12:46:20] [main/DEBUG]: Skipping Lnet/minecraftforge/client/event/TextureStitchEvent$Post;
[12:46:20] [main/DEBUG]: Skipping Lnet/minecraftforge/client/event/ScreenshotEvent;
[12:46:20] [main/DEBUG]: Skipping Lnet/minecraftforge/client/event/RenderWorldLastEvent;
[12:46:20] [main/DEBUG]: Skipping Lnet/minecraftforge/client/event/RenderTooltipEvent;
[12:46:20] [main/DEBUG]: Skipping Lnet/minecraftforge/client/event/RenderTooltipEvent$Pre;
[12:46:20] [main/DEBUG]: Skipping Lnet/minecraftforge/client/event/RenderTooltipEvent$PostText;
[12:46:20] [main/DEBUG]: Skipping Lnet/minecraftforge/client/event/RenderTooltipEvent$PostBackground;
[12:46:20] [main/DEBUG]: Skipping Lnet/minecraftforge/client/event/RenderTooltipEvent$Post;
[12:46:20] [main/DEBUG]: Skipping Lnet/minecraftforge/client/event/RenderTooltipEvent$Color;
[12:46:20] [main/DEBUG]: Skipping Lnet/minecraftforge/client/event/RenderPlayerEvent;
[12:46:20] [main/DEBUG]: Skipping Lnet/minecraftforge/client/event/RenderPlayerEvent$Pre;
[12:46:20] [main/DEBUG]: Skipping Lnet/minecraftforge/client/event/RenderPlayerEvent$Post;
[12:46:20] [main/DEBUG]: Skipping Lnet/minecraftforge/client/event/RenderNameplateEvent;
[12:46:20] [main/DEBUG]: Skipping Lnet/minecraftforge/client/event/RenderLivingEvent;
[12:46:20] [main/DEBUG]: Skipping Lnet/minecraftforge/client/event/RenderLivingEvent$Pre;
[12:46:20] [main/DEBUG]: Skipping Lnet/minecraftforge/client/event/RenderLivingEvent$Post;
[12:46:20] [main/DEBUG]: Skipping Lnet/minecraftforge/client/event/RenderItemInFrameEvent;
[12:46:20] [main/DEBUG]: Skipping Lnet/minecraftforge/client/event/RenderHandEvent;
[12:46:20] [main/DEBUG]: Skipping Lnet/minecraftforge/client/event/RenderGameOverlayEvent;
[12:46:20] [main/DEBUG]: Skipping Lnet/minecraftforge/client/event/RenderGameOverlayEvent$Text;
[12:46:20] [main/DEBUG]: Skipping Lnet/minecraftforge/client/event/RenderGameOverlayEvent$Pre;
[12:46:20] [main/DEBUG]: Skipping Lnet/minecraftforge/client/event/RenderGameOverlayEvent$Post;
[12:46:20] [main/DEBUG]: Skipping Lnet/minecraftforge/client/event/RenderGameOverlayEvent$ElementType;
[12:46:20] [main/DEBUG]: Skipping Lnet/minecraftforge/client/event/RenderGameOverlayEvent$Chat;
[12:46:20] [main/DEBUG]: Skipping Lnet/minecraftforge/client/event/RenderGameOverlayEvent$BossInfo;
[12:46:20] [main/DEBUG]: Skipping Lnet/minecraftforge/client/event/RenderGameOverlayEvent$1;
[12:46:20] [main/DEBUG]: Skipping Lnet/minecraftforge/client/event/RenderBlockOverlayEvent;
[12:46:20] [main/DEBUG]: Skipping Lnet/minecraftforge/client/event/RenderBlockOverlayEvent$OverlayType;
[12:46:20] [main/DEBUG]: Skipping Lnet/minecraftforge/client/event/RenderArmEvent;
[12:46:20] [main/DEBUG]: Skipping Lnet/minecraftforge/client/event/RecipesUpdatedEvent;
[12:46:20] [main/DEBUG]: Skipping Lnet/minecraftforge/client/event/ParticleFactoryRegisterEvent;
[12:46:20] [main/DEBUG]: Skipping Lnet/minecraftforge/client/event/ModelRegistryEvent;
[12:46:20] [main/DEBUG]: Skipping Lnet/minecraftforge/client/event/ModelBakeEvent;
[12:46:20] [main/DEBUG]: Skipping Lnet/minecraftforge/client/event/InputUpdateEvent;
[12:46:20] [main/DEBUG]: Skipping Lnet/minecraftforge/client/event/InputEvent;
[12:46:20] [main/DEBUG]: Skipping Lnet/minecraftforge/client/event/InputEvent$RawMouseEvent;
[12:46:20] [main/DEBUG]: Skipping Lnet/minecraftforge/client/event/InputEvent$MouseScrollEvent;
[12:46:20] [main/DEBUG]: Skipping Lnet/minecraftforge/client/event/InputEvent$MouseInputEvent;
[12:46:20] [main/DEBUG]: Skipping Lnet/minecraftforge/client/event/InputEvent$KeyInputEvent;
[12:46:20] [main/DEBUG]: Skipping Lnet/minecraftforge/client/event/InputEvent$ClickInputEvent;
[12:46:20] [main/DEBUG]: Skipping Lnet/minecraftforge/client/event/GuiScreenEvent;
[12:46:20] [main/DEBUG]: Skipping Lnet/minecraftforge/client/event/GuiScreenEvent$PotionShiftEvent;
[12:46:20] [main/DEBUG]: Skipping Lnet/minecraftforge/client/event/GuiScreenEvent$MouseScrollEvent;
[12:46:20] [main/DEBUG]: Skipping Lnet/minecraftforge/client/event/GuiScreenEvent$MouseScrollEvent$Pre;
[12:46:20] [main/DEBUG]: Skipping Lnet/minecraftforge/client/event/GuiScreenEvent$MouseScrollEvent$Post;
[12:46:20] [main/DEBUG]: Skipping Lnet/minecraftforge/client/event/GuiScreenEvent$MouseReleasedEvent;
[12:46:20] [main/DEBUG]: Skipping Lnet/minecraftforge/client/event/GuiScreenEvent$MouseReleasedEvent$Pre;
[12:46:20] [main/DEBUG]: Skipping Lnet/minecraftforge/client/event/GuiScreenEvent$MouseReleasedEvent$Post;
[12:46:20] [main/DEBUG]: Skipping Lnet/minecraftforge/client/event/GuiScreenEvent$MouseInputEvent;
[12:46:20] [main/DEBUG]: Skipping Lnet/minecraftforge/client/event/GuiScreenEvent$MouseDragEvent;
[12:46:20] [main/DEBUG]: Skipping Lnet/minecraftforge/client/event/GuiScreenEvent$MouseDragEvent$Pre;
[12:46:20] [main/DEBUG]: Skipping Lnet/minecraftforge/client/event/GuiScreenEvent$MouseDragEvent$Post;
[12:46:20] [main/DEBUG]: Skipping Lnet/minecraftforge/client/event/GuiScreenEvent$MouseClickedEvent;
[12:46:20] [main/DEBUG]: Skipping Lnet/minecraftforge/client/event/GuiScreenEvent$MouseClickedEvent$Pre;
[12:46:20] [main/DEBUG]: Skipping Lnet/minecraftforge/client/event/GuiScreenEvent$MouseClickedEvent$Post;
[12:46:20] [main/DEBUG]: Skipping Lnet/minecraftforge/client/event/GuiScreenEvent$KeyboardKeyReleasedEvent;
[12:46:20] [main/DEBUG]: Skipping Lnet/minecraftforge/client/event/GuiScreenEvent$KeyboardKeyReleasedEvent$Pre;
[12:46:20] [main/DEBUG]: Skipping Lnet/minecraftforge/client/event/GuiScreenEvent$KeyboardKeyReleasedEvent$Post;
[12:46:20] [main/DEBUG]: Skipping Lnet/minecraftforge/client/event/GuiScreenEvent$KeyboardKeyPressedEvent;
[12:46:20] [main/DEBUG]: Skipping Lnet/minecraftforge/client/event/GuiScreenEvent$KeyboardKeyPressedEvent$Pre;
[12:46:20] [main/DEBUG]: Skipping Lnet/minecraftforge/client/event/GuiScreenEvent$KeyboardKeyPressedEvent$Post;
[12:46:20] [main/DEBUG]: Skipping Lnet/minecraftforge/client/event/GuiScreenEvent$KeyboardKeyEvent;
[12:46:20] [main/DEBUG]: Skipping Lnet/minecraftforge/client/event/GuiScreenEvent$KeyboardCharTypedEvent;
[12:46:20] [main/DEBUG]: Skipping Lnet/minecraftforge/client/event/GuiScreenEvent$KeyboardCharTypedEvent$Pre;
[12:46:20] [main/DEBUG]: Skipping Lnet/minecraftforge/client/event/GuiScreenEvent$KeyboardCharTypedEvent$Post;
[12:46:20] [main/DEBUG]: Skipping Lnet/minecraftforge/client/event/GuiScreenEvent$InitGuiEvent;
[12:46:20] [main/DEBUG]: Skipping Lnet/minecraftforge/client/event/GuiScreenEvent$InitGuiEvent$Pre;
[12:46:20] [main/DEBUG]: Skipping Lnet/minecraftforge/client/event/GuiScreenEvent$InitGuiEvent$Post;
[12:46:20] [main/DEBUG]: Skipping Lnet/minecraftforge/client/event/GuiScreenEvent$DrawScreenEvent;
[12:46:20] [main/DEBUG]: Skipping Lnet/minecraftforge/client/event/GuiScreenEvent$DrawScreenEvent$Pre;
[12:46:20] [main/DEBUG]: Skipping Lnet/minecraftforge/client/event/GuiScreenEvent$DrawScreenEvent$Post;
[12:46:20] [main/DEBUG]: Skipping Lnet/minecraftforge/client/event/GuiScreenEvent$BackgroundDrawnEvent;
[12:46:20] [main/DEBUG]: Skipping Lnet/minecraftforge/client/event/GuiOpenEvent;
[12:46:20] [main/DEBUG]: Skipping Lnet/minecraftforge/client/event/GuiContainerEvent;
[12:46:20] [main/DEBUG]: Skipping Lnet/minecraftforge/client/event/GuiContainerEvent$DrawForeground;
[12:46:20] [main/DEBUG]: Skipping Lnet/minecraftforge/client/event/GuiContainerEvent$DrawBackground;
[12:46:20] [main/DEBUG]: Skipping Lnet/minecraftforge/client/event/FOVUpdateEvent;
[12:46:20] [main/DEBUG]: Skipping Lnet/minecraftforge/client/event/EntityViewRenderEvent;
[12:46:20] [main/DEBUG]: Skipping Lnet/minecraftforge/client/event/EntityViewRenderEvent$RenderFogEvent;
[12:46:20] [main/DEBUG]: Skipping Lnet/minecraftforge/client/event/EntityViewRenderEvent$FogEvent;
[12:46:20] [main/DEBUG]: Skipping Lnet/minecraftforge/client/event/EntityViewRenderEvent$FogDensity;
[12:46:20] [main/DEBUG]: Skipping Lnet/minecraftforge/client/event/EntityViewRenderEvent$FogColors;
[12:46:20] [main/DEBUG]: Skipping Lnet/minecraftforge/client/event/EntityViewRenderEvent$FOVModifier;
[12:46:20] [main/DEBUG]: Skipping Lnet/minecraftforge/client/event/EntityViewRenderEvent$CameraSetup;
[12:46:20] [main/DEBUG]: Skipping Lnet/minecraftforge/client/event/DrawHighlightEvent;
[12:46:20] [main/DEBUG]: Skipping Lnet/minecraftforge/client/event/DrawHighlightEvent$HighlightEntity;
[12:46:20] [main/DEBUG]: Skipping Lnet/minecraftforge/client/event/DrawHighlightEvent$HighlightBlock;
[12:46:20] [main/DEBUG]: Skipping Lnet/minecraftforge/client/event/ColorHandlerEvent;
[12:46:20] [main/DEBUG]: Skipping Lnet/minecraftforge/client/event/ColorHandlerEvent$Item;
[12:46:20] [main/DEBUG]: Skipping Lnet/minecraftforge/client/event/ColorHandlerEvent$Block;
[12:46:20] [main/DEBUG]: Skipping Lnet/minecraftforge/client/event/ClientPlayerNetworkEvent;
[12:46:20] [main/DEBUG]: Skipping Lnet/minecraftforge/client/event/ClientPlayerNetworkEvent$RespawnEvent;
[12:46:20] [main/DEBUG]: Skipping Lnet/minecraftforge/client/event/ClientPlayerNetworkEvent$LoggedOutEvent;
[12:46:20] [main/DEBUG]: Skipping Lnet/minecraftforge/client/event/ClientPlayerNetworkEvent$LoggedInEvent;
[12:46:20] [main/DEBUG]: Skipping Lnet/minecraftforge/client/event/ClientPlayerChangeGameModeEvent;
[12:46:20] [main/DEBUG]: Skipping Lnet/minecraftforge/client/event/ClientChatReceivedEvent;
[12:46:20] [main/DEBUG]: Skipping Lnet/minecraftforge/client/event/ClientChatEvent;
[12:46:20] [main/DEBUG]: Skipping Lnet/minecraftforge/client/WeatherRenderHandler;
[12:46:20] [main/DEBUG]: Skipping Lnet/minecraftforge/client/SkyRenderHandler;
[12:46:20] [main/DEBUG]: Skipping Lnet/minecraftforge/client/MinecraftForgeClient;
[12:46:20] [main/DEBUG]: Skipping Lnet/minecraftforge/client/MinecraftForgeClient$1;
[12:46:20] [main/DEBUG]: Skipping Lnet/minecraftforge/client/ItemModelMesherForge;
[12:46:20] [main/DEBUG]: Skipping Lnet/minecraftforge/client/IWeatherRenderHandler;
[12:46:20] [main/DEBUG]: Skipping Lnet/minecraftforge/client/IWeatherParticleRenderHandler;
[12:46:20] [main/DEBUG]: Skipping Lnet/minecraftforge/client/ISkyRenderHandler;
[12:46:20] [main/DEBUG]: Skipping Lnet/minecraftforge/client/IRenderHandler;
[12:46:20] [main/DEBUG]: Skipping Lnet/minecraftforge/client/ICloudRenderHandler;
[12:46:20] [main/DEBUG]: Skipping Lnet/minecraftforge/client/ForgeWorldTypeScreens;
[12:46:20] [main/DEBUG]: Skipping Lnet/minecraftforge/client/ForgeWorldTypeScreens$GeneratorType;
[12:46:20] [main/DEBUG]: Skipping Lnet/minecraftforge/client/ForgeRenderTypes;
[12:46:20] [main/DEBUG]: Skipping Lnet/minecraftforge/client/ForgeRenderTypes$Internal;
[12:46:20] [main/DEBUG]: Skipping Lnet/minecraftforge/client/ForgeRenderTypes$CustomizableTextureState;
[12:46:20] [main/DEBUG]: Skipping Lnet/minecraftforge/client/ForgeRenderTypes$1;
[12:46:20] [main/DEBUG]: Skipping Lnet/minecraftforge/client/ForgeHooksClient;
[12:46:20] [main/DEBUG]: Skipping Lnet/minecraftforge/client/ForgeHooksClient$1;
[12:46:20] [main/DEBUG]: Skipping Lnet/minecraftforge/client/FluidContainerColorer;
[12:46:20] [main/DEBUG]: Skipping Lnet/minecraftforge/client/CloudRenderHandler;
[12:46:20] [main/DEBUG]: Skipping Lnet/minecraft/realms/package-info;
[12:46:20] [main/DEBUG]: Skipping Lnet/minecraft/realms/RealmsConnect$1;
[12:46:20] [main/DEBUG]: Skipping Lnet/minecraft/realms/PersistenceSerializer;
[12:46:20] [main/DEBUG]: Skipping Lnet/minecraft/realms/IPersistentSerializable;
[12:46:20] [main/DEBUG]: Skipping Lnet/minecraft/realms/IErrorConsumer;
[12:46:20] [main/DEBUG]: Skipping Lnet/minecraft/realms/action/package-info;
[12:46:20] [main/DEBUG]: Skipping Lnet/minecraft/realms/action/CloseRealmsAction;
[12:46:20] [main/DEBUG]: Skipping Lnet/minecraft/realms/action/ConnectedToRealmsAction;
[12:46:20] [main/DEBUG]: Skipping Lnet/minecraft/realms/action/PrepareDownloadRealmsAction;
[12:46:20] [main/DEBUG]: Skipping Lnet/minecraft/realms/action/ConnectingToRealmsAction;
[12:46:20] [main/DEBUG]: Skipping Lnet/minecraft/realms/action/OpeningWorldRealmsAction;
[12:46:20] [main/DEBUG]: Skipping Lnet/minecraft/realms/action/ResetWorldRealmsAction;
[12:46:20] [main/DEBUG]: Skipping Lnet/minecraft/realms/action/RestoringBackupRealmsAction;
[12:46:20] [main/DEBUG]: Skipping Lnet/minecraft/realms/action/StartMinigameRealmsAction;
[12:46:20] [main/DEBUG]: Skipping Lnet/minecraft/realms/action/SwitchMinigameRealmsAction;
[12:46:20] [main/DEBUG]: Skipping Lnet/minecraft/realms/action/CreateWorldRealmsAction;
[12:46:20] [main/DEBUG]: Skipping Lnet/minecraft/realms/DisconnectedRealmsScreen;
[12:46:20] [main/DEBUG]: Skipping Lnet/minecraft/realms/RealmsNarratorHelper;
[12:46:20] [main/DEBUG]: Skipping Lnet/minecraft/realms/RealmsBridgeScreen;
[12:46:20] [main/DEBUG]: Skipping Lnet/minecraft/realms/RealmsConnect;
[12:46:20] [main/DEBUG]: Skipping Lnet/minecraft/realms/RealmsLabel;
[12:46:20] [main/DEBUG]: Skipping Lnet/minecraft/realms/RealmsObjectSelectionList;
[12:46:20] [main/DEBUG]: Skipping Lnet/minecraft/realms/RealmsScreen;
[12:46:20] [main/DEBUG]: Skipping Lnet/minecraft/realms/RealmsServerAddress;
[12:46:20] [main/DEBUG]: Skipping Lnet/minecraft/realms/RepeatedNarrator;
[12:46:20] [main/DEBUG]: Skipping Lnet/minecraft/realms/RepeatedNarrator$Parameter;
[12:46:20] [main/DEBUG]: Skipping Lnet/minecraft/scoreboard/package-info;
[12:46:20] [main/DEBUG]: Skipping Lnet/minecraft/scoreboard/ScoreObjective;
[12:46:20] [main/DEBUG]: Skipping Lnet/minecraft/scoreboard/ScorePlayerTeam;
[12:46:20] [main/DEBUG]: Skipping Lnet/minecraft/scoreboard/Score;
[12:46:20] [main/DEBUG]: Skipping Lnet/minecraft/scoreboard/Scoreboard;
[12:46:20] [main/DEBUG]: Skipping Lnet/minecraft/scoreboard/ScoreboardSaveData;
[12:46:20] [main/DEBUG]: Skipping Lnet/minecraft/scoreboard/Team;
[12:46:20] [main/DEBUG]: Skipping Lnet/minecraft/scoreboard/ScoreCriteria;
[12:46:20] [main/DEBUG]: Skipping Lnet/minecraft/scoreboard/ServerScoreboard$Action;
[12:46:20] [main/DEBUG]: Skipping Lnet/minecraft/scoreboard/ServerScoreboard;
[12:46:20] [main/DEBUG]: Skipping Lnet/minecraft/scoreboard/Team$CollisionRule;
[12:46:20] [main/DEBUG]: Skipping Lnet/minecraft/scoreboard/Team$Visible;
[12:46:20] [main/DEBUG]: Skipping Lnet/minecraft/scoreboard/ScoreCriteria$RenderType;
[12:46:20] [main/DEBUG]: Skipping Lnet/minecraft/test/package-info;
[12:46:20] [main/DEBUG]: Skipping Lnet/minecraft/test/TestCommand$Callback;
[12:46:20] [main/DEBUG]: Skipping Lnet/minecraft/test/TestUtils$1;
[12:46:20] [main/DEBUG]: Skipping Lnet/minecraft/test/TestRuntimeException;
[12:46:20] [main/DEBUG]: Skipping Lnet/minecraft/test/TestBlockPosException;
[12:46:20] [main/DEBUG]: Skipping Lnet/minecraft/test/TestBatch;
[12:46:20] [main/DEBUG]: Skipping Lnet/minecraft/test/TestExecutor;
[12:46:20] [main/DEBUG]: Skipping Lnet/minecraft/test/TestTickResult;
[12:46:20] [main/DEBUG]: Skipping Lnet/minecraft/test/TestTrackerHolder;
[12:46:20] [main/DEBUG]: Skipping Lnet/minecraft/test/TestTracker;
[12:46:20] [main/DEBUG]: Skipping Lnet/minecraft/test/ITestCallback;
[12:46:20] [main/DEBUG]: Skipping Lnet/minecraft/test/TestRegistry;
[12:46:20] [main/DEBUG]: Skipping Lnet/minecraft/test/TestUtils;
[12:46:20] [main/DEBUG]: Skipping Lnet/minecraft/test/TestList;
[12:46:20] [main/DEBUG]: Skipping Lnet/minecraft/test/TestCollection;
[12:46:20] [main/DEBUG]: Skipping Lnet/minecraft/test/TestTimeoutException;
[12:46:20] [main/DEBUG]: Skipping Lnet/minecraft/test/TestLogger;
[12:46:20] [main/DEBUG]: Skipping Lnet/minecraft/test/TestResultList;
[12:46:20] [main/DEBUG]: Skipping Lnet/minecraft/test/StructureHelper;
[12:46:20] [main/DEBUG]: Skipping Lnet/minecraft/test/TestTypeArgument;
[12:46:20] [main/DEBUG]: Skipping Lnet/minecraft/test/TestCommand;
[12:46:20] [main/DEBUG]: Skipping Lnet/minecraft/test/TestFunctionInfo;
[12:46:20] [main/DEBUG]: Skipping Lnet/minecraft/test/TestArgArgument;
[12:46:20] [main/DEBUG]: Skipping Lnet/minecraft/test/ITestLogger;
[12:46:20] [main/DEBUG]: Skipping Lnet/minecraft/test/TestExecutor$1;
[12:46:20] [main/DEBUG]: Skipping Lnet/minecraft/test/TestResultList$1;
[12:46:20] [main/DEBUG]: Skipping Lnet/minecraft/state/package-info;
[12:46:20] [main/DEBUG]: Skipping Lnet/minecraft/state/StateContainer;
[12:46:20] [main/DEBUG]: Skipping Lnet/minecraft/state/StateHolder;
[12:46:20] [main/DEBUG]: Skipping Lnet/minecraft/state/BooleanProperty;
[12:46:20] [main/DEBUG]: Skipping Lnet/minecraft/state/DirectionProperty;
[12:46:20] [main/DEBUG]: Skipping Lnet/minecraft/state/EnumProperty;
[12:46:20] [main/DEBUG]: Skipping Lnet/minecraft/state/IntegerProperty;
[12:46:20] [main/DEBUG]: Skipping Lnet/minecraft/state/Property;
[12:46:20] [main/DEBUG]: Skipping Lnet/minecraft/state/properties/package-info;
[12:46:20] [main/DEBUG]: Skipping Lnet/minecraft/state/properties/AttachFace;
[12:46:20] [main/DEBUG]: Skipping Lnet/minecraft/state/properties/BambooLeaves;
[12:46:20] [main/DEBUG]: Skipping Lnet/minecraft/state/properties/BedPart;
[12:46:20] [main/DEBUG]: Skipping Lnet/minecraft/state/properties/BellAttachment;
[12:46:20] [main/DEBUG]: Skipping Lnet/minecraft/state/properties/BlockStateProperties;
[12:46:20] [main/DEBUG]: Skipping Lnet/minecraft/state/properties/ChestType;
[12:46:20] [main/DEBUG]: Skipping Lnet/minecraft/state/properties/ComparatorMode;
[12:46:20] [main/DEBUG]: Skipping Lnet/minecraft/state/properties/DoorHingeSide;
[12:46:20] [main/DEBUG]: Skipping Lnet/minecraft/state/properties/DoubleBlockHalf;
[12:46:20] [main/DEBUG]: Skipping Lnet/minecraft/state/properties/Half;
[12:46:20] [main/DEBUG]: Skipping Lnet/minecraft/state/properties/NoteBlockInstrument;
[12:46:20] [main/DEBUG]: Skipping Lnet/minecraft/state/properties/PistonType;
[12:46:20] [main/DEBUG]: Skipping Lnet/minecraft/state/properties/RailShape;
[12:46:20] [main/DEBUG]: Skipping Lnet/minecraft/state/properties/RedstoneSide;
[12:46:20] [main/DEBUG]: Skipping Lnet/minecraft/state/properties/SlabType;
[12:46:20] [main/DEBUG]: Skipping Lnet/minecraft/state/properties/StairsShape;
[12:46:20] [main/DEBUG]: Skipping Lnet/minecraft/state/properties/StructureMode;
[12:46:20] [main/DEBUG]: Skipping Lnet/minecraft/state/StateContainer$Builder;
[12:46:20] [main/DEBUG]: Skipping Lnet/minecraft/state/StateContainer$IFactory;
[12:46:20] [main/DEBUG]: Skipping Lnet/minecraft/state/StateHolder$1;
[12:46:20] [main/DEBUG]: Skipping Lnet/minecraft/state/Property$1;
[12:46:20] [main/DEBUG]: Skipping Lnet/minecraft/state/Property$ValuePair;
[12:46:20] [main/DEBUG]: Skipping Lnet/minecraft/profiler/package-info;
[12:46:20] [main/DEBUG]: Skipping Lnet/minecraft/profiler/Profiler$1;
[12:46:20] [main/DEBUG]: Skipping Lnet/minecraft/profiler/Profiler$Section;
[12:46:20] [main/DEBUG]: Skipping Lnet/minecraft/profiler/FilledProfileResult$1;
[12:46:20] [main/DEBUG]: Skipping Lnet/minecraft/profiler/FilledProfileResult$Section;
[12:46:20] [main/DEBUG]: Skipping Lnet/minecraft/profiler/IProfiler$1;
[12:46:20] [main/DEBUG]: Skipping Lnet/minecraft/profiler/Profiler;
[12:46:20] [main/DEBUG]: Skipping Lnet/minecraft/profiler/TimeTracker;
[12:46:20] [main/DEBUG]: Skipping Lnet/minecraft/profiler/EmptyProfileResult;
[12:46:20] [main/DEBUG]: Skipping Lnet/minecraft/profiler/FilledProfileResult;
[12:46:20] [main/DEBUG]: Skipping Lnet/minecraft/profiler/EmptyProfiler;
[12:46:20] [main/DEBUG]: Skipping Lnet/minecraft/profiler/IResultableProfiler;
[12:46:20] [main/DEBUG]: Skipping Lnet/minecraft/profiler/IProfileResult;
[12:46:20] [main/DEBUG]: Skipping Lnet/minecraft/profiler/IProfiler;
[12:46:20] [main/DEBUG]: Skipping Lnet/minecraft/profiler/IProfilerSection;
[12:46:20] [main/DEBUG]: Skipping Lnet/minecraft/profiler/DataPoint;
[12:46:20] [main/DEBUG]: Skipping Lnet/minecraft/profiler/LongTickDetector;
[12:46:20] [main/DEBUG]: Skipping Lnet/minecraft/profiler/Snooper;
[12:46:20] [main/DEBUG]: Skipping Lnet/minecraft/profiler/ISnooperInfo;
[12:46:20] [main/DEBUG]: Skipping Lnet/minecraft/fluid/package-info;
[12:46:20] [main/DEBUG]: Skipping Lnet/minecraft/fluid/EmptyFluid;
[12:46:20] [main/DEBUG]: Skipping Lnet/minecraft/fluid/Fluids;
[12:46:20] [main/DEBUG]: Skipping Lnet/minecraft/fluid/FlowingFluid;
[12:46:20] [main/DEBUG]: Skipping Lnet/minecraft/fluid/Fluid;
[12:46:20] [main/DEBUG]: Skipping Lnet/minecraft/fluid/FluidState;
[12:46:20] [main/DEBUG]: Skipping Lnet/minecraft/fluid/LavaFluid;
[12:46:20] [main/DEBUG]: Skipping Lnet/minecraft/fluid/WaterFluid;
[12:46:20] [main/DEBUG]: Skipping Lnet/minecraft/fluid/FlowingFluid$1;
[12:46:20] [main/DEBUG]: Skipping Lnet/minecraft/fluid/WaterFluid$Flowing;
[12:46:20] [main/DEBUG]: Skipping Lnet/minecraft/fluid/WaterFluid$Source;
[12:46:20] [main/DEBUG]: Skipping Lnet/minecraft/fluid/LavaFluid$Flowing;
[12:46:20] [main/DEBUG]: Skipping Lnet/minecraft/fluid/LavaFluid$Source;
[12:46:20] [main/DEBUG]: Skipping Lnet/minecraft/data/package-info;
[12:46:20] [main/DEBUG]: Skipping Lnet/minecraft/data/IMultiPartPredicateBuilder$1;
[12:46:20] [main/DEBUG]: Skipping Lnet/minecraft/data/IMultiPartPredicateBuilder$Serializer;
[12:46:20] [main/DEBUG]: Skipping Lnet/minecraft/data/IMultiPartPredicateBuilder$Operator;
[12:46:20] [main/DEBUG]: Skipping Lnet/minecraft/data/IMultiPartPredicateBuilder$Properties;
[12:46:20] [main/DEBUG]: Transforming class Lnet/minecraft/data/ShapedRecipeBuilder$Result;
[12:46:20] [main/DEBUG]: Transforming net.minecraft.data.ShapedRecipeBuilder$Result CLASS to access PUBLIC and LEAVE
[12:46:20] [main/DEBUG]: Skipping Lnet/minecraft/data/IDataProvider;
[12:46:20] [main/DEBUG]: Skipping Lnet/minecraft/data/advancements/package-info;
[12:46:20] [main/DEBUG]: Skipping Lnet/minecraft/data/advancements/AdventureAdvancements;
[12:46:20] [main/DEBUG]: Skipping Lnet/minecraft/data/advancements/HusbandryAdvancements;
[12:46:20] [main/DEBUG]: Skipping Lnet/minecraft/data/advancements/NetherAdvancements;
[12:46:20] [main/DEBUG]: Skipping Lnet/minecraft/data/advancements/StoryAdvancements;
[12:46:20] [main/DEBUG]: Skipping Lnet/minecraft/data/advancements/EndAdvancements;
[12:46:20] [main/DEBUG]: Skipping Lnet/minecraft/data/BlockListReport;
[12:46:20] [main/DEBUG]: Skipping Lnet/minecraft/data/CommandsReport;
[12:46:20] [main/DEBUG]: Skipping Lnet/minecraft/data/RegistryDumpReport;
[12:46:20] [main/DEBUG]: Skipping Lnet/minecraft/data/BlockModelProvider;
[12:46:20] [main/DEBUG]: Skipping Lnet/minecraft/data/ItemModelProvider;
[12:46:20] [main/DEBUG]: Skipping Lnet/minecraft/data/BlockStateProvider;
[12:46:20] [main/DEBUG]: Skipping Lnet/minecraft/data/IFinishedBlockState;
[12:46:20] [main/DEBUG]: Skipping Lnet/minecraft/data/IMultiPartPredicateBuilder;
[12:46:20] [main/DEBUG]: Skipping Lnet/minecraft/data/FinishedMultiPartBlockState;
[12:46:20] [main/DEBUG]: Skipping Lnet/minecraft/data/FinishedVariantBlockState;
[12:46:20] [main/DEBUG]: Skipping Lnet/minecraft/data/BlockStateVariantBuilder;
[12:46:20] [main/DEBUG]: Skipping Lnet/minecraft/data/VariantPropertyBuilder;
[12:46:20] [main/DEBUG]: Skipping Lnet/minecraft/data/BlockModelDefinition;
[12:46:20] [main/DEBUG]: Skipping Lnet/minecraft/data/BlockModelFields;
[12:46:20] [main/DEBUG]: Skipping Lnet/minecraft/data/BlockModeInfo;
[12:46:20] [main/DEBUG]: Skipping Lnet/minecraft/data/BlockModelWriter;
[12:46:20] [main/DEBUG]: Skipping Lnet/minecraft/data/ModelsResourceUtil;
[12:46:20] [main/DEBUG]: Skipping Lnet/minecraft/data/ModelsUtil;
[12:46:20] [main/DEBUG]: Skipping Lnet/minecraft/data/StockModelShapes;
[12:46:20] [main/DEBUG]: Skipping Lnet/minecraft/data/ModelTextures;
[12:46:20] [main/DEBUG]: Skipping Lnet/minecraft/data/StockTextureAliases;
[12:46:20] [main/DEBUG]: Skipping Lnet/minecraft/data/TexturedModel;
[12:46:20] [main/DEBUG]: Skipping Lnet/minecraft/data/IFinishedRecipe;
[12:46:20] [main/DEBUG]: Transforming class Lnet/minecraft/data/ShapedRecipeBuilder;
[12:46:20] [main/DEBUG]: Transforming net.minecraft.data.ShapedRecipeBuilder INNERCLASS Result to access PUBLIC and LEAVE
[12:46:20] [main/DEBUG]: Skipping Lnet/minecraft/data/ShapelessRecipeBuilder;
[12:46:20] [main/DEBUG]: Skipping Lnet/minecraft/data/CookingRecipeBuilder;
[12:46:20] [main/DEBUG]: Skipping Lnet/minecraft/data/SingleItemRecipeBuilder;
[12:46:20] [main/DEBUG]: Skipping Lnet/minecraft/data/CustomRecipeBuilder;
[12:46:20] [main/DEBUG]: Skipping Lnet/minecraft/data/SmithingRecipeBuilder;
[12:46:20] [main/DEBUG]: Skipping Lnet/minecraft/data/NBTToSNBTConverter;
[12:46:20] [main/DEBUG]: Skipping Lnet/minecraft/data/SNBTToNBTConverter;
[12:46:20] [main/DEBUG]: Skipping Lnet/minecraft/data/StructureUpdater;
[12:46:20] [main/DEBUG]: Skipping Lnet/minecraft/data/BiomeProvider;
[12:46:20] [main/DEBUG]: Skipping Lnet/minecraft/data/FinishedMultiPartBlockState$1;
[12:46:20] [main/DEBUG]: Skipping Lnet/minecraft/data/FinishedMultiPartBlockState$ConditionalPart;
[12:46:20] [main/DEBUG]: Skipping Lnet/minecraft/data/FinishedMultiPartBlockState$Part;
[12:46:20] [main/DEBUG]: Skipping Lnet/minecraft/data/ShapelessRecipeBuilder$Result;
[12:46:20] [main/DEBUG]: Skipping Lnet/minecraft/data/CookingRecipeBuilder$Result;
[12:46:20] [main/DEBUG]: Skipping Lnet/minecraft/data/BlockStateVariantBuilder$1;
[12:46:20] [main/DEBUG]: Skipping Lnet/minecraft/data/BlockStateVariantBuilder$One;
[12:46:20] [main/DEBUG]: Skipping Lnet/minecraft/data/BlockStateVariantBuilder$Two;
[12:46:20] [main/DEBUG]: Skipping Lnet/minecraft/data/BlockStateVariantBuilder$Three;
[12:46:20] [main/DEBUG]: Skipping Lnet/minecraft/data/BlockStateVariantBuilder$Four;
[12:46:20] [main/DEBUG]: Skipping Lnet/minecraft/data/BlockStateVariantBuilder$Five;
[12:46:20] [main/DEBUG]: Skipping Lnet/minecraft/data/BlockStateVariantBuilder$ITriFunction;
[12:46:20] [main/DEBUG]: Skipping Lnet/minecraft/data/SingleItemRecipeBuilder$Result;
[12:46:20] [main/DEBUG]: Skipping Lnet/minecraft/data/CustomRecipeBuilder$1;
[12:46:20] [main/DEBUG]: Skipping Lnet/minecraft/data/SmithingRecipeBuilder$Result;
[12:46:20] [main/DEBUG]: Skipping Lnet/minecraft/data/BlockModelFields$Rotation;
[12:46:20] [main/DEBUG]: Skipping Lnet/minecraft/data/BlockModeInfo$Field;
[12:46:20] [main/DEBUG]: Skipping Lnet/minecraft/data/TexturedModel$ISupplier;
[12:46:20] [main/DEBUG]: Skipping Lnet/minecraft/data/SNBTToNBTConverter$ITransformer;
[12:46:20] [main/DEBUG]: Skipping Lnet/minecraft/data/SNBTToNBTConverter$TaskResult;
[12:46:20] [main/DEBUG]: Skipping Lnet/minecraft/data/BlockModelProvider$1;
[12:46:20] [main/DEBUG]: Skipping Lnet/minecraft/data/BlockModelProvider$BreakParticleHelper;
[12:46:20] [main/DEBUG]: Skipping Lnet/minecraft/data/BlockModelProvider$BlockTextureCombiner;
[12:46:20] [main/DEBUG]: Skipping Lnet/minecraft/data/BlockModelProvider$TintMode;
[12:46:20] [main/DEBUG]: Skipping Lnet/minecraft/data/BlockModelProvider$LogsVariantHelper;
[12:46:20] [main/DEBUG]: Skipping Lnet/minecraft/data/Main;
[12:46:20] [main/DEBUG]: Skipping Lnet/minecraft/data/DataGenerator;
[12:46:20] [main/DEBUG]: Skipping Lnet/minecraft/data/DirectoryCache;
[12:46:20] [main/DEBUG]: Skipping Lnet/minecraft/data/AdvancementProvider;
[12:46:20] [main/DEBUG]: Skipping Lnet/minecraft/data/loot/package-info;
[12:46:20] [main/DEBUG]: Skipping Lnet/minecraft/data/loot/ChestLootTables;
[12:46:20] [main/DEBUG]: Skipping Lnet/minecraft/data/loot/FishingLootTables;
[12:46:20] [main/DEBUG]: Skipping Lnet/minecraft/data/loot/GiftLootTables;
[12:46:20] [main/DEBUG]: Transforming class Lnet/minecraft/data/loot/BlockLootTables;
[12:46:20] [main/DEBUG]: Transforming net.minecraft.data.loot.BlockLootTables METHOD func_218552_a(Lnet/minecraft/util/IItemProvider;Lnet/minecraft/loot/ILootFunctionConsumer;)Ljava/lang/Object; to access PROTECTED and LEAVE
[12:46:20] [main/DEBUG]: Transforming net.minecraft.data.loot.BlockLootTables METHOD func_218560_a(Lnet/minecraft/util/IItemProvider;Lnet/minecraft/loot/ILootConditionConsumer;)Ljava/lang/Object; to access PROTECTED and LEAVE
[12:46:20] [main/DEBUG]: Transforming net.minecraft.data.loot.BlockLootTables METHOD func_218546_a(Lnet/minecraft/util/IItemProvider;)Lnet/minecraft/loot/LootTable$Builder; to access PROTECTED and LEAVE
[12:46:20] [main/DEBUG]: Transforming net.minecraft.data.loot.BlockLootTables METHOD func_218494_a(Lnet/minecraft/block/Block;Lnet/minecraft/loot/conditions/ILootCondition$IBuilder;Lnet/minecraft/loot/LootEntry$Builder;)Lnet/minecraft/loot/LootTable$Builder; to access PROTECTED and LEAVE
[12:46:20] [main/DEBUG]: Transforming net.minecraft.data.loot.BlockLootTables METHOD func_218519_a(Lnet/minecraft/block/Block;Lnet/minecraft/loot/LootEntry$Builder;)Lnet/minecraft/loot/LootTable$Builder; to access PROTECTED and LEAVE
[12:46:20] [main/DEBUG]: Transforming net.minecraft.data.loot.BlockLootTables METHOD func_218511_b(Lnet/minecraft/block/Block;Lnet/minecraft/loot/LootEntry$Builder;)Lnet/minecraft/loot/LootTable$Builder; to access PROTECTED and LEAVE
[12:46:20] [main/DEBUG]: Transforming net.minecraft.data.loot.BlockLootTables METHOD func_218535_c(Lnet/minecraft/block/Block;Lnet/minecraft/loot/LootEntry$Builder;)Lnet/minecraft/loot/LootTable$Builder; to access PROTECTED and LEAVE
[12:46:20] [main/DEBUG]: Transforming net.minecraft.data.loot.BlockLootTables METHOD func_218515_b(Lnet/minecraft/block/Block;Lnet/minecraft/util/IItemProvider;)Lnet/minecraft/loot/LootTable$Builder; to access PROTECTED and LEAVE
[12:46:20] [main/DEBUG]: Transforming net.minecraft.data.loot.BlockLootTables METHOD func_218463_a(Lnet/minecraft/util/IItemProvider;Lnet/minecraft/loot/IRandomRange;)Lnet/minecraft/loot/LootTable$Builder; to access PROTECTED and LEAVE
[12:46:20] [main/DEBUG]: Transforming net.minecraft.data.loot.BlockLootTables METHOD func_218530_a(Lnet/minecraft/block/Block;Lnet/minecraft/util/IItemProvider;Lnet/minecraft/loot/IRandomRange;)Lnet/minecraft/loot/LootTable$Builder; to access PROTECTED and LEAVE
[12:46:20] [main/DEBUG]: Transforming net.minecraft.data.loot.BlockLootTables METHOD func_218561_b(Lnet/minecraft/util/IItemProvider;)Lnet/minecraft/loot/LootTable$Builder; to access PROTECTED and LEAVE
[12:46:20] [main/DEBUG]: Transforming net.minecraft.data.loot.BlockLootTables METHOD func_218523_c(Lnet/minecraft/util/IItemProvider;)Lnet/minecraft/loot/LootTable$Builder; to access PROTECTED and LEAVE
[12:46:20] [main/DEBUG]: Transforming net.minecraft.data.loot.BlockLootTables METHOD func_218513_d(Lnet/minecraft/block/Block;)Lnet/minecraft/loot/LootTable$Builder; to access PROTECTED and LEAVE
[12:46:20] [main/DEBUG]: Transforming net.minecraft.data.loot.BlockLootTables METHOD func_218562_a(Lnet/minecraft/block/Block;Lnet/minecraft/state/Property;Ljava/lang/Comparable;)Lnet/minecraft/loot/LootTable$Builder; to access PROTECTED and LEAVE
[12:46:20] [main/DEBUG]: Transforming net.minecraft.data.loot.BlockLootTables METHOD func_218481_e(Lnet/minecraft/block/Block;)Lnet/minecraft/loot/LootTable$Builder; to access PROTECTED and LEAVE
[12:46:20] [main/DEBUG]: Transforming net.minecraft.data.loot.BlockLootTables METHOD func_218544_f(Lnet/minecraft/block/Block;)Lnet/minecraft/loot/LootTable$Builder; to access PROTECTED and LEAVE
[12:46:20] [main/DEBUG]: Transforming net.minecraft.data.loot.BlockLootTables METHOD func_218559_g(Lnet/minecraft/block/Block;)Lnet/minecraft/loot/LootTable$Builder; to access PROTECTED and LEAVE
[12:46:20] [main/DEBUG]: Transforming net.minecraft.data.loot.BlockLootTables METHOD func_218476_a(Lnet/minecraft/block/Block;Lnet/minecraft/item/Item;)Lnet/minecraft/loot/LootTable$Builder; to access PROTECTED and LEAVE
[12:46:20] [main/DEBUG]: Transforming net.minecraft.data.loot.BlockLootTables METHOD func_218491_c(Lnet/minecraft/block/Block;Lnet/minecraft/util/IItemProvider;)Lnet/minecraft/loot/LootTable$Builder; to access PROTECTED and LEAVE
[12:46:20] [main/DEBUG]: Transforming net.minecraft.data.loot.BlockLootTables METHOD func_218570_h(Lnet/minecraft/block/Block;)Lnet/minecraft/loot/LootTable$Builder; to access PROTECTED and LEAVE
[12:46:20] [main/DEBUG]: Transforming net.minecraft.data.loot.BlockLootTables METHOD func_218475_b(Lnet/minecraft/block/Block;Lnet/minecraft/item/Item;)Lnet/minecraft/loot/LootTable$Builder; to access PROTECTED and LEAVE
[12:46:20] [main/DEBUG]: Transforming net.minecraft.data.loot.BlockLootTables METHOD func_218486_d(Lnet/minecraft/util/IItemProvider;)Lnet/minecraft/loot/LootTable$Builder; to access PROTECTED and LEAVE
[12:46:20] [main/DEBUG]: Transforming net.minecraft.data.loot.BlockLootTables METHOD func_218540_a(Lnet/minecraft/block/Block;Lnet/minecraft/block/Block;[F)Lnet/minecraft/loot/LootTable$Builder; to access PROTECTED and LEAVE
[12:46:20] [main/DEBUG]: Transforming net.minecraft.data.loot.BlockLootTables METHOD func_218526_b(Lnet/minecraft/block/Block;Lnet/minecraft/block/Block;[F)Lnet/minecraft/loot/LootTable$Builder; to access PROTECTED and LEAVE
[12:46:20] [main/DEBUG]: Transforming net.minecraft.data.loot.BlockLootTables METHOD func_218541_a(Lnet/minecraft/block/Block;Lnet/minecraft/item/Item;Lnet/minecraft/item/Item;Lnet/minecraft/loot/conditions/ILootCondition$IBuilder;)Lnet/minecraft/loot/LootTable$Builder; to access PROTECTED and LEAVE
[12:46:20] [main/DEBUG]: Transforming net.minecraft.data.loot.BlockLootTables METHOD func_218522_a(Lnet/minecraft/block/Block;Ljava/util/function/Function;)V to access PROTECTED and LEAVE
[12:46:20] [main/DEBUG]: Transforming net.minecraft.data.loot.BlockLootTables METHOD func_218507_a(Lnet/minecraft/block/Block;Lnet/minecraft/loot/LootTable$Builder;)V to access PROTECTED and LEAVE
[12:46:20] [main/DEBUG]: Transforming class Lnet/minecraft/data/loot/EntityLootTables;
[12:46:20] [main/DEBUG]: Transforming net.minecraft.data.loot.EntityLootTables FIELD field_218586_a to access PROTECTED and LEAVE
[12:46:20] [main/DEBUG]: Transforming net.minecraft.data.loot.EntityLootTables METHOD func_218582_a(Lnet/minecraft/entity/EntityType;Lnet/minecraft/loot/LootTable$Builder;)V to access PROTECTED and LEAVE
[12:46:20] [main/DEBUG]: Transforming net.minecraft.data.loot.EntityLootTables METHOD func_218585_a(Lnet/minecraft/util/ResourceLocation;Lnet/minecraft/loot/LootTable$Builder;)V to access PROTECTED and LEAVE
[12:46:20] [main/DEBUG]: Skipping Lnet/minecraft/data/LootTableProvider;
[12:46:20] [main/DEBUG]: Transforming class Lnet/minecraft/data/RecipeProvider;
[12:46:20] [main/DEBUG]: Transforming net.minecraft.data.RecipeProvider FIELD field_200413_c to access PROTECTED and LEAVE
[12:46:20] [main/DEBUG]: Transforming net.minecraft.data.RecipeProvider METHOD func_208310_b(Lnet/minecraft/data/DirectoryCache;Lcom/google/gson/JsonObject;Ljava/nio/file/Path;)V to access PROTECTED and LEAVE
[12:46:20] [main/DEBUG]: Transforming net.minecraft.data.RecipeProvider METHOD func_200404_a(Ljava/util/function/Consumer;)V to access PROTECTED and LEAVE
[12:46:20] [main/DEBUG]: Transforming net.minecraft.data.RecipeProvider METHOD func_200407_a(Lnet/minecraft/block/Block;)Lnet/minecraft/advancements/criterion/EnterBlockTrigger$Instance; to access PROTECTED and LEAVE
[12:46:20] [main/DEBUG]: Transforming net.minecraft.data.RecipeProvider METHOD func_200403_a(Lnet/minecraft/util/IItemProvider;)Lnet/minecraft/advancements/criterion/InventoryChangeTrigger$Instance; to access PROTECTED and LEAVE
[12:46:20] [main/DEBUG]: Transforming net.minecraft.data.RecipeProvider METHOD func_200409_a(Lnet/minecraft/tags/ITag;)Lnet/minecraft/advancements/criterion/InventoryChangeTrigger$Instance; to access PROTECTED and LEAVE
[12:46:20] [main/DEBUG]: Transforming net.minecraft.data.RecipeProvider METHOD func_200405_a([Lnet/minecraft/advancements/criterion/ItemPredicate;)Lnet/minecraft/advancements/criterion/InventoryChangeTrigger$Instance; to access PROTECTED and LEAVE
[12:46:20] [main/DEBUG]: Skipping Lnet/minecraft/data/BlockTagsProvider;
[12:46:20] [main/DEBUG]: Skipping Lnet/minecraft/data/EntityTypeTagsProvider;
[12:46:20] [main/DEBUG]: Skipping Lnet/minecraft/data/FluidTagsProvider;
[12:46:20] [main/DEBUG]: Skipping Lnet/minecraft/data/ItemTagsProvider;
[12:46:20] [main/DEBUG]: Transforming class Lnet/minecraft/data/TagsProvider;
[12:46:20] [main/DEBUG]: Transforming net.minecraft.data.TagsProvider FIELD field_200434_b to access PROTECTED and LEAVE
[12:46:20] [main/DEBUG]: Skipping Lnet/minecraft/data/TagsProvider$1;
[12:46:20] [main/DEBUG]: Skipping Lnet/minecraft/data/TagsProvider$Builder;
[12:46:20] [main/DEBUG]: Skipping Lnet/minecraft/crash/package-info;
[12:46:20] [main/DEBUG]: Skipping Lnet/minecraft/crash/ICrashReportDetail;
[12:46:20] [main/DEBUG]: Skipping Lnet/minecraft/crash/ReportedException;
[12:46:20] [main/DEBUG]: Skipping Lnet/minecraft/crash/CrashReport;
[12:46:20] [main/DEBUG]: Skipping Lnet/minecraft/crash/CrashReportCategory;
[12:46:20] [main/DEBUG]: Skipping Lnet/minecraft/crash/CrashReportCategory$Entry;
[12:46:20] [main/DEBUG]: Skipping Lnet/minecraft/command/package-info;
[12:46:20] [main/DEBUG]: Skipping Lnet/minecraft/command/TimedFunction$Serializer;
[12:46:20] [main/DEBUG]: Skipping Lnet/minecraft/command/TimedFunction;
[12:46:20] [main/DEBUG]: Skipping Lnet/minecraft/command/TimedFunctionTag;
[12:46:20] [main/DEBUG]: Skipping Lnet/minecraft/command/ITimerCallback;
[12:46:20] [main/DEBUG]: Skipping Lnet/minecraft/command/TimerCallbackSerializers;
[12:46:20] [main/DEBUG]: Skipping Lnet/minecraft/command/TimerCallbackManager;
[12:46:20] [main/DEBUG]: Skipping Lnet/minecraft/command/TimedFunctionTag$Serializer;
[12:46:20] [main/DEBUG]: Skipping Lnet/minecraft/command/ICommandSource$1;
[12:46:20] [main/DEBUG]: Skipping Lnet/minecraft/command/ITimerCallback$Serializer;
[12:46:20] [main/DEBUG]: Skipping Lnet/minecraft/command/TranslatableExceptionProvider;
[12:46:20] [main/DEBUG]: Skipping Lnet/minecraft/command/FunctionObject;
[12:46:20] [main/DEBUG]: Skipping Lnet/minecraft/command/CommandException;
[12:46:20] [main/DEBUG]: Skipping Lnet/minecraft/command/ICommandSource;
[12:46:20] [main/DEBUG]: Skipping Lnet/minecraft/command/CommandSource;
[12:46:20] [main/DEBUG]: Skipping Lnet/minecraft/command/ISuggestionProvider;
[12:46:20] [main/DEBUG]: Skipping Lnet/minecraft/command/TimerCallbackManager$1;
[12:46:20] [main/DEBUG]: Skipping Lnet/minecraft/command/TimerCallbackManager$Entry;
[12:46:20] [main/DEBUG]: Skipping Lnet/minecraft/command/ISuggestionProvider$Coordinates;
[12:46:20] [main/DEBUG]: Skipping Lnet/minecraft/command/FunctionObject$CacheableFunction;
[12:46:20] [main/DEBUG]: Skipping Lnet/minecraft/command/FunctionObject$CommandEntry;
[12:46:20] [main/DEBUG]: Skipping Lnet/minecraft/command/FunctionObject$IEntry;
[12:46:20] [main/DEBUG]: Skipping Lnet/minecraft/command/FunctionObject$FunctionEntry;
[12:46:20] [main/DEBUG]: Skipping Lnet/minecraft/command/Commands;
[12:46:20] [main/DEBUG]: Skipping Lnet/minecraft/command/Commands$EnvironmentType;
[12:46:20] [main/DEBUG]: Skipping Lnet/minecraft/command/Commands$IParser;
[12:46:20] [main/DEBUG]: Skipping Lnet/minecraft/command/impl/package-info;
[12:46:20] [main/DEBUG]: Skipping Lnet/minecraft/command/impl/ExecuteCommand$INumericTest;
[12:46:20] [main/DEBUG]: Skipping Lnet/minecraft/command/impl/ExecuteCommand$IBooleanTest;
[12:46:20] [main/DEBUG]: Skipping Lnet/minecraft/command/impl/ExperienceCommand$Type;
[12:46:20] [main/DEBUG]: Skipping Lnet/minecraft/command/impl/CloneCommand$BlockInfo;
[12:46:20] [main/DEBUG]: Skipping Lnet/minecraft/command/impl/CloneCommand$Mode;
[12:46:20] [main/DEBUG]: Skipping Lnet/minecraft/command/impl/FillCommand$Mode;
[12:46:20] [main/DEBUG]: Skipping Lnet/minecraft/command/impl/DataPackCommand$IHandler;
[12:46:20] [main/DEBUG]: Skipping Lnet/minecraft/command/impl/AdvancementCommand;
[12:46:20] [main/DEBUG]: Skipping Lnet/minecraft/command/impl/AttributeCommand;
[12:46:20] [main/DEBUG]: Skipping Lnet/minecraft/command/impl/BanIpCommand;
[12:46:20] [main/DEBUG]: Skipping Lnet/minecraft/command/impl/BanListCommand;
[12:46:20] [main/DEBUG]: Skipping Lnet/minecraft/command/impl/BanCommand;
[12:46:20] [main/DEBUG]: Skipping Lnet/minecraft/command/impl/BossBarCommand;
[12:46:20] [main/DEBUG]: Skipping Lnet/minecraft/command/impl/ClearCommand;
[12:46:20] [main/DEBUG]: Skipping Lnet/minecraft/command/impl/CloneCommand;
[12:46:20] [main/DEBUG]: Skipping Lnet/minecraft/command/impl/DataPackCommand;
[12:46:20] [main/DEBUG]: Skipping Lnet/minecraft/command/impl/DeOpCommand;
[12:46:20] [main/DEBUG]: Skipping Lnet/minecraft/command/impl/DebugCommand;
[12:46:20] [main/DEBUG]: Skipping Lnet/minecraft/command/impl/DefaultGameModeCommand;
[12:46:20] [main/DEBUG]: Skipping Lnet/minecraft/command/impl/DifficultyCommand;
[12:46:20] [main/DEBUG]: Skipping Lnet/minecraft/command/impl/EffectCommand;
[12:46:20] [main/DEBUG]: Skipping Lnet/minecraft/command/impl/MeCommand;
[12:46:20] [main/DEBUG]: Skipping Lnet/minecraft/command/impl/EnchantCommand;
[12:46:20] [main/DEBUG]: Skipping Lnet/minecraft/command/impl/ExecuteCommand;
[12:46:20] [main/DEBUG]: Skipping Lnet/minecraft/command/impl/ExperienceCommand;
[12:46:20] [main/DEBUG]: Skipping Lnet/minecraft/command/impl/FillCommand;
[12:46:20] [main/DEBUG]: Skipping Lnet/minecraft/command/impl/ForceLoadCommand;
[12:46:20] [main/DEBUG]: Skipping Lnet/minecraft/command/impl/FunctionCommand;
[12:46:20] [main/DEBUG]: Skipping Lnet/minecraft/command/impl/GameModeCommand;
[12:46:20] [main/DEBUG]: Skipping Lnet/minecraft/command/impl/GameRuleCommand;
[12:46:20] [main/DEBUG]: Skipping Lnet/minecraft/command/impl/GiveCommand;
[12:46:20] [main/DEBUG]: Skipping Lnet/minecraft/command/impl/HelpCommand;
[12:46:20] [main/DEBUG]: Skipping Lnet/minecraft/command/impl/KickCommand;
[12:46:20] [main/DEBUG]: Skipping Lnet/minecraft/command/impl/KillCommand;
[12:46:20] [main/DEBUG]: Skipping Lnet/minecraft/command/impl/ListCommand;
[12:46:20] [main/DEBUG]: Skipping Lnet/minecraft/command/impl/LocateBiomeCommand;
[12:46:20] [main/DEBUG]: Skipping Lnet/minecraft/command/impl/LootCommand;
[12:46:20] [main/DEBUG]: Skipping Lnet/minecraft/command/impl/MessageCommand;
[12:46:20] [main/DEBUG]: Skipping Lnet/minecraft/command/impl/OpCommand;
[12:46:20] [main/DEBUG]: Skipping Lnet/minecraft/command/impl/PardonCommand;
[12:46:20] [main/DEBUG]: Skipping Lnet/minecraft/command/impl/PardonIpCommand;
[12:46:20] [main/DEBUG]: Skipping Lnet/minecraft/command/impl/ParticleCommand;
[12:46:20] [main/DEBUG]: Skipping Lnet/minecraft/command/impl/PlaySoundCommand;
[12:46:20] [main/DEBUG]: Skipping Lnet/minecraft/command/impl/PublishCommand;
[12:46:20] [main/DEBUG]: Skipping Lnet/minecraft/command/impl/RecipeCommand;
[12:46:20] [main/DEBUG]: Skipping Lnet/minecraft/command/impl/ReloadCommand;
[12:46:20] [main/DEBUG]: Skipping Lnet/minecraft/command/impl/ReplaceItemCommand;
[12:46:20] [main/DEBUG]: Skipping Lnet/minecraft/command/impl/SaveAllCommand;
[12:46:20] [main/DEBUG]: Skipping Lnet/minecraft/command/impl/SaveOffCommand;
[12:46:20] [main/DEBUG]: Skipping Lnet/minecraft/command/impl/SaveOnCommand;
[12:46:20] [main/DEBUG]: Skipping Lnet/minecraft/command/impl/SayCommand;
[12:46:20] [main/DEBUG]: Skipping Lnet/minecraft/command/impl/ScheduleCommand;
[12:46:20] [main/DEBUG]: Skipping Lnet/minecraft/command/impl/ScoreboardCommand;
[12:46:20] [main/DEBUG]: Skipping Lnet/minecraft/command/impl/SeedCommand;
[12:46:20] [main/DEBUG]: Skipping Lnet/minecraft/command/impl/SetBlockCommand;
[12:46:20] [main/DEBUG]: Skipping Lnet/minecraft/command/impl/SetIdleTimeoutCommand;
[12:46:20] [main/DEBUG]: Skipping Lnet/minecraft/command/impl/SpawnPointCommand;
[12:46:20] [main/DEBUG]: Skipping Lnet/minecraft/command/impl/SetWorldSpawnCommand;
[12:46:20] [main/DEBUG]: Skipping Lnet/minecraft/command/impl/SpectateCommand;
[12:46:20] [main/DEBUG]: Skipping Lnet/minecraft/command/impl/StopCommand;
[12:46:20] [main/DEBUG]: Skipping Lnet/minecraft/command/impl/StopSoundCommand;
[12:46:20] [main/DEBUG]: Skipping Lnet/minecraft/command/impl/SummonCommand;
[12:46:20] [main/DEBUG]: Skipping Lnet/minecraft/command/impl/TagCommand;
[12:46:20] [main/DEBUG]: Skipping Lnet/minecraft/command/impl/TeamCommand;
[12:46:20] [main/DEBUG]: Skipping Lnet/minecraft/command/impl/TeamMsgCommand;
[12:46:20] [main/DEBUG]: Skipping Lnet/minecraft/command/impl/TellRawCommand;
[12:46:20] [main/DEBUG]: Skipping Lnet/minecraft/command/impl/TimeCommand;
[12:46:20] [main/DEBUG]: Skipping Lnet/minecraft/command/impl/TitleCommand;
[12:46:20] [main/DEBUG]: Skipping Lnet/minecraft/command/impl/TriggerCommand;
[12:46:20] [main/DEBUG]: Skipping Lnet/minecraft/command/impl/WeatherCommand;
[12:46:20] [main/DEBUG]: Skipping Lnet/minecraft/command/impl/WhitelistCommand;
[12:46:20] [main/DEBUG]: Skipping Lnet/minecraft/command/impl/WorldBorderCommand;
[12:46:20] [main/DEBUG]: Skipping Lnet/minecraft/command/impl/SetBlockCommand$IFilter;
[12:46:20] [main/DEBUG]: Skipping Lnet/minecraft/command/impl/SetBlockCommand$Mode;
[12:46:20] [main/DEBUG]: Skipping Lnet/minecraft/command/impl/LootCommand$ISuccessListener;
[12:46:20] [main/DEBUG]: Skipping Lnet/minecraft/command/impl/LootCommand$ITargetHandler;
[12:46:20] [main/DEBUG]: Skipping Lnet/minecraft/command/impl/LootCommand$ISourceArgumentBuilder;
[12:46:20] [main/DEBUG]: Skipping Lnet/minecraft/command/impl/AdvancementCommand$1;
[12:46:20] [main/DEBUG]: Skipping Lnet/minecraft/command/impl/AdvancementCommand$Action;
[12:46:20] [main/DEBUG]: Skipping Lnet/minecraft/command/impl/AdvancementCommand$Mode;
[12:46:20] [main/DEBUG]: Skipping Lnet/minecraft/command/impl/GameRuleCommand$1;
[12:46:20] [main/DEBUG]: Skipping Lnet/minecraft/command/impl/AdvancementCommand$Action$1;
[12:46:20] [main/DEBUG]: Skipping Lnet/minecraft/command/impl/AdvancementCommand$Action$2;
[12:46:20] [main/DEBUG]: Skipping Lnet/minecraft/command/impl/data/package-info;
[12:46:20] [main/DEBUG]: Skipping Lnet/minecraft/command/impl/data/BlockDataAccessor;
[12:46:20] [main/DEBUG]: Skipping Lnet/minecraft/command/impl/data/IDataAccessor;
[12:46:20] [main/DEBUG]: Skipping Lnet/minecraft/command/impl/data/DataCommand;
[12:46:20] [main/DEBUG]: Skipping Lnet/minecraft/command/impl/data/EntityDataAccessor;
[12:46:20] [main/DEBUG]: Skipping Lnet/minecraft/command/impl/data/StorageAccessor;
[12:46:20] [main/DEBUG]: Skipping Lnet/minecraft/command/impl/data/DataCommand$IModificationType;
[12:46:20] [main/DEBUG]: Skipping Lnet/minecraft/command/impl/data/DataCommand$IModificationSourceArgumentBuilder;
[12:46:20] [main/DEBUG]: Skipping Lnet/minecraft/command/impl/data/DataCommand$IDataProvider;
[12:46:20] [main/DEBUG]: Skipping Lnet/minecraft/command/impl/data/EntityDataAccessor$1;
[12:46:20] [main/DEBUG]: Skipping Lnet/minecraft/command/impl/data/StorageAccessor$1;
[12:46:20] [main/DEBUG]: Skipping Lnet/minecraft/command/impl/data/BlockDataAccessor$1;
[12:46:20] [main/DEBUG]: Skipping Lnet/minecraft/command/impl/LocateCommand;
[12:46:20] [main/DEBUG]: Skipping Lnet/minecraft/command/impl/TeleportCommand$Facing;
[12:46:20] [main/DEBUG]: Skipping Lnet/minecraft/command/impl/SpreadPlayersCommand;
[12:46:20] [main/DEBUG]: Skipping Lnet/minecraft/command/impl/TeleportCommand;
[12:46:20] [main/DEBUG]: Skipping Lnet/minecraft/command/impl/SpreadPlayersCommand$Position;
[12:46:20] [main/DEBUG]: Skipping Lnet/minecraft/command/arguments/package-info;
[12:46:20] [main/DEBUG]: Skipping Lnet/minecraft/command/arguments/BlockPredicateArgument$1;
[12:46:20] [main/DEBUG]: Skipping Lnet/minecraft/command/arguments/BlockPredicateArgument$BlockPredicate;
[12:46:20] [main/DEBUG]: Skipping Lnet/minecraft/command/arguments/BlockPredicateArgument$IResult;
[12:46:20] [main/DEBUG]: Skipping Lnet/minecraft/command/arguments/BlockPredicateArgument$TagPredicate;
[12:46:20] [main/DEBUG]: Skipping Lnet/minecraft/command/arguments/GameProfileArgument$IProfileProvider;
[12:46:20] [main/DEBUG]: Skipping Lnet/minecraft/command/arguments/GameProfileArgument$ProfileProvider;
[12:46:20] [main/DEBUG]: Skipping Lnet/minecraft/command/arguments/ScoreHolderArgument$INameProvider;
[12:46:20] [main/DEBUG]: Skipping Lnet/minecraft/command/arguments/ScoreHolderArgument$NameProvider;
[12:46:20] [main/DEBUG]: Skipping Lnet/minecraft/command/arguments/ScoreHolderArgument$Serializer;
[12:46:20] [main/DEBUG]: Skipping Lnet/minecraft/command/arguments/FunctionArgument$1;
[12:46:20] [main/DEBUG]: Skipping Lnet/minecraft/command/arguments/FunctionArgument$2;
[12:46:20] [main/DEBUG]: Skipping Lnet/minecraft/command/arguments/FunctionArgument$IResult;
[12:46:20] [main/DEBUG]: Skipping Lnet/minecraft/command/arguments/AngleArgument;
[12:46:20] [main/DEBUG]: Skipping Lnet/minecraft/command/arguments/ColorArgument;
[12:46:20] [main/DEBUG]: Skipping Lnet/minecraft/command/arguments/ComponentArgument;
[12:46:20] [main/DEBUG]: Skipping Lnet/minecraft/command/arguments/NBTCompoundTagArgument;
[12:46:20] [main/DEBUG]: Skipping Lnet/minecraft/command/arguments/DimensionArgument;
[12:46:20] [main/DEBUG]: Skipping Lnet/minecraft/command/arguments/EntityAnchorArgument;
[12:46:20] [main/DEBUG]: Skipping Lnet/minecraft/command/arguments/EntityArgument;
[12:46:20] [main/DEBUG]: Skipping Lnet/minecraft/command/arguments/EntitySummonArgument;
[12:46:20] [main/DEBUG]: Skipping Lnet/minecraft/command/arguments/GameProfileArgument;
[12:46:20] [main/DEBUG]: Skipping Lnet/minecraft/command/arguments/EnchantmentArgument;
[12:46:20] [main/DEBUG]: Skipping Lnet/minecraft/command/arguments/MessageArgument;
[12:46:20] [main/DEBUG]: Skipping Lnet/minecraft/command/arguments/PotionArgument;
[12:46:20] [main/DEBUG]: Skipping Lnet/minecraft/command/arguments/NBTPathArgument;
[12:46:20] [main/DEBUG]: Skipping Lnet/minecraft/command/arguments/NBTTagArgument;
[12:46:20] [main/DEBUG]: Skipping Lnet/minecraft/command/arguments/ObjectiveArgument;
[12:46:20] [main/DEBUG]: Skipping Lnet/minecraft/command/arguments/ObjectiveCriteriaArgument;
[12:46:20] [main/DEBUG]: Skipping Lnet/minecraft/command/arguments/OperationArgument;
[12:46:20] [main/DEBUG]: Skipping Lnet/minecraft/command/arguments/ParticleArgument;
[12:46:20] [main/DEBUG]: Skipping Lnet/minecraft/command/arguments/IRangeArgument;
[12:46:20] [main/DEBUG]: Skipping Lnet/minecraft/command/arguments/ResourceLocationArgument;
[12:46:20] [main/DEBUG]: Skipping Lnet/minecraft/command/arguments/ScoreHolderArgument;
[12:46:20] [main/DEBUG]: Skipping Lnet/minecraft/command/arguments/ScoreboardSlotArgument;
[12:46:20] [main/DEBUG]: Skipping Lnet/minecraft/command/arguments/SlotArgument;
[12:46:20] [main/DEBUG]: Skipping Lnet/minecraft/command/arguments/TeamArgument;
[12:46:20] [main/DEBUG]: Skipping Lnet/minecraft/command/arguments/TimeArgument;
[12:46:20] [main/DEBUG]: Skipping Lnet/minecraft/command/arguments/UUIDArgument;
[12:46:20] [main/DEBUG]: Skipping Lnet/minecraft/command/arguments/BlockStateInput;
[12:46:20] [main/DEBUG]: Skipping Lnet/minecraft/command/arguments/BlockPredicateArgument;
[12:46:20] [main/DEBUG]: Skipping Lnet/minecraft/command/arguments/BlockStateArgument;
[12:46:20] [main/DEBUG]: Skipping Lnet/minecraft/command/arguments/BlockPosArgument;
[12:46:20] [main/DEBUG]: Skipping Lnet/minecraft/command/arguments/ColumnPosArgument;
[12:46:20] [main/DEBUG]: Skipping Lnet/minecraft/command/arguments/ILocationArgument;
[12:46:20] [main/DEBUG]: Skipping Lnet/minecraft/command/arguments/LocalLocationArgument;
[12:46:20] [main/DEBUG]: Skipping Lnet/minecraft/command/arguments/RotationArgument;
[12:46:20] [main/DEBUG]: Skipping Lnet/minecraft/command/arguments/SwizzleArgument;
[12:46:20] [main/DEBUG]: Skipping Lnet/minecraft/command/arguments/Vec2Argument;
[12:46:20] [main/DEBUG]: Skipping Lnet/minecraft/command/arguments/Vec3Argument;
[12:46:20] [main/DEBUG]: Skipping Lnet/minecraft/command/arguments/LocationPart;
[12:46:20] [main/DEBUG]: Skipping Lnet/minecraft/command/arguments/LocationInput;
[12:46:20] [main/DEBUG]: Skipping Lnet/minecraft/command/arguments/FunctionArgument;
[12:46:20] [main/DEBUG]: Skipping Lnet/minecraft/command/arguments/ItemArgument;
[12:46:20] [main/DEBUG]: Skipping Lnet/minecraft/command/arguments/ItemInput;
[12:46:20] [main/DEBUG]: Skipping Lnet/minecraft/command/arguments/ItemParser;
[12:46:20] [main/DEBUG]: Skipping Lnet/minecraft/command/arguments/ItemPredicateArgument;
[12:46:20] [main/DEBUG]: Skipping Lnet/minecraft/command/arguments/EntitySelector;
[12:46:20] [main/DEBUG]: Transforming class Lnet/minecraft/command/arguments/EntityOptions;
[12:46:20] [main/DEBUG]: Transforming net.minecraft.command.arguments.EntityOptions METHOD func_202024_a(Ljava/lang/String;Lnet/minecraft/command/arguments/EntityOptions$IFilter;Ljava/util/function/Predicate;Lnet/minecraft/util/text/ITextComponent;)V to access PUBLIC and LEAVE
[12:46:20] [main/DEBUG]: Skipping Lnet/minecraft/command/arguments/IArgumentSerializer;
[12:46:20] [main/DEBUG]: Skipping Lnet/minecraft/command/arguments/ArgumentSerializer;
[12:46:20] [main/DEBUG]: Skipping Lnet/minecraft/command/arguments/SuggestionProviders;
[12:46:20] [main/DEBUG]: Skipping Lnet/minecraft/command/arguments/EntityOptions$1;
[12:46:20] [main/DEBUG]: Skipping Lnet/minecraft/command/arguments/EntityOptions$IFilter;
[12:46:20] [main/DEBUG]: Skipping Lnet/minecraft/command/arguments/EntityOptions$OptionHandler;
[12:46:20] [main/DEBUG]: Skipping Lnet/minecraft/command/arguments/MessageArgument$Message;
[12:46:20] [main/DEBUG]: Skipping Lnet/minecraft/command/arguments/MessageArgument$Part;
[12:46:20] [main/DEBUG]: Skipping Lnet/minecraft/command/arguments/serializers/package-info;
[12:46:20] [main/DEBUG]: Skipping Lnet/minecraft/command/arguments/serializers/BrigadierSerializers;
[12:46:20] [main/DEBUG]: Skipping Lnet/minecraft/command/arguments/serializers/DoubleArgumentSerializer;
[12:46:20] [main/DEBUG]: Skipping Lnet/minecraft/command/arguments/serializers/FloatArgumentSerializer;
[12:46:20] [main/DEBUG]: Skipping Lnet/minecraft/command/arguments/serializers/IntArgumentSerializer;
[12:46:20] [main/DEBUG]: Skipping Lnet/minecraft/command/arguments/serializers/LongArgumentSerializer;
[12:46:20] [main/DEBUG]: Skipping Lnet/minecraft/command/arguments/serializers/StringArgumentSerializer;
[12:46:20] [main/DEBUG]: Skipping Lnet/minecraft/command/arguments/serializers/StringArgumentSerializer$1;
[12:46:20] [main/DEBUG]: Skipping Lnet/minecraft/command/arguments/AngleArgument$1;
[12:46:20] [main/DEBUG]: Skipping Lnet/minecraft/command/arguments/AngleArgument$Result;
[12:46:20] [main/DEBUG]: Skipping Lnet/minecraft/command/arguments/NBTPathArgument$EmptyListNode;
[12:46:20] [main/DEBUG]: Skipping Lnet/minecraft/command/arguments/NBTPathArgument$StringNode;
[12:46:20] [main/DEBUG]: Skipping Lnet/minecraft/command/arguments/NBTPathArgument$CollectionNode;
[12:46:20] [main/DEBUG]: Skipping Lnet/minecraft/command/arguments/NBTPathArgument$ListNode;
[12:46:20] [main/DEBUG]: Skipping Lnet/minecraft/command/arguments/NBTPathArgument$JsonNode;
[12:46:20] [main/DEBUG]: Skipping Lnet/minecraft/command/arguments/NBTPathArgument$CompoundNode;
[12:46:20] [main/DEBUG]: Skipping Lnet/minecraft/command/arguments/NBTPathArgument$NBTPath;
[12:46:20] [main/DEBUG]: Skipping Lnet/minecraft/command/arguments/NBTPathArgument$INode;
[12:46:20] [main/DEBUG]: Skipping Lnet/minecraft/command/arguments/ItemPredicateArgument$ItemPredicate;
[12:46:20] [main/DEBUG]: Skipping Lnet/minecraft/command/arguments/ItemPredicateArgument$IResult;
[12:46:20] [main/DEBUG]: Skipping Lnet/minecraft/command/arguments/ItemPredicateArgument$TagPredicate;
[12:46:20] [main/DEBUG]: Skipping Lnet/minecraft/command/arguments/OperationArgument$IOperation;
[12:46:20] [main/DEBUG]: Skipping Lnet/minecraft/command/arguments/OperationArgument$IIntOperation;
[12:46:20] [main/DEBUG]: Skipping Lnet/minecraft/command/arguments/EntityAnchorArgument$Type;
[12:46:20] [main/DEBUG]: Skipping Lnet/minecraft/command/arguments/EntityArgument$Serializer;
[12:46:20] [main/DEBUG]: Skipping Lnet/minecraft/command/arguments/SuggestionProviders$Wrapper;
[12:46:20] [main/DEBUG]: Skipping Lnet/minecraft/command/arguments/IRangeArgument$FloatRange;
[12:46:20] [main/DEBUG]: Skipping Lnet/minecraft/command/arguments/IRangeArgument$IntRange;
[12:46:20] [main/DEBUG]: Skipping Lnet/minecraft/command/arguments/BlockStateParser;
[12:46:20] [main/DEBUG]: Transforming class Lnet/minecraft/command/arguments/EntitySelectorParser;
[12:46:20] [main/DEBUG]: Transforming net.minecraft.command.arguments.EntitySelectorParser METHOD func_197396_n()V to access PUBLIC and LEAVE
[12:46:20] [main/DEBUG]: Transforming net.minecraft.command.arguments.EntitySelectorParser METHOD func_197404_d()V to access PUBLIC and LEAVE
[12:46:20] [main/DEBUG]: Skipping Lnet/minecraft/command/arguments/ArgumentTypes;
[12:46:20] [main/DEBUG]: Skipping Lnet/minecraft/command/arguments/ArgumentTypes$1;
[12:46:20] [main/DEBUG]: Skipping Lnet/minecraft/command/arguments/ArgumentTypes$Entry;
[12:46:20] [main/DEBUG]: Skipping Lnet/minecraft/resources/package-info;
[12:46:20] [main/DEBUG]: Skipping Lnet/minecraft/resources/FunctionReloader;
[12:46:20] [main/DEBUG]: Skipping Lnet/minecraft/resources/AsyncReloader$1;
[12:46:20] [main/DEBUG]: Skipping Lnet/minecraft/resources/AsyncReloader$IStateFactory;
[12:46:20] [main/DEBUG]: Skipping Lnet/minecraft/resources/IFutureReloadListener$IStage;
[12:46:20] [main/DEBUG]: Skipping Lnet/minecraft/resources/DebugAsyncReloader$1;
[12:46:20] [main/DEBUG]: Skipping Lnet/minecraft/resources/DebugAsyncReloader$DataPoint;
[12:46:20] [main/DEBUG]: Transforming class Lnet/minecraft/resources/ResourcePack;
[12:46:20] [main/DEBUG]: Transforming net.minecraft.resources.ResourcePack FIELD field_195771_a to access PUBLIC and LEAVE
[12:46:20] [main/DEBUG]: Skipping Lnet/minecraft/resources/FilePack;
[12:46:20] [main/DEBUG]: Skipping Lnet/minecraft/resources/FolderPack;
[12:46:20] [main/DEBUG]: Skipping Lnet/minecraft/resources/ResourcePackType;
[12:46:20] [main/DEBUG]: Skipping Lnet/minecraft/resources/ResourcePackFileNotFoundException;
[12:46:20] [main/DEBUG]: Skipping Lnet/minecraft/resources/data/package-info;
[12:46:20] [main/DEBUG]: Skipping Lnet/minecraft/resources/data/IMetadataSectionSerializer;
[12:46:20] [main/DEBUG]: Skipping Lnet/minecraft/resources/data/PackMetadataSection;
[12:46:20] [main/DEBUG]: Skipping Lnet/minecraft/resources/data/PackMetadataSectionSerializer;
[12:46:20] [main/DEBUG]: Skipping Lnet/minecraft/resources/FolderPackFinder;
[12:46:20] [main/DEBUG]: Skipping Lnet/minecraft/resources/PackCompatibility;
[12:46:20] [main/DEBUG]: Skipping Lnet/minecraft/resources/IPackNameDecorator;
[12:46:20] [main/DEBUG]: Skipping Lnet/minecraft/resources/IPackFinder;
[12:46:20] [main/DEBUG]: Skipping Lnet/minecraft/resources/ServerPackFinder;
[12:46:20] [main/DEBUG]: Skipping Lnet/minecraft/resources/IFutureReloadListener;
[12:46:20] [main/DEBUG]: Skipping Lnet/minecraft/resources/DebugAsyncReloader;
[12:46:20] [main/DEBUG]: Skipping Lnet/minecraft/resources/IAsyncReloader;
[12:46:20] [main/DEBUG]: Skipping Lnet/minecraft/resources/IReloadableResourceManager;
[12:46:20] [main/DEBUG]: Skipping Lnet/minecraft/resources/IResource;
[12:46:20] [main/DEBUG]: Skipping Lnet/minecraft/resources/AsyncReloader;
[12:46:20] [main/DEBUG]: Skipping Lnet/minecraft/resources/SimpleResource;
[12:46:20] [main/DEBUG]: Skipping Lnet/minecraft/resources/IResourceManager$Instance;
[12:46:20] [main/DEBUG]: Skipping Lnet/minecraft/resources/DataPackRegistries;
[12:46:20] [main/DEBUG]: Skipping Lnet/minecraft/resources/SimpleReloadableResourceManager$FailedPackReloader;
[12:46:20] [main/DEBUG]: Skipping Lnet/minecraft/resources/SimpleReloadableResourceManager$FailedPackException;
[12:46:20] [main/DEBUG]: Skipping Lnet/minecraft/resources/FallbackResourceManager$LeakComplainerInputStream;
[12:46:20] [main/DEBUG]: Skipping Lnet/minecraft/resources/ResourcePackInfo$IFactory;
[12:46:20] [main/DEBUG]: Skipping Lnet/minecraft/resources/ResourcePackInfo$Priority;
[12:46:20] [main/DEBUG]: Skipping Lnet/minecraft/resources/IResourcePack;
[12:46:20] [main/DEBUG]: Skipping Lnet/minecraft/resources/VanillaPack;
[12:46:20] [main/DEBUG]: Skipping Lnet/minecraft/resources/ResourcePackInfo;
[12:46:20] [main/DEBUG]: Skipping Lnet/minecraft/resources/ResourcePackList;
[12:46:20] [main/DEBUG]: Transforming class Lnet/minecraft/resources/FallbackResourceManager;
[12:46:20] [main/DEBUG]: Transforming net.minecraft.resources.FallbackResourceManager FIELD field_199023_a to access PUBLIC and LEAVE
[12:46:20] [main/DEBUG]: Skipping Lnet/minecraft/resources/IResourceManager;
[12:46:20] [main/DEBUG]: Skipping Lnet/minecraft/resources/IResourceManagerReloadListener;
[12:46:20] [main/DEBUG]: Skipping Lnet/minecraft/resources/SimpleReloadableResourceManager;
[12:46:20] [main/DEBUG]: Skipping Lnet/minecraft/stats/package-info;
[12:46:20] [main/DEBUG]: Skipping Lnet/minecraft/stats/ServerStatisticsManager;
[12:46:20] [main/DEBUG]: Skipping Lnet/minecraft/stats/Stat;
[12:46:20] [main/DEBUG]: Skipping Lnet/minecraft/stats/IStatFormatter;
[12:46:20] [main/DEBUG]: Skipping Lnet/minecraft/stats/Stats;
[12:46:20] [main/DEBUG]: Skipping Lnet/minecraft/stats/StatisticsManager;
[12:46:20] [main/DEBUG]: Skipping Lnet/minecraft/stats/StatType;
[12:46:20] [main/DEBUG]: Skipping Lnet/minecraft/tags/package-info;
[12:46:20] [main/DEBUG]: Skipping Lnet/minecraft/tags/Tag;
[12:46:20] [main/DEBUG]: Skipping Lnet/minecraft/tags/TagCollectionReader;
[12:46:20] [main/DEBUG]: Skipping Lnet/minecraft/tags/ITagCollectionSupplier$2;
[12:46:20] [main/DEBUG]: Skipping Lnet/minecraft/tags/TagRegistry$OptionalNamedTag;
[12:46:20] [main/DEBUG]: Skipping Lnet/minecraft/tags/TagRegistry$1;
[12:46:20] [main/DEBUG]: Transforming class Lnet/minecraft/tags/TagRegistry$NamedTag;
[12:46:20] [main/DEBUG]: Transforming net.minecraft.tags.TagRegistry$NamedTag FIELD field_232942_b_ to access PROTECTED and LEAVE
[12:46:20] [main/DEBUG]: Skipping Lnet/minecraft/tags/ITag$1;
[12:46:20] [main/DEBUG]: Skipping Lnet/minecraft/tags/ITag$Builder;
[12:46:20] [main/DEBUG]: Skipping Lnet/minecraft/tags/ITag$Proxy;
[12:46:20] [main/DEBUG]: Skipping Lnet/minecraft/tags/ITag$ItemEntry;
[12:46:20] [main/DEBUG]: Skipping Lnet/minecraft/tags/ITag$ITagEntry;
[12:46:20] [main/DEBUG]: Skipping Lnet/minecraft/tags/ITag$INamedTag;
[12:46:20] [main/DEBUG]: Skipping Lnet/minecraft/tags/ITag$OptionalItemEntry;
[12:46:20] [main/DEBUG]: Skipping Lnet/minecraft/tags/ITag$OptionalTagEntry;
[12:46:20] [main/DEBUG]: Skipping Lnet/minecraft/tags/ITag$TagEntry;
[12:46:20] [main/DEBUG]: Skipping Lnet/minecraft/tags/ITagCollection$1;
[12:46:20] [main/DEBUG]: Skipping Lnet/minecraft/tags/ITagCollectionSupplier$1;
[12:46:20] [main/DEBUG]: Transforming class Lnet/minecraft/tags/BlockTags;
[12:46:20] [main/DEBUG]: Transforming net.minecraft.tags.BlockTags METHOD func_199894_a(Ljava/lang/String;)Lnet/minecraft/tags/ITag$INamedTag; to access PUBLIC and LEAVE
[12:46:20] [main/DEBUG]: Transforming class Lnet/minecraft/tags/EntityTypeTags;
[12:46:20] [main/DEBUG]: Transforming net.minecraft.tags.EntityTypeTags METHOD func_232896_a_(Ljava/lang/String;)Lnet/minecraft/tags/ITag$INamedTag; to access PUBLIC and LEAVE
[12:46:20] [main/DEBUG]: Transforming class Lnet/minecraft/tags/FluidTags;
[12:46:20] [main/DEBUG]: Transforming net.minecraft.tags.FluidTags METHOD func_206956_a(Ljava/lang/String;)Lnet/minecraft/tags/ITag$INamedTag; to access PUBLIC and LEAVE
[12:46:20] [main/DEBUG]: Transforming class Lnet/minecraft/tags/ItemTags;
[12:46:20] [main/DEBUG]: Transforming net.minecraft.tags.ItemTags METHOD func_199901_a(Ljava/lang/String;)Lnet/minecraft/tags/ITag$INamedTag; to access PUBLIC and LEAVE
[12:46:20] [main/DEBUG]: Skipping Lnet/minecraft/tags/TagCollectionManager;
[12:46:20] [main/DEBUG]: Skipping Lnet/minecraft/tags/TagRegistry;
[12:46:20] [main/DEBUG]: Skipping Lnet/minecraft/tags/TagRegistryManager;
[12:46:20] [main/DEBUG]: Skipping Lnet/minecraft/tags/ITag;
[12:46:20] [main/DEBUG]: Skipping Lnet/minecraft/tags/ITagCollection;
[12:46:20] [main/DEBUG]: Skipping Lnet/minecraft/tags/ITagCollectionSupplier;
[12:46:20] [main/DEBUG]: Transforming class Lnet/minecraft/tags/NetworkTagManager;
[12:46:20] [main/DEBUG]: Transforming net.minecraft.tags.NetworkTagManager FIELD field_199719_a to access PROTECTED and REMOVEFINAL
[12:46:20] [main/DEBUG]: Transforming net.minecraft.tags.NetworkTagManager FIELD field_199720_b to access PROTECTED and REMOVEFINAL
[12:46:20] [main/DEBUG]: Transforming net.minecraft.tags.NetworkTagManager FIELD field_205705_c to access PROTECTED and REMOVEFINAL
[12:46:20] [main/DEBUG]: Transforming net.minecraft.tags.NetworkTagManager FIELD field_215299_d to access PROTECTED and REMOVEFINAL
[12:46:20] [main/DEBUG]: Skipping Lnet/minecraft/tileentity/package-info;
[12:46:20] [main/DEBUG]: Skipping Lnet/minecraft/tileentity/BarrelTileEntity;
[12:46:20] [main/DEBUG]: Skipping Lnet/minecraft/tileentity/BedTileEntity;
[12:46:20] [main/DEBUG]: Skipping Lnet/minecraft/tileentity/BeehiveTileEntity;
[12:46:20] [main/DEBUG]: Skipping Lnet/minecraft/tileentity/BellTileEntity;
[12:46:20] [main/DEBUG]: Skipping Lnet/minecraft/tileentity/BlastFurnaceTileEntity;
[12:46:20] [main/DEBUG]: Skipping Lnet/minecraft/tileentity/CampfireTileEntity;
[12:46:20] [main/DEBUG]: Skipping Lnet/minecraft/tileentity/CommandBlockTileEntity;
[12:46:20] [main/DEBUG]: Skipping Lnet/minecraft/tileentity/ComparatorTileEntity;
[12:46:20] [main/DEBUG]: Skipping Lnet/minecraft/tileentity/DaylightDetectorTileEntity;
[12:46:20] [main/DEBUG]: Skipping Lnet/minecraft/tileentity/DispenserTileEntity;
[12:46:20] [main/DEBUG]: Skipping Lnet/minecraft/tileentity/DropperTileEntity;
[12:46:20] [main/DEBUG]: Skipping Lnet/minecraft/tileentity/EnchantingTableTileEntity;
[12:46:20] [main/DEBUG]: Skipping Lnet/minecraft/tileentity/EnderChestTileEntity;
[12:46:20] [main/DEBUG]: Skipping Lnet/minecraft/tileentity/FurnaceTileEntity;
[12:46:20] [main/DEBUG]: Skipping Lnet/minecraft/tileentity/IHopper;
[12:46:20] [main/DEBUG]: Skipping Lnet/minecraft/tileentity/JigsawTileEntity;
[12:46:20] [main/DEBUG]: Skipping Lnet/minecraft/tileentity/JukeboxTileEntity;
[12:46:20] [main/DEBUG]: Skipping Lnet/minecraft/tileentity/LecternTileEntity;
[12:46:20] [main/DEBUG]: Skipping Lnet/minecraft/tileentity/IChestLid;
[12:46:20] [main/DEBUG]: Skipping Lnet/minecraft/tileentity/LockableLootTileEntity;
[12:46:20] [main/DEBUG]: Skipping Lnet/minecraft/tileentity/SignTileEntity;
[12:46:20] [main/DEBUG]: Skipping Lnet/minecraft/tileentity/SkullTileEntity;
[12:46:20] [main/DEBUG]: Skipping Lnet/minecraft/tileentity/SmokerTileEntity;
[12:46:20] [main/DEBUG]: Skipping Lnet/minecraft/tileentity/MobSpawnerTileEntity;
[12:46:20] [main/DEBUG]: Skipping Lnet/minecraft/tileentity/StructureBlockTileEntity;
[12:46:20] [main/DEBUG]: Skipping Lnet/minecraft/tileentity/EndGatewayTileEntity;
[12:46:20] [main/DEBUG]: Skipping Lnet/minecraft/tileentity/EndPortalTileEntity;
[12:46:20] [main/DEBUG]: Skipping Lnet/minecraft/tileentity/ITickableTileEntity;
[12:46:20] [main/DEBUG]: Skipping Lnet/minecraft/tileentity/TrappedChestTileEntity;
[12:46:20] [main/DEBUG]: Skipping Lnet/minecraft/tileentity/TileEntityMerger$ICallbackWrapper$Double;
[12:46:20] [main/DEBUG]: Skipping Lnet/minecraft/tileentity/TileEntityMerger$ICallbackWrapper$Single;
[12:46:20] [main/DEBUG]: Skipping Lnet/minecraft/tileentity/BeehiveTileEntity$1;
[12:46:20] [main/DEBUG]: Skipping Lnet/minecraft/tileentity/BeehiveTileEntity$Bee;
[12:46:20] [main/DEBUG]: Skipping Lnet/minecraft/tileentity/BeehiveTileEntity$State;
[12:46:20] [main/DEBUG]: Skipping Lnet/minecraft/tileentity/TileEntityMerger$Type;
[12:46:20] [main/DEBUG]: Skipping Lnet/minecraft/tileentity/TileEntityMerger$ICallback;
[12:46:20] [main/DEBUG]: Skipping Lnet/minecraft/tileentity/TileEntityMerger$ICallbackWrapper;
[12:46:20] [main/DEBUG]: Skipping Lnet/minecraft/tileentity/LecternTileEntity$1;
[12:46:20] [main/DEBUG]: Skipping Lnet/minecraft/tileentity/LecternTileEntity$2;
[12:46:20] [main/DEBUG]: Skipping Lnet/minecraft/tileentity/JigsawTileEntity$OrientationType;
[12:46:20] [main/DEBUG]: Skipping Lnet/minecraft/tileentity/MobSpawnerTileEntity$1;
[12:46:20] [main/DEBUG]: Skipping Lnet/minecraft/tileentity/CommandBlockTileEntity$1;
[12:46:20] [main/DEBUG]: Skipping Lnet/minecraft/tileentity/CommandBlockTileEntity$Mode;
[12:46:20] [main/DEBUG]: Skipping Lnet/minecraft/tileentity/StructureBlockTileEntity$1;
[12:46:20] [main/DEBUG]: Skipping Lnet/minecraft/tileentity/StructureBlockTileEntity$UpdateCommand;
[12:46:20] [main/DEBUG]: Skipping Lnet/minecraft/tileentity/CommandBlockLogic;
[12:46:20] [main/DEBUG]: Skipping Lnet/minecraft/tileentity/TileEntityMerger;
[12:46:20] [main/DEBUG]: Skipping Lnet/minecraft/tileentity/AbstractFurnaceTileEntity;
[12:46:20] [main/DEBUG]: Skipping Lnet/minecraft/tileentity/BannerTileEntity;
[12:46:20] [main/DEBUG]: Skipping Lnet/minecraft/tileentity/BannerPattern;
[12:46:20] [main/DEBUG]: Skipping Lnet/minecraft/tileentity/LockableTileEntity;
[12:46:20] [main/DEBUG]: Skipping Lnet/minecraft/tileentity/BeaconTileEntity;
[12:46:20] [main/DEBUG]: Skipping Lnet/minecraft/tileentity/TileEntity;
[12:46:20] [main/DEBUG]: Skipping Lnet/minecraft/tileentity/TileEntityType;
[12:46:20] [main/DEBUG]: Skipping Lnet/minecraft/tileentity/BrewingStandTileEntity;
[12:46:20] [main/DEBUG]: Skipping Lnet/minecraft/tileentity/ChestTileEntity;
[12:46:20] [main/DEBUG]: Skipping Lnet/minecraft/tileentity/ConduitTileEntity;
[12:46:20] [main/DEBUG]: Transforming class Lnet/minecraft/tileentity/HopperTileEntity;
[12:46:20] [main/DEBUG]: Transforming net.minecraft.tileentity.HopperTileEntity METHOD func_145896_c(I)V to access PUBLIC and LEAVE
[12:46:20] [main/DEBUG]: Transforming net.minecraft.tileentity.HopperTileEntity METHOD func_174914_o()Z to access PUBLIC and LEAVE
[12:46:20] [main/DEBUG]: Skipping Lnet/minecraft/tileentity/ShulkerBoxTileEntity;
[12:46:20] [main/DEBUG]: Skipping Lnet/minecraft/tileentity/PistonTileEntity;
[12:46:20] [main/DEBUG]: Skipping Lnet/minecraft/tileentity/BeaconTileEntity$1;
[12:46:20] [main/DEBUG]: Skipping Lnet/minecraft/tileentity/BeaconTileEntity$BeamSegment;
[12:46:20] [main/DEBUG]: Skipping Lnet/minecraft/tileentity/AbstractFurnaceTileEntity$1;
[12:46:20] [main/DEBUG]: Skipping Lnet/minecraft/tileentity/ShulkerBoxTileEntity$1;
[12:46:20] [main/DEBUG]: Skipping Lnet/minecraft/tileentity/ShulkerBoxTileEntity$AnimationStatus;
[12:46:20] [main/DEBUG]: Skipping Lnet/minecraft/tileentity/TileEntityType$Builder;
[12:46:20] [main/DEBUG]: Skipping Lnet/minecraft/tileentity/BrewingStandTileEntity$1;
[12:46:20] [main/DEBUG]: Skipping Lnet/minecraft/tileentity/BannerPattern$Builder;
[12:46:20] [main/DEBUG]: Skipping Lnet/minecraft/tileentity/PistonTileEntity$1;
[12:46:20] [main/DEBUG]: Skipping Lnet/minecraft/pathfinding/package-info;
[12:46:20] [main/DEBUG]: Skipping Lnet/minecraft/pathfinding/PathHeap;
[12:46:20] [main/DEBUG]: Skipping Lnet/minecraft/pathfinding/FlyingNodeProcessor;
[12:46:20] [main/DEBUG]: Skipping Lnet/minecraft/pathfinding/PathPoint;
[12:46:20] [main/DEBUG]: Skipping Lnet/minecraft/pathfinding/NodeProcessor;
[12:46:20] [main/DEBUG]: Skipping Lnet/minecraft/pathfinding/Path;
[12:46:20] [main/DEBUG]: Skipping Lnet/minecraft/pathfinding/PathType;
[12:46:20] [main/DEBUG]: Skipping Lnet/minecraft/pathfinding/PathFinder;
[12:46:20] [main/DEBUG]: Skipping Lnet/minecraft/pathfinding/SwimNodeProcessor;
[12:46:20] [main/DEBUG]: Skipping Lnet/minecraft/pathfinding/FlaggedPathPoint;
[12:46:20] [main/DEBUG]: Skipping Lnet/minecraft/pathfinding/WalkAndSwimNodeProcessor;
[12:46:20] [main/DEBUG]: Skipping Lnet/minecraft/pathfinding/FlyingPathNavigator;
[12:46:20] [main/DEBUG]: Skipping Lnet/minecraft/pathfinding/GroundPathNavigator;
[12:46:20] [main/DEBUG]: Skipping Lnet/minecraft/pathfinding/SwimmerPathNavigator;
[12:46:20] [main/DEBUG]: Skipping Lnet/minecraft/pathfinding/PathNodeType;
[12:46:20] [main/DEBUG]: Skipping Lnet/minecraft/pathfinding/WalkNodeProcessor;
[12:46:20] [main/DEBUG]: Skipping Lnet/minecraft/pathfinding/PathNavigator;
[12:46:20] [main/DEBUG]: Skipping Lnet/minecraft/pathfinding/ClimberPathNavigator;
[12:46:20] [main/DEBUG]: Skipping Lnet/minecraft/nbt/package-info;
[12:46:20] [main/DEBUG]: Skipping Lnet/minecraft/nbt/ByteNBT$1;
[12:46:20] [main/DEBUG]: Skipping Lnet/minecraft/nbt/ByteNBT$Cache;
[12:46:20] [main/DEBUG]: Skipping Lnet/minecraft/nbt/NBTDynamicOps$1;
[12:46:20] [main/DEBUG]: Skipping Lnet/minecraft/nbt/NBTDynamicOps$NBTRecordBuilder;
[12:46:20] [main/DEBUG]: Skipping Lnet/minecraft/nbt/DoubleNBT$1;
[12:46:20] [main/DEBUG]: Skipping Lnet/minecraft/nbt/ByteArrayNBT;
[12:46:20] [main/DEBUG]: Skipping Lnet/minecraft/nbt/ByteNBT;
[12:46:20] [main/DEBUG]: Skipping Lnet/minecraft/nbt/CollectionNBT;
[12:46:20] [main/DEBUG]: Skipping Lnet/minecraft/nbt/DoubleNBT;
[12:46:20] [main/DEBUG]: Skipping Lnet/minecraft/nbt/EndNBT;
[12:46:20] [main/DEBUG]: Skipping Lnet/minecraft/nbt/FloatNBT;
[12:46:20] [main/DEBUG]: Skipping Lnet/minecraft/nbt/IntArrayNBT;
[12:46:20] [main/DEBUG]: Skipping Lnet/minecraft/nbt/IntNBT;
[12:46:20] [main/DEBUG]: Skipping Lnet/minecraft/nbt/ListNBT;
[12:46:20] [main/DEBUG]: Skipping Lnet/minecraft/nbt/LongArrayNBT;
[12:46:20] [main/DEBUG]: Skipping Lnet/minecraft/nbt/LongNBT;
[12:46:20] [main/DEBUG]: Skipping Lnet/minecraft/nbt/NBTDynamicOps;
[12:46:20] [main/DEBUG]: Skipping Lnet/minecraft/nbt/NBTUtil;
[12:46:20] [main/DEBUG]: Skipping Lnet/minecraft/nbt/NumberNBT;
[12:46:20] [main/DEBUG]: Skipping Lnet/minecraft/nbt/ShortNBT;
[12:46:20] [main/DEBUG]: Skipping Lnet/minecraft/nbt/INBT;
[12:46:20] [main/DEBUG]: Skipping Lnet/minecraft/nbt/JsonToNBT;
[12:46:20] [main/DEBUG]: Skipping Lnet/minecraft/nbt/INBTType;
[12:46:20] [main/DEBUG]: Skipping Lnet/minecraft/nbt/NBTTypes;
[12:46:20] [main/DEBUG]: Skipping Lnet/minecraft/nbt/ShortNBT$1;
[12:46:20] [main/DEBUG]: Skipping Lnet/minecraft/nbt/ShortNBT$Cache;
[12:46:20] [main/DEBUG]: Skipping Lnet/minecraft/nbt/EndNBT$1;
[12:46:20] [main/DEBUG]: Skipping Lnet/minecraft/nbt/FloatNBT$1;
[12:46:20] [main/DEBUG]: Skipping Lnet/minecraft/nbt/IntArrayNBT$1;
[12:46:20] [main/DEBUG]: Skipping Lnet/minecraft/nbt/IntNBT$1;
[12:46:20] [main/DEBUG]: Skipping Lnet/minecraft/nbt/IntNBT$Cache;
[12:46:20] [main/DEBUG]: Skipping Lnet/minecraft/nbt/INBTType$1;
[12:46:20] [main/DEBUG]: Skipping Lnet/minecraft/nbt/ListNBT$1;
[12:46:20] [main/DEBUG]: Skipping Lnet/minecraft/nbt/LongArrayNBT$1;
[12:46:20] [main/DEBUG]: Skipping Lnet/minecraft/nbt/LongNBT$1;
[12:46:20] [main/DEBUG]: Skipping Lnet/minecraft/nbt/LongNBT$Cache;
[12:46:20] [main/DEBUG]: Skipping Lnet/minecraft/nbt/ByteArrayNBT$1;
[12:46:20] [main/DEBUG]: Skipping Lnet/minecraft/nbt/CompoundNBT$1;
[12:46:20] [main/DEBUG]: Skipping Lnet/minecraft/nbt/CompoundNBT;
[12:46:20] [main/DEBUG]: Skipping Lnet/minecraft/nbt/NBTSizeTracker;
[12:46:20] [main/DEBUG]: Skipping Lnet/minecraft/nbt/CompressedStreamTools;
[12:46:20] [main/DEBUG]: Skipping Lnet/minecraft/nbt/StringNBT;
[12:46:20] [main/DEBUG]: Skipping Lnet/minecraft/nbt/StringNBT$1;
[12:46:20] [main/DEBUG]: Skipping Lnet/minecraft/nbt/NBTSizeTracker$1;
[12:46:20] [main/DEBUG]: Skipping Lnet/minecraft/village/package-info;
[12:46:20] [main/DEBUG]: Skipping Lnet/minecraft/village/PointOfInterestManager$DistanceGraph;
[12:46:20] [main/DEBUG]: Skipping Lnet/minecraft/village/PointOfInterestManager$Status;
[12:46:20] [main/DEBUG]: Skipping Lnet/minecraft/village/GossipManager$1;
[12:46:20] [main/DEBUG]: Skipping Lnet/minecraft/village/GossipManager$Gossips;
[12:46:20] [main/DEBUG]: Skipping Lnet/minecraft/village/GossipManager$GossipEntry;
[12:46:20] [main/DEBUG]: Skipping Lnet/minecraft/village/GossipManager;
[12:46:20] [main/DEBUG]: Skipping Lnet/minecraft/village/GossipType;
[12:46:20] [main/DEBUG]: Skipping Lnet/minecraft/village/PointOfInterestManager;
[12:46:20] [main/DEBUG]: Skipping Lnet/minecraft/village/PointOfInterest;
[12:46:20] [main/DEBUG]: Skipping Lnet/minecraft/village/PointOfInterestData;
[12:46:20] [main/DEBUG]: Skipping Lnet/minecraft/village/VillageSiege$State;
[12:46:20] [main/DEBUG]: Skipping Lnet/minecraft/village/VillageSiege;
[12:46:20] [main/DEBUG]: Transforming class Lnet/minecraft/village/PointOfInterestType;
[12:46:20] [main/DEBUG]: Transforming net.minecraft.village.PointOfInterestType METHOD func_221042_a(Lnet/minecraft/block/Block;)Ljava/util/Set; to access PUBLIC and LEAVE
[12:46:20] [main/DEBUG]: Transforming net.minecraft.village.PointOfInterestType METHOD <init>(Ljava/lang/String;Ljava/util/Set;ILjava/util/function/Predicate;I)V to access PUBLIC and LEAVE
[12:46:20] [main/DEBUG]: Transforming net.minecraft.village.PointOfInterestType METHOD <init>(Ljava/lang/String;Ljava/util/Set;II)V to access PUBLIC and LEAVE
[12:46:20] [main/DEBUG]: Skipping Lnet/minecraft/network/package-info;
[12:46:20] [main/DEBUG]: Skipping Lnet/minecraft/network/NettyEncryptionTranslator;
[12:46:20] [main/DEBUG]: Skipping Lnet/minecraft/network/NettyEncryptingDecoder;
[12:46:20] [main/DEBUG]: Skipping Lnet/minecraft/network/NettyEncryptingEncoder;
[12:46:20] [main/DEBUG]: Skipping Lnet/minecraft/network/NettyCompressionDecoder;
[12:46:20] [main/DEBUG]: Skipping Lnet/minecraft/network/ProtocolType;
[12:46:20] [main/DEBUG]: Skipping Lnet/minecraft/network/NettyPacketDecoder;
[12:46:20] [main/DEBUG]: Skipping Lnet/minecraft/network/INetHandler;
[12:46:20] [main/DEBUG]: Skipping Lnet/minecraft/network/RateLimitedNetworkManager;
[12:46:20] [main/DEBUG]: Skipping Lnet/minecraft/network/SkipableEncoderException;
[12:46:20] [main/DEBUG]: Skipping Lnet/minecraft/network/NettyVarint21FrameDecoder;
[12:46:20] [main/DEBUG]: Skipping Lnet/minecraft/network/NettyVarint21FrameEncoder;
[12:46:20] [main/DEBUG]: Skipping Lnet/minecraft/network/IPacket;
[12:46:20] [main/DEBUG]: Skipping Lnet/minecraft/network/PacketDirection;
[12:46:20] [main/DEBUG]: Skipping Lnet/minecraft/network/PacketThreadUtil;
[12:46:20] [main/DEBUG]: Skipping Lnet/minecraft/network/DebugPacketSender;
[12:46:20] [main/DEBUG]: Skipping Lnet/minecraft/network/ThreadQuickExitException;
[12:46:20] [main/DEBUG]: Skipping Lnet/minecraft/network/ProtocolType$1;
[12:46:20] [main/DEBUG]: Skipping Lnet/minecraft/network/ProtocolType$PacketList;
[12:46:20] [main/DEBUG]: Skipping Lnet/minecraft/network/ProtocolType$PacketRegistry;
[12:46:20] [main/DEBUG]: Skipping Lnet/minecraft/network/LegacyPingHandler;
[12:46:20] [main/DEBUG]: Skipping Lnet/minecraft/network/ServerStatusResponse$Players$Serializer;
[12:46:20] [main/DEBUG]: Skipping Lnet/minecraft/network/NettyCompressionEncoder;
[12:46:20] [main/DEBUG]: Skipping Lnet/minecraft/network/NetworkManager;
[12:46:20] [main/DEBUG]: Skipping Lnet/minecraft/network/PacketBuffer;
[12:46:20] [main/DEBUG]: Skipping Lnet/minecraft/network/NettyPacketEncoder;
[12:46:20] [main/DEBUG]: Skipping Lnet/minecraft/network/status/package-info;
[12:46:20] [main/DEBUG]: Skipping Lnet/minecraft/network/status/IServerStatusNetHandler;
[12:46:20] [main/DEBUG]: Skipping Lnet/minecraft/network/status/client/package-info;
[12:46:20] [main/DEBUG]: Skipping Lnet/minecraft/network/status/client/CPingPacket;
[12:46:20] [main/DEBUG]: Skipping Lnet/minecraft/network/status/client/CServerQueryPacket;
[12:46:20] [main/DEBUG]: Skipping Lnet/minecraft/network/status/ServerStatusNetHandler;
[12:46:20] [main/DEBUG]: Skipping Lnet/minecraft/network/status/server/package-info;
[12:46:20] [main/DEBUG]: Skipping Lnet/minecraft/network/status/server/SPongPacket;
[12:46:20] [main/DEBUG]: Transforming class Lnet/minecraft/network/status/server/SServerInfoPacket;
[12:46:20] [main/DEBUG]: Transforming net.minecraft.network.status.server.SServerInfoPacket FIELD field_149297_a to access PUBLIC and LEAVE
[12:46:20] [main/DEBUG]: Skipping Lnet/minecraft/network/ServerStatusResponse;
[12:46:20] [main/DEBUG]: Skipping Lnet/minecraft/network/ServerStatusResponse$Version$Serializer;
[12:46:20] [main/DEBUG]: Skipping Lnet/minecraft/network/ServerStatusResponse$Players;
[12:46:20] [main/DEBUG]: Skipping Lnet/minecraft/network/ServerStatusResponse$Serializer;
[12:46:20] [main/DEBUG]: Skipping Lnet/minecraft/network/ServerStatusResponse$Version;
[12:46:20] [main/DEBUG]: Skipping Lnet/minecraft/network/NetworkSystem$1;
[12:46:20] [main/DEBUG]: Skipping Lnet/minecraft/network/NetworkSystem$2;
[12:46:20] [main/DEBUG]: Skipping Lnet/minecraft/network/NetworkManager$1;
[12:46:20] [main/DEBUG]: Skipping Lnet/minecraft/network/NetworkManager$2;
[12:46:20] [main/DEBUG]: Skipping Lnet/minecraft/network/NetworkManager$QueuedPacket;
[12:46:20] [main/DEBUG]: Skipping Lnet/minecraft/network/NetworkSystem;
[12:46:20] [main/DEBUG]: Skipping Lnet/minecraft/network/play/package-info;
[12:46:20] [main/DEBUG]: Skipping Lnet/minecraft/network/play/IServerPlayNetHandler;
[12:46:20] [main/DEBUG]: Skipping Lnet/minecraft/network/play/client/package-info;
[12:46:20] [main/DEBUG]: Skipping Lnet/minecraft/network/play/client/CPlayerPacket$RotationPacket;
[12:46:20] [main/DEBUG]: Skipping Lnet/minecraft/network/play/client/CConfirmTeleportPacket;
[12:46:20] [main/DEBUG]: Skipping Lnet/minecraft/network/play/client/CQueryTileEntityNBTPacket;
[12:46:20] [main/DEBUG]: Skipping Lnet/minecraft/network/play/client/CSetDifficultyPacket;
[12:46:20] [main/DEBUG]: Skipping Lnet/minecraft/network/play/client/CChatMessagePacket;
[12:46:20] [main/DEBUG]: Skipping Lnet/minecraft/network/play/client/CClientStatusPacket;
[12:46:20] [main/DEBUG]: Skipping Lnet/minecraft/network/play/client/CTabCompletePacket;
[12:46:20] [main/DEBUG]: Skipping Lnet/minecraft/network/play/client/CConfirmTransactionPacket;
[12:46:20] [main/DEBUG]: Skipping Lnet/minecraft/network/play/client/CEnchantItemPacket;
[12:46:20] [main/DEBUG]: Skipping Lnet/minecraft/network/play/client/CCloseWindowPacket;
[12:46:20] [main/DEBUG]: Skipping Lnet/minecraft/network/play/client/CEditBookPacket;
[12:46:20] [main/DEBUG]: Skipping Lnet/minecraft/network/play/client/CQueryEntityNBTPacket;
[12:46:20] [main/DEBUG]: Skipping Lnet/minecraft/network/play/client/CUseEntityPacket;
[12:46:20] [main/DEBUG]: Skipping Lnet/minecraft/network/play/client/CJigsawBlockGeneratePacket;
[12:46:20] [main/DEBUG]: Skipping Lnet/minecraft/network/play/client/CKeepAlivePacket;
[12:46:20] [main/DEBUG]: Skipping Lnet/minecraft/network/play/client/CLockDifficultyPacket;
[12:46:20] [main/DEBUG]: Skipping Lnet/minecraft/network/play/client/CPlayerPacket;
[12:46:20] [main/DEBUG]: Skipping Lnet/minecraft/network/play/client/CMoveVehiclePacket;
[12:46:20] [main/DEBUG]: Skipping Lnet/minecraft/network/play/client/CSteerBoatPacket;
[12:46:20] [main/DEBUG]: Skipping Lnet/minecraft/network/play/client/CPickItemPacket;
[12:46:20] [main/DEBUG]: Skipping Lnet/minecraft/network/play/client/CPlaceRecipePacket;
[12:46:20] [main/DEBUG]: Skipping Lnet/minecraft/network/play/client/CPlayerAbilitiesPacket;
[12:46:20] [main/DEBUG]: Skipping Lnet/minecraft/network/play/client/CPlayerDiggingPacket;
[12:46:20] [main/DEBUG]: Skipping Lnet/minecraft/network/play/client/CEntityActionPacket;
[12:46:20] [main/DEBUG]: Skipping Lnet/minecraft/network/play/client/CInputPacket;
[12:46:20] [main/DEBUG]: Skipping Lnet/minecraft/network/play/client/CUpdateRecipeBookStatusPacket;
[12:46:20] [main/DEBUG]: Skipping Lnet/minecraft/network/play/client/CMarkRecipeSeenPacket;
[12:46:20] [main/DEBUG]: Skipping Lnet/minecraft/network/play/client/CRenameItemPacket;
[12:46:20] [main/DEBUG]: Skipping Lnet/minecraft/network/play/client/CResourcePackStatusPacket;
[12:46:20] [main/DEBUG]: Skipping Lnet/minecraft/network/play/client/CSeenAdvancementsPacket;
[12:46:20] [main/DEBUG]: Skipping Lnet/minecraft/network/play/client/CSelectTradePacket;
[12:46:20] [main/DEBUG]: Skipping Lnet/minecraft/network/play/client/CUpdateBeaconPacket;
[12:46:20] [main/DEBUG]: Skipping Lnet/minecraft/network/play/client/CHeldItemChangePacket;
[12:46:20] [main/DEBUG]: Skipping Lnet/minecraft/network/play/client/CUpdateCommandBlockPacket;
[12:46:20] [main/DEBUG]: Skipping Lnet/minecraft/network/play/client/CUpdateMinecartCommandBlockPacket;
[12:46:20] [main/DEBUG]: Skipping Lnet/minecraft/network/play/client/CUpdateJigsawBlockPacket;
[12:46:20] [main/DEBUG]: Skipping Lnet/minecraft/network/play/client/CUpdateStructureBlockPacket;
[12:46:20] [main/DEBUG]: Skipping Lnet/minecraft/network/play/client/CUpdateSignPacket;
[12:46:20] [main/DEBUG]: Skipping Lnet/minecraft/network/play/client/CAnimateHandPacket;
[12:46:20] [main/DEBUG]: Skipping Lnet/minecraft/network/play/client/CSpectatePacket;
[12:46:20] [main/DEBUG]: Skipping Lnet/minecraft/network/play/client/CPlayerTryUseItemOnBlockPacket;
[12:46:20] [main/DEBUG]: Skipping Lnet/minecraft/network/play/client/CPlayerTryUseItemPacket;
[12:46:20] [main/DEBUG]: Skipping Lnet/minecraft/network/play/client/CResourcePackStatusPacket$Action;
[12:46:20] [main/DEBUG]: Skipping Lnet/minecraft/network/play/client/CSeenAdvancementsPacket$Action;
[12:46:20] [main/DEBUG]: Skipping Lnet/minecraft/network/play/client/CPlayerDiggingPacket$Action;
[12:46:20] [main/DEBUG]: Skipping Lnet/minecraft/network/play/client/CUseEntityPacket$Action;
[12:46:20] [main/DEBUG]: Skipping Lnet/minecraft/network/play/client/CClientStatusPacket$State;
[12:46:20] [main/DEBUG]: Skipping Lnet/minecraft/network/play/client/CEntityActionPacket$Action;
[12:46:20] [main/DEBUG]: Skipping Lnet/minecraft/network/play/client/CPlayerPacket$PositionPacket;
[12:46:20] [main/DEBUG]: Skipping Lnet/minecraft/network/play/client/CPlayerPacket$PositionRotationPacket;
[12:46:20] [main/DEBUG]: Skipping Lnet/minecraft/network/play/client/CClientSettingsPacket;
[12:46:20] [main/DEBUG]: Skipping Lnet/minecraft/network/play/client/CClickWindowPacket;
[12:46:20] [main/DEBUG]: Skipping Lnet/minecraft/network/play/client/CCustomPayloadPacket;
[12:46:20] [main/DEBUG]: Skipping Lnet/minecraft/network/play/client/CCreativeInventoryActionPacket;
[12:46:20] [main/DEBUG]: Skipping Lnet/minecraft/network/play/ServerPlayNetHandler$1;
[12:46:20] [main/DEBUG]: Skipping Lnet/minecraft/network/play/server/package-info;
[12:46:20] [main/DEBUG]: Skipping Lnet/minecraft/network/play/server/SWorldBorderPacket$1;
[12:46:20] [main/DEBUG]: Skipping Lnet/minecraft/network/play/server/SWorldBorderPacket$Action;
[12:46:20] [main/DEBUG]: Skipping Lnet/minecraft/network/play/server/SCombatPacket$1;
[12:46:20] [main/DEBUG]: Skipping Lnet/minecraft/network/play/server/SCombatPacket$Event;
[12:46:20] [main/DEBUG]: Skipping Lnet/minecraft/network/play/server/SPlayerListItemPacket$1;
[12:46:20] [main/DEBUG]: Skipping Lnet/minecraft/network/play/server/SSpawnObjectPacket;
[12:46:20] [main/DEBUG]: Skipping Lnet/minecraft/network/play/server/SSpawnExperienceOrbPacket;
[12:46:20] [main/DEBUG]: Skipping Lnet/minecraft/network/play/server/SSpawnMobPacket;
[12:46:20] [main/DEBUG]: Skipping Lnet/minecraft/network/play/server/SSpawnPaintingPacket;
[12:46:20] [main/DEBUG]: Skipping Lnet/minecraft/network/play/server/SSpawnPlayerPacket;
[12:46:20] [main/DEBUG]: Skipping Lnet/minecraft/network/play/server/SAnimateHandPacket;
[12:46:20] [main/DEBUG]: Skipping Lnet/minecraft/network/play/server/SStatisticsPacket;
[12:46:20] [main/DEBUG]: Skipping Lnet/minecraft/network/play/server/SPlayerDiggingPacket;
[12:46:20] [main/DEBUG]: Skipping Lnet/minecraft/network/play/server/SAnimateBlockBreakPacket;
[12:46:20] [main/DEBUG]: Skipping Lnet/minecraft/network/play/server/SUpdateTileEntityPacket;
[12:46:20] [main/DEBUG]: Skipping Lnet/minecraft/network/play/server/SBlockActionPacket;
[12:46:20] [main/DEBUG]: Skipping Lnet/minecraft/network/play/server/SChangeBlockPacket;
[12:46:20] [main/DEBUG]: Skipping Lnet/minecraft/network/play/server/SUpdateBossInfoPacket;
[12:46:20] [main/DEBUG]: Skipping Lnet/minecraft/network/play/server/SPlayerListItemPacket$Action;
[12:46:20] [main/DEBUG]: Skipping Lnet/minecraft/network/play/server/SPlayerListItemPacket$AddPlayerData;
[12:46:20] [main/DEBUG]: Skipping Lnet/minecraft/network/play/server/SServerDifficultyPacket;
[12:46:20] [main/DEBUG]: Skipping Lnet/minecraft/network/play/server/SChatPacket;
[12:46:20] [main/DEBUG]: Skipping Lnet/minecraft/network/play/server/STabCompletePacket;
[12:46:20] [main/DEBUG]: Skipping Lnet/minecraft/network/play/server/SConfirmTransactionPacket;
[12:46:20] [main/DEBUG]: Skipping Lnet/minecraft/network/play/server/SCloseWindowPacket;
[12:46:20] [main/DEBUG]: Skipping Lnet/minecraft/network/play/server/SWindowItemsPacket;
[12:46:20] [main/DEBUG]: Skipping Lnet/minecraft/network/play/server/SWindowPropertyPacket;
[12:46:20] [main/DEBUG]: Skipping Lnet/minecraft/network/play/server/SSetSlotPacket;
[12:46:20] [main/DEBUG]: Skipping Lnet/minecraft/network/play/server/SCooldownPacket;
[12:46:20] [main/DEBUG]: Skipping Lnet/minecraft/network/play/server/SPlaySoundPacket;
[12:46:20] [main/DEBUG]: Skipping Lnet/minecraft/network/play/server/SDisconnectPacket;
[12:46:20] [main/DEBUG]: Skipping Lnet/minecraft/network/play/server/SEntityStatusPacket;
[12:46:20] [main/DEBUG]: Skipping Lnet/minecraft/network/play/server/SExplosionPacket;
[12:46:20] [main/DEBUG]: Skipping Lnet/minecraft/network/play/server/SUnloadChunkPacket;
[12:46:20] [main/DEBUG]: Skipping Lnet/minecraft/network/play/server/SChangeGameStatePacket;
[12:46:20] [main/DEBUG]: Skipping Lnet/minecraft/network/play/server/SOpenHorseWindowPacket;
[12:46:20] [main/DEBUG]: Skipping Lnet/minecraft/network/play/server/SKeepAlivePacket;
[12:46:20] [main/DEBUG]: Skipping Lnet/minecraft/network/play/server/SChunkDataPacket;
[12:46:20] [main/DEBUG]: Skipping Lnet/minecraft/network/play/server/SPlaySoundEventPacket;
[12:46:20] [main/DEBUG]: Skipping Lnet/minecraft/network/play/server/SSpawnParticlePacket;
[12:46:20] [main/DEBUG]: Skipping Lnet/minecraft/network/play/server/SUpdateLightPacket;
[12:46:20] [main/DEBUG]: Skipping Lnet/minecraft/network/play/server/SJoinGamePacket;
[12:46:20] [main/DEBUG]: Skipping Lnet/minecraft/network/play/server/SMapDataPacket;
[12:46:20] [main/DEBUG]: Skipping Lnet/minecraft/network/play/server/SMerchantOffersPacket;
[12:46:20] [main/DEBUG]: Skipping Lnet/minecraft/network/play/server/SEntityPacket;
[12:46:20] [main/DEBUG]: Skipping Lnet/minecraft/network/play/server/SMoveVehiclePacket;
[12:46:20] [main/DEBUG]: Skipping Lnet/minecraft/network/play/server/SOpenBookWindowPacket;
[12:46:20] [main/DEBUG]: Skipping Lnet/minecraft/network/play/server/SOpenWindowPacket;
[12:46:20] [main/DEBUG]: Skipping Lnet/minecraft/network/play/server/SOpenSignMenuPacket;
[12:46:20] [main/DEBUG]: Skipping Lnet/minecraft/network/play/server/SPlaceGhostRecipePacket;
[12:46:20] [main/DEBUG]: Skipping Lnet/minecraft/network/play/server/SPlayerAbilitiesPacket;
[12:46:20] [main/DEBUG]: Skipping Lnet/minecraft/network/play/server/SCombatPacket;
[12:46:20] [main/DEBUG]: Skipping Lnet/minecraft/network/play/server/SPlayerListItemPacket;
[12:46:20] [main/DEBUG]: Skipping Lnet/minecraft/network/play/server/SPlayerLookPacket;
[12:46:20] [main/DEBUG]: Skipping Lnet/minecraft/network/play/server/SPlayerPositionLookPacket;
[12:46:20] [main/DEBUG]: Skipping Lnet/minecraft/network/play/server/SRecipeBookPacket;
[12:46:20] [main/DEBUG]: Skipping Lnet/minecraft/network/play/server/SDestroyEntitiesPacket;
[12:46:20] [main/DEBUG]: Skipping Lnet/minecraft/network/play/server/SRemoveEntityEffectPacket;
[12:46:20] [main/DEBUG]: Skipping Lnet/minecraft/network/play/server/SSendResourcePackPacket;
[12:46:21] [main/DEBUG]: Skipping Lnet/minecraft/network/play/server/SRespawnPacket;
[12:46:21] [main/DEBUG]: Skipping Lnet/minecraft/network/play/server/SEntityHeadLookPacket;
[12:46:21] [main/DEBUG]: Skipping Lnet/minecraft/network/play/server/SMultiBlockChangePacket;
[12:46:21] [main/DEBUG]: Skipping Lnet/minecraft/network/play/server/SSelectAdvancementsTabPacket;
[12:46:21] [main/DEBUG]: Skipping Lnet/minecraft/network/play/server/SWorldBorderPacket;
[12:46:21] [main/DEBUG]: Skipping Lnet/minecraft/network/play/server/SCameraPacket;
[12:46:21] [main/DEBUG]: Skipping Lnet/minecraft/network/play/server/SHeldItemChangePacket;
[12:46:21] [main/DEBUG]: Skipping Lnet/minecraft/network/play/server/SUpdateChunkPositionPacket;
[12:46:21] [main/DEBUG]: Skipping Lnet/minecraft/network/play/server/SUpdateViewDistancePacket;
[12:46:21] [main/DEBUG]: Skipping Lnet/minecraft/network/play/server/SWorldSpawnChangedPacket;
[12:46:21] [main/DEBUG]: Skipping Lnet/minecraft/network/play/server/SDisplayObjectivePacket;
[12:46:21] [main/DEBUG]: Skipping Lnet/minecraft/network/play/server/SEntityMetadataPacket;
[12:46:21] [main/DEBUG]: Skipping Lnet/minecraft/network/play/server/SMountEntityPacket;
[12:46:21] [main/DEBUG]: Skipping Lnet/minecraft/network/play/server/SEntityVelocityPacket;
[12:46:21] [main/DEBUG]: Skipping Lnet/minecraft/network/play/server/SEntityEquipmentPacket;
[12:46:21] [main/DEBUG]: Skipping Lnet/minecraft/network/play/server/SSetExperiencePacket;
[12:46:21] [main/DEBUG]: Skipping Lnet/minecraft/network/play/server/SUpdateHealthPacket;
[12:46:21] [main/DEBUG]: Skipping Lnet/minecraft/network/play/server/SScoreboardObjectivePacket;
[12:46:21] [main/DEBUG]: Skipping Lnet/minecraft/network/play/server/SSetPassengersPacket;
[12:46:21] [main/DEBUG]: Skipping Lnet/minecraft/network/play/server/STeamsPacket;
[12:46:21] [main/DEBUG]: Skipping Lnet/minecraft/network/play/server/SUpdateScorePacket;
[12:46:21] [main/DEBUG]: Skipping Lnet/minecraft/network/play/server/SUpdateTimePacket;
[12:46:21] [main/DEBUG]: Skipping Lnet/minecraft/network/play/server/STitlePacket;
[12:46:21] [main/DEBUG]: Skipping Lnet/minecraft/network/play/server/SSpawnMovingSoundEffectPacket;
[12:46:21] [main/DEBUG]: Skipping Lnet/minecraft/network/play/server/SPlaySoundEffectPacket;
[12:46:21] [main/DEBUG]: Skipping Lnet/minecraft/network/play/server/SStopSoundPacket;
[12:46:21] [main/DEBUG]: Skipping Lnet/minecraft/network/play/server/SPlayerListHeaderFooterPacket;
[12:46:21] [main/DEBUG]: Skipping Lnet/minecraft/network/play/server/SQueryNBTResponsePacket;
[12:46:21] [main/DEBUG]: Skipping Lnet/minecraft/network/play/server/SCollectItemPacket;
[12:46:21] [main/DEBUG]: Skipping Lnet/minecraft/network/play/server/SEntityTeleportPacket;
[12:46:21] [main/DEBUG]: Skipping Lnet/minecraft/network/play/server/SAdvancementInfoPacket;
[12:46:21] [main/DEBUG]: Skipping Lnet/minecraft/network/play/server/SPlayEntityEffectPacket;
[12:46:21] [main/DEBUG]: Skipping Lnet/minecraft/network/play/server/SUpdateRecipesPacket;
[12:46:21] [main/DEBUG]: Skipping Lnet/minecraft/network/play/server/STagsListPacket;
[12:46:21] [main/DEBUG]: Skipping Lnet/minecraft/network/play/server/SPlayerPositionLookPacket$Flags;
[12:46:21] [main/DEBUG]: Skipping Lnet/minecraft/network/play/server/SChangeGameStatePacket$State;
[12:46:21] [main/DEBUG]: Skipping Lnet/minecraft/network/play/server/SRecipeBookPacket$State;
[12:46:21] [main/DEBUG]: Skipping Lnet/minecraft/network/play/server/SEntityPacket$RelativeMovePacket;
[12:46:21] [main/DEBUG]: Skipping Lnet/minecraft/network/play/server/SEntityPacket$MovePacket;
[12:46:21] [main/DEBUG]: Skipping Lnet/minecraft/network/play/server/SEntityPacket$LookPacket;
[12:46:21] [main/DEBUG]: Skipping Lnet/minecraft/network/play/server/SUpdateBossInfoPacket$1;
[12:46:21] [main/DEBUG]: Skipping Lnet/minecraft/network/play/server/SUpdateBossInfoPacket$Operation;
[12:46:21] [main/DEBUG]: Skipping Lnet/minecraft/network/play/server/STitlePacket$Type;
[12:46:21] [main/DEBUG]: Skipping Lnet/minecraft/network/play/server/SCommandListPacket;
[12:46:21] [main/DEBUG]: Skipping Lnet/minecraft/network/play/server/SCustomPayloadPlayPacket;
[12:46:21] [main/DEBUG]: Skipping Lnet/minecraft/network/play/server/SEntityPropertiesPacket;
[12:46:21] [main/DEBUG]: Skipping Lnet/minecraft/network/play/server/SCommandListPacket$1;
[12:46:21] [main/DEBUG]: Skipping Lnet/minecraft/network/play/server/SCommandListPacket$Entry;
[12:46:21] [main/DEBUG]: Skipping Lnet/minecraft/network/play/server/SEntityPropertiesPacket$Snapshot;
[12:46:21] [main/DEBUG]: Skipping Lnet/minecraft/network/play/ServerPlayNetHandler;
[12:46:21] [main/DEBUG]: Skipping Lnet/minecraft/network/handshake/package-info;
[12:46:21] [main/DEBUG]: Skipping Lnet/minecraft/network/handshake/IHandshakeNetHandler;
[12:46:21] [main/DEBUG]: Skipping Lnet/minecraft/network/handshake/client/package-info;
[12:46:21] [main/DEBUG]: Skipping Lnet/minecraft/network/handshake/client/CHandshakePacket;
[12:46:21] [main/DEBUG]: Skipping Lnet/minecraft/network/handshake/ServerHandshakeNetHandler$1;
[12:46:21] [main/DEBUG]: Skipping Lnet/minecraft/network/handshake/ServerHandshakeNetHandler;
[12:46:21] [main/DEBUG]: Skipping Lnet/minecraft/network/login/package-info;
[12:46:21] [main/DEBUG]: Skipping Lnet/minecraft/network/login/IServerLoginNetHandler;
[12:46:21] [main/DEBUG]: Skipping Lnet/minecraft/network/login/ServerLoginNetHandler$1;
[12:46:21] [main/DEBUG]: Skipping Lnet/minecraft/network/login/ServerLoginNetHandler$State;
[12:46:21] [main/DEBUG]: Skipping Lnet/minecraft/network/login/server/package-info;
[12:46:21] [main/DEBUG]: Skipping Lnet/minecraft/network/login/server/SLoginSuccessPacket;
[12:46:21] [main/DEBUG]: Skipping Lnet/minecraft/network/login/server/SEncryptionRequestPacket;
[12:46:21] [main/DEBUG]: Skipping Lnet/minecraft/network/login/server/SEnableCompressionPacket;
[12:46:21] [main/DEBUG]: Skipping Lnet/minecraft/network/login/server/SDisconnectLoginPacket;
[12:46:21] [main/DEBUG]: Skipping Lnet/minecraft/network/login/server/SCustomPayloadLoginPacket;
[12:46:21] [main/DEBUG]: Skipping Lnet/minecraft/network/login/client/package-info;
[12:46:21] [main/DEBUG]: Skipping Lnet/minecraft/network/login/client/CLoginStartPacket;
[12:46:21] [main/DEBUG]: Skipping Lnet/minecraft/network/login/client/CEncryptionResponsePacket;
[12:46:21] [main/DEBUG]: Skipping Lnet/minecraft/network/login/client/CCustomPayloadLoginPacket;
[12:46:21] [main/DEBUG]: Skipping Lnet/minecraft/network/login/ServerLoginNetHandler;
[12:46:21] [main/DEBUG]: Skipping Lnet/minecraft/network/rcon/package-info;
[12:46:21] [main/DEBUG]: Skipping Lnet/minecraft/network/rcon/IServer;
[12:46:21] [main/DEBUG]: Skipping Lnet/minecraft/network/rcon/QueryThread$Auth;
[12:46:21] [main/DEBUG]: Skipping Lnet/minecraft/network/rcon/RConOutputStream;
[12:46:21] [main/DEBUG]: Skipping Lnet/minecraft/network/rcon/RConUtils;
[12:46:21] [main/DEBUG]: Skipping Lnet/minecraft/network/rcon/RConThread;
[12:46:21] [main/DEBUG]: Skipping Lnet/minecraft/network/rcon/QueryThread;
[12:46:21] [main/DEBUG]: Skipping Lnet/minecraft/network/rcon/MainThread;
[12:46:21] [main/DEBUG]: Skipping Lnet/minecraft/network/rcon/RConConsoleSource;
[12:46:21] [main/DEBUG]: Skipping Lnet/minecraft/network/rcon/ClientThread;
[12:46:21] [main/DEBUG]: Skipping Lnet/minecraft/network/datasync/package-info;
[12:46:21] [main/DEBUG]: Skipping Lnet/minecraft/network/datasync/DataParameter;
[12:46:21] [main/DEBUG]: Skipping Lnet/minecraft/network/datasync/IDataSerializer;
[12:46:21] [main/DEBUG]: Skipping Lnet/minecraft/network/datasync/EntityDataManager$DataEntry;
[12:46:21] [main/DEBUG]: Skipping Lnet/minecraft/network/datasync/DataSerializers;
[12:46:21] [main/DEBUG]: Skipping Lnet/minecraft/network/datasync/EntityDataManager;
[12:46:21] [main/DEBUG]: Skipping Lnet/minecraft/network/datasync/DataSerializers$18;
[12:46:21] [main/DEBUG]: Skipping Lnet/minecraft/network/datasync/DataSerializers$19;
[12:46:21] [main/DEBUG]: Skipping Lnet/minecraft/network/datasync/DataSerializers$2;
[12:46:21] [main/DEBUG]: Skipping Lnet/minecraft/network/datasync/DataSerializers$3;
[12:46:21] [main/DEBUG]: Skipping Lnet/minecraft/network/datasync/DataSerializers$4;
[12:46:21] [main/DEBUG]: Skipping Lnet/minecraft/network/datasync/DataSerializers$5;
[12:46:21] [main/DEBUG]: Skipping Lnet/minecraft/network/datasync/DataSerializers$6;
[12:46:21] [main/DEBUG]: Skipping Lnet/minecraft/network/datasync/DataSerializers$7;
[12:46:21] [main/DEBUG]: Skipping Lnet/minecraft/network/datasync/DataSerializers$8;
[12:46:21] [main/DEBUG]: Skipping Lnet/minecraft/network/datasync/DataSerializers$9;
[12:46:21] [main/DEBUG]: Skipping Lnet/minecraft/network/datasync/DataSerializers$1;
[12:46:21] [main/DEBUG]: Skipping Lnet/minecraft/network/datasync/DataSerializers$10;
[12:46:21] [main/DEBUG]: Skipping Lnet/minecraft/network/datasync/DataSerializers$11;
[12:46:21] [main/DEBUG]: Skipping Lnet/minecraft/network/datasync/DataSerializers$12;
[12:46:21] [main/DEBUG]: Skipping Lnet/minecraft/network/datasync/DataSerializers$13;
[12:46:21] [main/DEBUG]: Skipping Lnet/minecraft/network/datasync/DataSerializers$14;
[12:46:21] [main/DEBUG]: Skipping Lnet/minecraft/network/datasync/DataSerializers$15;
[12:46:21] [main/DEBUG]: Skipping Lnet/minecraft/network/datasync/DataSerializers$16;
[12:46:21] [main/DEBUG]: Skipping Lnet/minecraft/network/datasync/DataSerializers$17;
[12:46:21] [main/DEBUG]: Skipping Lnet/minecraft/inventory/package-info;
[12:46:21] [main/DEBUG]: Skipping Lnet/minecraft/inventory/EquipmentSlotType$Group;
[12:46:21] [main/DEBUG]: Skipping Lnet/minecraft/inventory/IClearable;
[12:46:21] [main/DEBUG]: Skipping Lnet/minecraft/inventory/DoubleSidedInventory;
[12:46:21] [main/DEBUG]: Skipping Lnet/minecraft/inventory/IInventory;
[12:46:21] [main/DEBUG]: Skipping Lnet/minecraft/inventory/ItemStackHelper;
[12:46:21] [main/DEBUG]: Skipping Lnet/minecraft/inventory/IInventoryChangedListener;
[12:46:21] [main/DEBUG]: Skipping Lnet/minecraft/inventory/InventoryHelper;
[12:46:21] [main/DEBUG]: Skipping Lnet/minecraft/inventory/Inventory;
[12:46:21] [main/DEBUG]: Skipping Lnet/minecraft/inventory/ISidedInventory;
[12:46:21] [main/DEBUG]: Skipping Lnet/minecraft/inventory/ISidedInventoryProvider;
[12:46:21] [main/DEBUG]: Skipping Lnet/minecraft/inventory/EquipmentSlotType;
[12:46:21] [main/DEBUG]: Skipping Lnet/minecraft/inventory/CraftingInventory;
[12:46:21] [main/DEBUG]: Skipping Lnet/minecraft/inventory/MerchantInventory;
[12:46:21] [main/DEBUG]: Skipping Lnet/minecraft/inventory/EnderChestInventory;
[12:46:21] [main/DEBUG]: Skipping Lnet/minecraft/inventory/IRecipeHolder;
[12:46:21] [main/DEBUG]: Skipping Lnet/minecraft/inventory/CraftResultInventory;
[12:46:21] [main/DEBUG]: Skipping Lnet/minecraft/inventory/IRecipeHelperPopulator;
[12:46:21] [main/DEBUG]: Skipping Lnet/minecraft/inventory/container/package-info;
[12:46:21] [main/DEBUG]: Skipping Lnet/minecraft/inventory/container/HorseInventoryContainer$1;
[12:46:21] [main/DEBUG]: Skipping Lnet/minecraft/inventory/container/HorseInventoryContainer$2;
[12:46:21] [main/DEBUG]: Skipping Lnet/minecraft/inventory/container/StonecutterContainer$1;
[12:46:21] [main/DEBUG]: Skipping Lnet/minecraft/inventory/container/StonecutterContainer$2;
[12:46:21] [main/DEBUG]: Skipping Lnet/minecraft/inventory/container/AbstractRepairContainer$1;
[12:46:21] [main/DEBUG]: Skipping Lnet/minecraft/inventory/container/AbstractRepairContainer$2;
[12:46:21] [main/DEBUG]: Skipping Lnet/minecraft/inventory/container/LecternContainer$1;
[12:46:21] [main/DEBUG]: Skipping Lnet/minecraft/inventory/container/LoomContainer$1;
[12:46:21] [main/DEBUG]: Skipping Lnet/minecraft/inventory/container/LoomContainer$2;
[12:46:21] [main/DEBUG]: Skipping Lnet/minecraft/inventory/container/LoomContainer$3;
[12:46:21] [main/DEBUG]: Skipping Lnet/minecraft/inventory/container/LoomContainer$4;
[12:46:21] [main/DEBUG]: Skipping Lnet/minecraft/inventory/container/LoomContainer$5;
[12:46:21] [main/DEBUG]: Skipping Lnet/minecraft/inventory/container/LoomContainer$6;
[12:46:21] [main/DEBUG]: Skipping Lnet/minecraft/inventory/container/CartographyContainer$1;
[12:46:21] [main/DEBUG]: Skipping Lnet/minecraft/inventory/container/CartographyContainer$2;
[12:46:21] [main/DEBUG]: Skipping Lnet/minecraft/inventory/container/CartographyContainer$3;
[12:46:21] [main/DEBUG]: Skipping Lnet/minecraft/inventory/container/CartographyContainer$4;
[12:46:21] [main/DEBUG]: Skipping Lnet/minecraft/inventory/container/CartographyContainer$5;
[12:46:21] [main/DEBUG]: Skipping Lnet/minecraft/inventory/container/INamedContainerProvider;
[12:46:21] [main/DEBUG]: Skipping Lnet/minecraft/inventory/container/SimpleNamedContainerProvider;
[12:46:21] [main/DEBUG]: Skipping Lnet/minecraft/inventory/container/BlastFurnaceContainer;
[12:46:21] [main/DEBUG]: Skipping Lnet/minecraft/inventory/container/CartographyContainer;
[12:46:21] [main/DEBUG]: Skipping Lnet/minecraft/inventory/container/ChestContainer;
[12:46:21] [main/DEBUG]: Skipping Lnet/minecraft/inventory/container/ClickType;
[12:46:21] [main/DEBUG]: Skipping Lnet/minecraft/inventory/container/IContainerListener;
[12:46:21] [main/DEBUG]: Skipping Lnet/minecraft/inventory/container/WorkbenchContainer;
[12:46:21] [main/DEBUG]: Skipping Lnet/minecraft/inventory/container/DispenserContainer;
[12:46:21] [main/DEBUG]: Skipping Lnet/minecraft/inventory/container/FurnaceFuelSlot;
[12:46:21] [main/DEBUG]: Skipping Lnet/minecraft/inventory/container/FurnaceContainer;
[12:46:21] [main/DEBUG]: Skipping Lnet/minecraft/inventory/container/HopperContainer;
[12:46:21] [main/DEBUG]: Skipping Lnet/minecraft/inventory/container/HorseInventoryContainer;
[12:46:21] [main/DEBUG]: Skipping Lnet/minecraft/inventory/container/AbstractRepairContainer;
[12:46:21] [main/DEBUG]: Skipping Lnet/minecraft/inventory/container/LecternContainer;
[12:46:21] [main/DEBUG]: Skipping Lnet/minecraft/inventory/container/LoomContainer;
[12:46:21] [main/DEBUG]: Skipping Lnet/minecraft/inventory/container/IContainerProvider;
[12:46:21] [main/DEBUG]: Skipping Lnet/minecraft/inventory/container/MerchantContainer;
[12:46:21] [main/DEBUG]: Skipping Lnet/minecraft/inventory/container/MerchantResultSlot;
[12:46:21] [main/DEBUG]: Skipping Lnet/minecraft/inventory/container/ShulkerBoxContainer;
[12:46:21] [main/DEBUG]: Skipping Lnet/minecraft/inventory/container/ShulkerBoxSlot;
[12:46:21] [main/DEBUG]: Skipping Lnet/minecraft/inventory/container/SmithingTableContainer;
[12:46:21] [main/DEBUG]: Skipping Lnet/minecraft/inventory/container/SmokerContainer;
[12:46:21] [main/DEBUG]: Skipping Lnet/minecraft/inventory/container/StonecutterContainer;
[12:46:21] [main/DEBUG]: Skipping Lnet/minecraft/inventory/container/PlayerContainer$1;
[12:46:21] [main/DEBUG]: Skipping Lnet/minecraft/inventory/container/PlayerContainer$2;
[12:46:21] [main/DEBUG]: Skipping Lnet/minecraft/inventory/container/RepairContainer$1;
[12:46:21] [main/DEBUG]: Skipping Lnet/minecraft/inventory/container/BeaconContainer$1;
[12:46:21] [main/DEBUG]: Skipping Lnet/minecraft/inventory/container/BeaconContainer$BeaconSlot;
[12:46:21] [main/DEBUG]: Skipping Lnet/minecraft/inventory/container/EnchantmentContainer$1;
[12:46:21] [main/DEBUG]: Skipping Lnet/minecraft/inventory/container/EnchantmentContainer$2;
[12:46:21] [main/DEBUG]: Skipping Lnet/minecraft/inventory/container/EnchantmentContainer$3;
[12:46:21] [main/DEBUG]: Skipping Lnet/minecraft/inventory/container/BrewingStandContainer$FuelSlot;
[12:46:21] [main/DEBUG]: Skipping Lnet/minecraft/inventory/container/BrewingStandContainer$IngredientSlot;
[12:46:21] [main/DEBUG]: Skipping Lnet/minecraft/inventory/container/BrewingStandContainer$PotionSlot;
[12:46:21] [main/DEBUG]: Skipping Lnet/minecraft/inventory/container/GrindstoneContainer$1;
[12:46:21] [main/DEBUG]: Skipping Lnet/minecraft/inventory/container/GrindstoneContainer$2;
[12:46:21] [main/DEBUG]: Skipping Lnet/minecraft/inventory/container/GrindstoneContainer$3;
[12:46:21] [main/DEBUG]: Skipping Lnet/minecraft/inventory/container/GrindstoneContainer$4;
[12:46:21] [main/DEBUG]: Transforming class Lnet/minecraft/inventory/container/ContainerType$IFactory;
[12:46:21] [main/DEBUG]: Transforming net.minecraft.inventory.container.ContainerType$IFactory CLASS to access PUBLIC and LEAVE
[12:46:21] [main/DEBUG]: Skipping Lnet/minecraft/inventory/container/Container;
[12:46:21] [main/DEBUG]: Skipping Lnet/minecraft/inventory/container/AbstractFurnaceContainer;
[12:46:21] [main/DEBUG]: Transforming class Lnet/minecraft/inventory/container/RepairContainer;
[12:46:21] [main/DEBUG]: Transforming net.minecraft.inventory.container.RepairContainer FIELD field_82856_l to access PUBLIC and LEAVE
[12:46:21] [main/DEBUG]: Skipping Lnet/minecraft/inventory/container/BeaconContainer;
[12:46:21] [main/DEBUG]: Skipping Lnet/minecraft/inventory/container/BrewingStandContainer;
[12:46:21] [main/DEBUG]: Skipping Lnet/minecraft/inventory/container/EnchantmentContainer;
[12:46:21] [main/DEBUG]: Skipping Lnet/minecraft/inventory/container/FurnaceResultSlot;
[12:46:21] [main/DEBUG]: Skipping Lnet/minecraft/inventory/container/GrindstoneContainer;
[12:46:21] [main/DEBUG]: Skipping Lnet/minecraft/inventory/container/PlayerContainer;
[12:46:21] [main/DEBUG]: Transforming class Lnet/minecraft/inventory/container/ContainerType;
[12:46:21] [main/DEBUG]: Transforming net.minecraft.inventory.container.ContainerType INNERCLASS IFactory to access PUBLIC and LEAVE
[12:46:21] [main/DEBUG]: Transforming net.minecraft.inventory.container.ContainerType METHOD <init>(Lnet/minecraft/inventory/container/ContainerType$IFactory;)V to access PUBLIC and LEAVE
[12:46:21] [main/DEBUG]: Skipping Lnet/minecraft/inventory/container/RecipeBookContainer;
[12:46:21] [main/DEBUG]: Skipping Lnet/minecraft/inventory/container/CraftingResultSlot;
[12:46:21] [main/DEBUG]: Skipping Lnet/minecraft/inventory/container/Slot;
[12:46:21] [main/DEBUG]: Skipping Lnet/minecraft/loot/package-info;
[12:46:21] [main/DEBUG]: Skipping Lnet/minecraft/loot/TableLootEntry$1;
[12:46:21] [main/DEBUG]: Skipping Lnet/minecraft/loot/TableLootEntry$Serializer;
[12:46:21] [main/DEBUG]: Skipping Lnet/minecraft/loot/BinomialRange;
[12:46:21] [main/DEBUG]: Skipping Lnet/minecraft/loot/LootTables;
[12:46:21] [main/DEBUG]: Skipping Lnet/minecraft/loot/ConstantRange;
[12:46:21] [main/DEBUG]: Skipping Lnet/minecraft/loot/LootSerializers;
[12:46:21] [main/DEBUG]: Skipping Lnet/minecraft/loot/LootTypesManager;
[12:46:21] [main/DEBUG]: Skipping Lnet/minecraft/loot/IntClamper;
[12:46:21] [main/DEBUG]: Skipping Lnet/minecraft/loot/IParameterized;
[12:46:21] [main/DEBUG]: Skipping Lnet/minecraft/loot/LootPredicateManager;
[12:46:21] [main/DEBUG]: Skipping Lnet/minecraft/loot/IRandomRange;
[12:46:21] [main/DEBUG]: Skipping Lnet/minecraft/loot/RandomRanges;
[12:46:21] [main/DEBUG]: Skipping Lnet/minecraft/loot/RandomValueRange;
[12:46:21] [main/DEBUG]: Skipping Lnet/minecraft/loot/ILootSerializer;
[12:46:21] [main/DEBUG]: Skipping Lnet/minecraft/loot/LootType;
[12:46:21] [main/DEBUG]: Skipping Lnet/minecraft/loot/ValidationTracker;
[12:46:21] [main/DEBUG]: Skipping Lnet/minecraft/loot/AlternativesLootEntry;
[12:46:21] [main/DEBUG]: Skipping Lnet/minecraft/loot/ILootEntry;
[12:46:21] [main/DEBUG]: Skipping Lnet/minecraft/loot/ParentedLootEntry;
[12:46:21] [main/DEBUG]: Skipping Lnet/minecraft/loot/DynamicLootEntry;
[12:46:21] [main/DEBUG]: Skipping Lnet/minecraft/loot/EmptyLootEntry;
[12:46:21] [main/DEBUG]: Skipping Lnet/minecraft/loot/GroupLootEntry;
[12:46:21] [main/DEBUG]: Skipping Lnet/minecraft/loot/ItemLootEntry;
[12:46:21] [main/DEBUG]: Skipping Lnet/minecraft/loot/LootEntryManager;
[12:46:21] [main/DEBUG]: Skipping Lnet/minecraft/loot/ILootGenerator;
[12:46:21] [main/DEBUG]: Skipping Lnet/minecraft/loot/LootEntry;
[12:46:21] [main/DEBUG]: Skipping Lnet/minecraft/loot/LootPoolEntryType;
[12:46:21] [main/DEBUG]: Skipping Lnet/minecraft/loot/StandaloneLootEntry;
[12:46:21] [main/DEBUG]: Skipping Lnet/minecraft/loot/TableLootEntry;
[12:46:21] [main/DEBUG]: Skipping Lnet/minecraft/loot/SequenceLootEntry;
[12:46:21] [main/DEBUG]: Skipping Lnet/minecraft/loot/TagLootEntry;
[12:46:21] [main/DEBUG]: Skipping Lnet/minecraft/loot/ILootFunctionConsumer;
[12:46:21] [main/DEBUG]: Skipping Lnet/minecraft/loot/LootFunction;
[12:46:21] [main/DEBUG]: Skipping Lnet/minecraft/loot/LootFunctionType;
[12:46:21] [main/DEBUG]: Skipping Lnet/minecraft/loot/LootParameter;
[12:46:21] [main/DEBUG]: Skipping Lnet/minecraft/loot/LootParameterSet;
[12:46:21] [main/DEBUG]: Skipping Lnet/minecraft/loot/LootParameters;
[12:46:21] [main/DEBUG]: Skipping Lnet/minecraft/loot/ILootConditionConsumer;
[12:46:21] [main/DEBUG]: Skipping Lnet/minecraft/loot/LootConditionType;
[12:46:21] [main/DEBUG]: Skipping Lnet/minecraft/loot/AlternativesLootEntry$Builder;
[12:46:21] [main/DEBUG]: Skipping Lnet/minecraft/loot/TagLootEntry$1;
[12:46:21] [main/DEBUG]: Skipping Lnet/minecraft/loot/TagLootEntry$Serializer;
[12:46:21] [main/DEBUG]: Skipping Lnet/minecraft/loot/ConditionArrayParser;
[12:46:21] [main/DEBUG]: Skipping Lnet/minecraft/loot/FishingPredicate;
[12:46:21] [main/DEBUG]: Skipping Lnet/minecraft/loot/ConditionArraySerializer;
[12:46:21] [main/DEBUG]: Skipping Lnet/minecraft/loot/ParentedLootEntry$1;
[12:46:21] [main/DEBUG]: Skipping Lnet/minecraft/loot/ParentedLootEntry$IFactory;
[12:46:21] [main/DEBUG]: Skipping Lnet/minecraft/loot/PiglinBarteringAddition;
[12:46:21] [main/DEBUG]: Skipping Lnet/minecraft/loot/BinomialRange$Serializer;
[12:46:21] [main/DEBUG]: Skipping Lnet/minecraft/loot/DynamicLootEntry$1;
[12:46:21] [main/DEBUG]: Skipping Lnet/minecraft/loot/DynamicLootEntry$Serializer;
[12:46:21] [main/DEBUG]: Skipping Lnet/minecraft/loot/EmptyLootEntry$1;
[12:46:21] [main/DEBUG]: Skipping Lnet/minecraft/loot/EmptyLootEntry$Serializer;
[12:46:21] [main/DEBUG]: Skipping Lnet/minecraft/loot/ConstantRange$Serializer;
[12:46:21] [main/DEBUG]: Skipping Lnet/minecraft/loot/LootParameterSet$1;
[12:46:21] [main/DEBUG]: Skipping Lnet/minecraft/loot/LootParameterSet$Builder;
[12:46:21] [main/DEBUG]: Skipping Lnet/minecraft/loot/LootPredicateManager$1;
[12:46:21] [main/DEBUG]: Skipping Lnet/minecraft/loot/LootPredicateManager$AndCombiner;
[12:46:21] [main/DEBUG]: Skipping Lnet/minecraft/loot/ItemLootEntry$1;
[12:46:21] [main/DEBUG]: Skipping Lnet/minecraft/loot/ItemLootEntry$Serializer;
[12:46:21] [main/DEBUG]: Skipping Lnet/minecraft/loot/LootTypesManager$1;
[12:46:21] [main/DEBUG]: Skipping Lnet/minecraft/loot/LootTypesManager$LootTypeRegistryWrapper;
[12:46:21] [main/DEBUG]: Skipping Lnet/minecraft/loot/LootTypesManager$ISerializer;
[12:46:21] [main/DEBUG]: Skipping Lnet/minecraft/loot/LootTypesManager$Serializer;
[12:46:21] [main/DEBUG]: Skipping Lnet/minecraft/loot/IntClamper$1;
[12:46:21] [main/DEBUG]: Skipping Lnet/minecraft/loot/IntClamper$Serializer;
[12:46:21] [main/DEBUG]: Skipping Lnet/minecraft/loot/LootFunction$Builder;
[12:46:21] [main/DEBUG]: Skipping Lnet/minecraft/loot/LootFunction$SimpleBuilder;
[12:46:21] [main/DEBUG]: Skipping Lnet/minecraft/loot/LootFunction$Serializer;
[12:46:21] [main/DEBUG]: Skipping Lnet/minecraft/loot/RandomValueRange$Serializer;
[12:46:21] [main/DEBUG]: Skipping Lnet/minecraft/loot/LootEntry$Builder;
[12:46:21] [main/DEBUG]: Skipping Lnet/minecraft/loot/LootEntry$Serializer;
[12:46:21] [main/DEBUG]: Skipping Lnet/minecraft/loot/StandaloneLootEntry$1;
[12:46:21] [main/DEBUG]: Skipping Lnet/minecraft/loot/StandaloneLootEntry$Builder;
[12:46:21] [main/DEBUG]: Skipping Lnet/minecraft/loot/StandaloneLootEntry$BuilderImpl;
[12:46:21] [main/DEBUG]: Skipping Lnet/minecraft/loot/StandaloneLootEntry$Generator;
[12:46:21] [main/DEBUG]: Skipping Lnet/minecraft/loot/StandaloneLootEntry$ILootEntryBuilder;
[12:46:21] [main/DEBUG]: Skipping Lnet/minecraft/loot/StandaloneLootEntry$Serializer;
[12:46:21] [main/DEBUG]: Skipping Lnet/minecraft/loot/LootTable$1;
[12:46:21] [main/DEBUG]: Skipping Lnet/minecraft/loot/LootTable$Builder;
[12:46:21] [main/DEBUG]: Skipping Lnet/minecraft/loot/LootTable$Serializer;
[12:46:21] [main/DEBUG]: Skipping Lnet/minecraft/loot/LootContext;
[12:46:21] [main/DEBUG]: Transforming class Lnet/minecraft/loot/LootPool;
[12:46:21] [main/DEBUG]: Transforming net.minecraft.loot.LootPool FIELD field_186455_c to access PRIVATE and REMOVEFINAL
[12:46:21] [main/DEBUG]: Transforming net.minecraft.loot.LootPool FIELD field_186456_d to access PRIVATE and REMOVEFINAL
[12:46:21] [main/DEBUG]: Skipping Lnet/minecraft/loot/LootTable;
[12:46:21] [main/DEBUG]: Skipping Lnet/minecraft/loot/LootTableManager;
[12:46:21] [main/DEBUG]: Skipping Lnet/minecraft/loot/LootParameterSets;
[12:46:21] [main/DEBUG]: Skipping Lnet/minecraft/loot/conditions/package-info;
[12:46:21] [main/DEBUG]: Skipping Lnet/minecraft/loot/conditions/Reference$1;
[12:46:21] [main/DEBUG]: Skipping Lnet/minecraft/loot/conditions/Reference$Serializer;
[12:46:21] [main/DEBUG]: Skipping Lnet/minecraft/loot/conditions/RandomChance$1;
[12:46:21] [main/DEBUG]: Skipping Lnet/minecraft/loot/conditions/RandomChance$Serializer;
[12:46:21] [main/DEBUG]: Skipping Lnet/minecraft/loot/conditions/Alternative;
[12:46:21] [main/DEBUG]: Skipping Lnet/minecraft/loot/conditions/TableBonus;
[12:46:21] [main/DEBUG]: Skipping Lnet/minecraft/loot/conditions/Reference;
[12:46:21] [main/DEBUG]: Skipping Lnet/minecraft/loot/conditions/DamageSourceProperties;
[12:46:21] [main/DEBUG]: Skipping Lnet/minecraft/loot/conditions/EntityHasScore;
[12:46:21] [main/DEBUG]: Skipping Lnet/minecraft/loot/conditions/SurvivesExplosion;
[12:46:21] [main/DEBUG]: Skipping Lnet/minecraft/loot/conditions/Inverted;
[12:46:21] [main/DEBUG]: Skipping Lnet/minecraft/loot/conditions/LocationCheck;
[12:46:21] [main/DEBUG]: Skipping Lnet/minecraft/loot/conditions/BlockStateProperty;
[12:46:21] [main/DEBUG]: Skipping Lnet/minecraft/loot/conditions/ILootCondition;
[12:46:21] [main/DEBUG]: Skipping Lnet/minecraft/loot/conditions/LootConditionManager;
[12:46:21] [main/DEBUG]: Skipping Lnet/minecraft/loot/conditions/EntityHasProperty;
[12:46:21] [main/DEBUG]: Skipping Lnet/minecraft/loot/conditions/KilledByPlayer;
[12:46:21] [main/DEBUG]: Skipping Lnet/minecraft/loot/conditions/RandomChance;
[12:46:21] [main/DEBUG]: Skipping Lnet/minecraft/loot/conditions/MatchTool;
[12:46:21] [main/DEBUG]: Skipping Lnet/minecraft/loot/conditions/TimeCheck;
[12:46:21] [main/DEBUG]: Skipping Lnet/minecraft/loot/conditions/WeatherCheck;
[12:46:21] [main/DEBUG]: Skipping Lnet/minecraft/loot/conditions/DamageSourceProperties$1;
[12:46:21] [main/DEBUG]: Skipping Lnet/minecraft/loot/conditions/DamageSourceProperties$Serializer;
[12:46:21] [main/DEBUG]: Skipping Lnet/minecraft/loot/conditions/MatchTool$Serializer;
[12:46:21] [main/DEBUG]: Skipping Lnet/minecraft/loot/conditions/EntityHasScore$1;
[12:46:21] [main/DEBUG]: Skipping Lnet/minecraft/loot/conditions/EntityHasScore$Serializer;
[12:46:21] [main/DEBUG]: Skipping Lnet/minecraft/loot/conditions/TimeCheck$1;
[12:46:21] [main/DEBUG]: Skipping Lnet/minecraft/loot/conditions/TimeCheck$Serializer;
[12:46:21] [main/DEBUG]: Skipping Lnet/minecraft/loot/conditions/SurvivesExplosion$Serializer;
[12:46:21] [main/DEBUG]: Skipping Lnet/minecraft/loot/conditions/WeatherCheck$1;
[12:46:21] [main/DEBUG]: Skipping Lnet/minecraft/loot/conditions/WeatherCheck$Serializer;
[12:46:21] [main/DEBUG]: Skipping Lnet/minecraft/loot/conditions/Inverted$1;
[12:46:21] [main/DEBUG]: Skipping Lnet/minecraft/loot/conditions/Inverted$Serializer;
[12:46:21] [main/DEBUG]: Skipping Lnet/minecraft/loot/conditions/LocationCheck$1;
[12:46:21] [main/DEBUG]: Skipping Lnet/minecraft/loot/conditions/LocationCheck$Serializer;
[12:46:21] [main/DEBUG]: Skipping Lnet/minecraft/loot/conditions/BlockStateProperty$1;
[12:46:21] [main/DEBUG]: Skipping Lnet/minecraft/loot/conditions/BlockStateProperty$Builder;
[12:46:21] [main/DEBUG]: Skipping Lnet/minecraft/loot/conditions/BlockStateProperty$Serializer;
[12:46:21] [main/DEBUG]: Skipping Lnet/minecraft/loot/conditions/ILootCondition$IBuilder;
[12:46:21] [main/DEBUG]: Skipping Lnet/minecraft/loot/conditions/Alternative$1;
[12:46:21] [main/DEBUG]: Skipping Lnet/minecraft/loot/conditions/Alternative$Builder;
[12:46:21] [main/DEBUG]: Skipping Lnet/minecraft/loot/conditions/Alternative$Serializer;
[12:46:21] [main/DEBUG]: Skipping Lnet/minecraft/loot/conditions/EntityHasProperty$1;
[12:46:21] [main/DEBUG]: Skipping Lnet/minecraft/loot/conditions/EntityHasProperty$Serializer;
[12:46:21] [main/DEBUG]: Skipping Lnet/minecraft/loot/conditions/TableBonus$1;
[12:46:21] [main/DEBUG]: Skipping Lnet/minecraft/loot/conditions/TableBonus$Serializer;
[12:46:21] [main/DEBUG]: Skipping Lnet/minecraft/loot/conditions/KilledByPlayer$Serializer;
[12:46:21] [main/DEBUG]: Skipping Lnet/minecraft/loot/conditions/RandomChanceWithLooting;
[12:46:21] [main/DEBUG]: Skipping Lnet/minecraft/loot/conditions/RandomChanceWithLooting$1;
[12:46:21] [main/DEBUG]: Skipping Lnet/minecraft/loot/conditions/RandomChanceWithLooting$Serializer;
[12:46:21] [main/DEBUG]: Skipping Lnet/minecraft/loot/LootContext$EntityTarget$Serializer;
[12:46:21] [main/DEBUG]: Skipping Lnet/minecraft/loot/LootContext$1;
[12:46:21] [main/DEBUG]: Skipping Lnet/minecraft/loot/LootContext$Builder;
[12:46:21] [main/DEBUG]: Skipping Lnet/minecraft/loot/LootContext$IDynamicDropProvider;
[12:46:21] [main/DEBUG]: Skipping Lnet/minecraft/loot/LootContext$EntityTarget;
[12:46:21] [main/DEBUG]: Skipping Lnet/minecraft/loot/functions/package-info;
[12:46:21] [main/DEBUG]: Skipping Lnet/minecraft/loot/functions/ApplyBonus;
[12:46:21] [main/DEBUG]: Skipping Lnet/minecraft/loot/functions/ExplosionDecay;
[12:46:21] [main/DEBUG]: Skipping Lnet/minecraft/loot/functions/CopyBlockState;
[12:46:21] [main/DEBUG]: Skipping Lnet/minecraft/loot/functions/CopyName;
[12:46:21] [main/DEBUG]: Skipping Lnet/minecraft/loot/functions/CopyNbt;
[12:46:21] [main/DEBUG]: Skipping Lnet/minecraft/loot/functions/EnchantRandomly;
[12:46:21] [main/DEBUG]: Skipping Lnet/minecraft/loot/functions/EnchantWithLevels;
[12:46:21] [main/DEBUG]: Skipping Lnet/minecraft/loot/functions/ExplorationMap;
[12:46:21] [main/DEBUG]: Skipping Lnet/minecraft/loot/functions/FillPlayerHead;
[12:46:21] [main/DEBUG]: Skipping Lnet/minecraft/loot/functions/LimitCount;
[12:46:21] [main/DEBUG]: Skipping Lnet/minecraft/loot/functions/ILootFunction;
[12:46:21] [main/DEBUG]: Skipping Lnet/minecraft/loot/functions/LootFunctionManager;
[12:46:21] [main/DEBUG]: Skipping Lnet/minecraft/loot/functions/SetAttributes;
[12:46:21] [main/DEBUG]: Skipping Lnet/minecraft/loot/functions/SetContents;
[12:46:21] [main/DEBUG]: Skipping Lnet/minecraft/loot/functions/SetLootTable;
[12:46:21] [main/DEBUG]: Skipping Lnet/minecraft/loot/functions/SetCount;
[12:46:21] [main/DEBUG]: Skipping Lnet/minecraft/loot/functions/SetDamage;
[12:46:21] [main/DEBUG]: Skipping Lnet/minecraft/loot/functions/SetLore;
[12:46:21] [main/DEBUG]: Skipping Lnet/minecraft/loot/functions/SetName;
[12:46:21] [main/DEBUG]: Skipping Lnet/minecraft/loot/functions/SetNBT;
[12:46:21] [main/DEBUG]: Skipping Lnet/minecraft/loot/functions/SetStewEffect;
[12:46:21] [main/DEBUG]: Skipping Lnet/minecraft/loot/functions/CopyName$1;
[12:46:21] [main/DEBUG]: Skipping Lnet/minecraft/loot/functions/CopyName$Source;
[12:46:21] [main/DEBUG]: Skipping Lnet/minecraft/loot/functions/CopyName$Serializer;
[12:46:21] [main/DEBUG]: Skipping Lnet/minecraft/loot/functions/SetAttributes$1;
[12:46:21] [main/DEBUG]: Skipping Lnet/minecraft/loot/functions/SetAttributes$Modifier;
[12:46:21] [main/DEBUG]: Skipping Lnet/minecraft/loot/functions/SetAttributes$Serializer;
[12:46:21] [main/DEBUG]: Skipping Lnet/minecraft/loot/functions/CopyNbt$1;
[12:46:21] [main/DEBUG]: Skipping Lnet/minecraft/loot/functions/CopyNbt$Builder;
[12:46:21] [main/DEBUG]: Skipping Lnet/minecraft/loot/functions/CopyNbt$Operation;
[12:46:21] [main/DEBUG]: Skipping Lnet/minecraft/loot/functions/CopyNbt$Source;
[12:46:21] [main/DEBUG]: Skipping Lnet/minecraft/loot/functions/CopyNbt$Action;
[12:46:21] [main/DEBUG]: Skipping Lnet/minecraft/loot/functions/CopyNbt$Serializer;
[12:46:21] [main/DEBUG]: Skipping Lnet/minecraft/loot/functions/SetContents$1;
[12:46:21] [main/DEBUG]: Skipping Lnet/minecraft/loot/functions/SetContents$Builder;
[12:46:21] [main/DEBUG]: Skipping Lnet/minecraft/loot/functions/SetContents$Serializer;
[12:46:21] [main/DEBUG]: Skipping Lnet/minecraft/loot/functions/EnchantRandomly$1;
[12:46:21] [main/DEBUG]: Skipping Lnet/minecraft/loot/functions/EnchantRandomly$Builder;
[12:46:21] [main/DEBUG]: Skipping Lnet/minecraft/loot/functions/EnchantRandomly$Serializer;
[12:46:21] [main/DEBUG]: Skipping Lnet/minecraft/loot/functions/SetLootTable$1;
[12:46:21] [main/DEBUG]: Skipping Lnet/minecraft/loot/functions/SetLootTable$Serializer;
[12:46:21] [main/DEBUG]: Skipping Lnet/minecraft/loot/functions/EnchantWithLevels$1;
[12:46:21] [main/DEBUG]: Skipping Lnet/minecraft/loot/functions/EnchantWithLevels$Builder;
[12:46:21] [main/DEBUG]: Skipping Lnet/minecraft/loot/functions/EnchantWithLevels$Serializer;
[12:46:21] [main/DEBUG]: Skipping Lnet/minecraft/loot/functions/ApplyBonus$1;
[12:46:21] [main/DEBUG]: Skipping Lnet/minecraft/loot/functions/SetCount$1;
[12:46:21] [main/DEBUG]: Skipping Lnet/minecraft/loot/functions/ApplyBonus$BinomialWithBonusCountFormula;
[12:46:21] [main/DEBUG]: Skipping Lnet/minecraft/loot/functions/ApplyBonus$IFormula;
[12:46:21] [main/DEBUG]: Skipping Lnet/minecraft/loot/functions/SetCount$Serializer;
[12:46:21] [main/DEBUG]: Skipping Lnet/minecraft/loot/functions/ApplyBonus$IFormulaDeserializer;
[12:46:21] [main/DEBUG]: Skipping Lnet/minecraft/loot/functions/ApplyBonus$OreDropsFormula;
[12:46:21] [main/DEBUG]: Skipping Lnet/minecraft/loot/functions/ApplyBonus$Serializer;
[12:46:21] [main/DEBUG]: Skipping Lnet/minecraft/loot/functions/ApplyBonus$UniformBonusCountFormula;
[12:46:21] [main/DEBUG]: Skipping Lnet/minecraft/loot/functions/ExplorationMap$1;
[12:46:21] [main/DEBUG]: Skipping Lnet/minecraft/loot/functions/ExplorationMap$Builder;
[12:46:21] [main/DEBUG]: Skipping Lnet/minecraft/loot/functions/ExplorationMap$Serializer;
[12:46:21] [main/DEBUG]: Skipping Lnet/minecraft/loot/functions/ExplosionDecay$1;
[12:46:21] [main/DEBUG]: Skipping Lnet/minecraft/loot/functions/SetDamage$1;
[12:46:21] [main/DEBUG]: Skipping Lnet/minecraft/loot/functions/ExplosionDecay$Serializer;
[12:46:21] [main/DEBUG]: Skipping Lnet/minecraft/loot/functions/SetDamage$Serializer;
[12:46:21] [main/DEBUG]: Skipping Lnet/minecraft/loot/functions/CopyNbt$Action$1;
[12:46:21] [main/DEBUG]: Skipping Lnet/minecraft/loot/functions/CopyNbt$Action$2;
[12:46:21] [main/DEBUG]: Skipping Lnet/minecraft/loot/functions/CopyNbt$Action$3;
[12:46:21] [main/DEBUG]: Skipping Lnet/minecraft/loot/functions/FillPlayerHead$Serializer;
[12:46:21] [main/DEBUG]: Skipping Lnet/minecraft/loot/functions/CopyBlockState$1;
[12:46:21] [main/DEBUG]: Skipping Lnet/minecraft/loot/functions/CopyBlockState$Builder;
[12:46:21] [main/DEBUG]: Skipping Lnet/minecraft/loot/functions/CopyBlockState$Serializer;
[12:46:21] [main/DEBUG]: Skipping Lnet/minecraft/loot/functions/SetLore$Serializer;
[12:46:21] [main/DEBUG]: Skipping Lnet/minecraft/loot/functions/SetName$1;
[12:46:21] [main/DEBUG]: Skipping Lnet/minecraft/loot/functions/SetName$Serializer;
[12:46:21] [main/DEBUG]: Skipping Lnet/minecraft/loot/functions/LimitCount$1;
[12:46:21] [main/DEBUG]: Skipping Lnet/minecraft/loot/functions/LimitCount$Serializer;
[12:46:21] [main/DEBUG]: Skipping Lnet/minecraft/loot/functions/SetNBT$1;
[12:46:21] [main/DEBUG]: Skipping Lnet/minecraft/loot/functions/SetNBT$Serializer;
[12:46:21] [main/DEBUG]: Skipping Lnet/minecraft/loot/functions/SetStewEffect$1;
[12:46:21] [main/DEBUG]: Skipping Lnet/minecraft/loot/functions/SetStewEffect$Builder;
[12:46:21] [main/DEBUG]: Skipping Lnet/minecraft/loot/functions/SetStewEffect$Serializer;
[12:46:21] [main/DEBUG]: Skipping Lnet/minecraft/loot/functions/ILootFunction$IBuilder;
[12:46:21] [main/DEBUG]: Skipping Lnet/minecraft/loot/functions/LootingEnchantBonus$1;
[12:46:21] [main/DEBUG]: Skipping Lnet/minecraft/loot/functions/LootingEnchantBonus$Builder;
[12:46:21] [main/DEBUG]: Skipping Lnet/minecraft/loot/functions/LootingEnchantBonus$Serializer;
[12:46:21] [main/DEBUG]: Skipping Lnet/minecraft/loot/functions/LootingEnchantBonus;
[12:46:21] [main/DEBUG]: Skipping Lnet/minecraft/loot/functions/Smelt;
[12:46:21] [main/DEBUG]: Skipping Lnet/minecraft/loot/functions/Smelt$1;
[12:46:21] [main/DEBUG]: Skipping Lnet/minecraft/loot/functions/Smelt$Serializer;
[12:46:21] [main/DEBUG]: Skipping Lnet/minecraft/loot/LootPool$1;
[12:46:21] [main/DEBUG]: Skipping Lnet/minecraft/loot/LootPool$Builder;
[12:46:21] [main/DEBUG]: Skipping Lnet/minecraft/loot/LootPool$Serializer;
[12:46:21] [main/DEBUG]: Skipping Lnet/minecraft/advancements/package-info;
[12:46:21] [main/DEBUG]: Skipping Lnet/minecraft/advancements/AdvancementProgress;
[12:46:21] [main/DEBUG]: Transforming class Lnet/minecraft/advancements/CriteriaTriggers;
[12:46:21] [main/DEBUG]: Transforming net.minecraft.advancements.CriteriaTriggers METHOD func_192118_a(Lnet/minecraft/advancements/ICriterionTrigger;)Lnet/minecraft/advancements/ICriterionTrigger; to access PUBLIC and LEAVE
[12:46:21] [main/DEBUG]: Skipping Lnet/minecraft/advancements/Criterion;
[12:46:21] [main/DEBUG]: Skipping Lnet/minecraft/advancements/CriterionProgress;
[12:46:21] [main/DEBUG]: Skipping Lnet/minecraft/advancements/ICriterionTrigger;
[12:46:21] [main/DEBUG]: Skipping Lnet/minecraft/advancements/ICriterionInstance;
[12:46:21] [main/DEBUG]: Skipping Lnet/minecraft/advancements/DisplayInfo;
[12:46:21] [main/DEBUG]: Skipping Lnet/minecraft/advancements/FrameType;
[12:46:21] [main/DEBUG]: Skipping Lnet/minecraft/advancements/IRequirementsStrategy;
[12:46:21] [main/DEBUG]: Skipping Lnet/minecraft/advancements/AdvancementTreeNode;
[12:46:21] [main/DEBUG]: Skipping Lnet/minecraft/advancements/ICriterionTrigger$Listener;
[12:46:21] [main/DEBUG]: Skipping Lnet/minecraft/advancements/FunctionManager;
[12:46:21] [main/DEBUG]: Skipping Lnet/minecraft/advancements/FunctionManager$QueuedCommand;
[12:46:21] [main/DEBUG]: Skipping Lnet/minecraft/advancements/AdvancementProgress$Serializer;
[12:46:21] [main/DEBUG]: Skipping Lnet/minecraft/advancements/Advancement;
[12:46:21] [main/DEBUG]: Skipping Lnet/minecraft/advancements/AdvancementList;
[12:46:21] [main/DEBUG]: Skipping Lnet/minecraft/advancements/AdvancementRewards;
[12:46:21] [main/DEBUG]: Skipping Lnet/minecraft/advancements/PlayerAdvancements$1;
[12:46:21] [main/DEBUG]: Skipping Lnet/minecraft/advancements/PlayerAdvancements;
[12:46:21] [main/DEBUG]: Skipping Lnet/minecraft/advancements/AdvancementManager;
[12:46:21] [main/DEBUG]: Skipping Lnet/minecraft/advancements/criterion/package-info;
[12:46:21] [main/DEBUG]: Skipping Lnet/minecraft/advancements/criterion/LocationPredicate$Builder;
[12:46:21] [main/DEBUG]: Skipping Lnet/minecraft/advancements/criterion/PlayerHurtEntityTrigger$Instance;
[12:46:21] [main/DEBUG]: Skipping Lnet/minecraft/advancements/criterion/BrewedPotionTrigger$Instance;
[12:46:21] [main/DEBUG]: Skipping Lnet/minecraft/advancements/criterion/VillagerTradeTrigger$Instance;
[12:46:21] [main/DEBUG]: Skipping Lnet/minecraft/advancements/criterion/FishingRodHookedTrigger$Instance;
[12:46:21] [main/DEBUG]: Skipping Lnet/minecraft/advancements/criterion/PositionTrigger$Instance;
[12:46:21] [main/DEBUG]: Skipping Lnet/minecraft/advancements/criterion/PlayerEntityInteractionTrigger$Instance;
[12:46:21] [main/DEBUG]: Skipping Lnet/minecraft/advancements/criterion/ChangeDimensionTrigger$Instance;
[12:46:21] [main/DEBUG]: Skipping Lnet/minecraft/advancements/criterion/UsedEnderEyeTrigger$Instance;
[12:46:21] [main/DEBUG]: Skipping Lnet/minecraft/advancements/criterion/PlayerGeneratesContainerLootTrigger$Instance;
[12:46:21] [main/DEBUG]: Skipping Lnet/minecraft/advancements/criterion/PlayerPredicate$1;
[12:46:21] [main/DEBUG]: Skipping Lnet/minecraft/advancements/criterion/PlayerPredicate$CriteriaPredicate;
[12:46:21] [main/DEBUG]: Skipping Lnet/minecraft/advancements/criterion/PlayerPredicate$CompletedAdvancementPredicate;
[12:46:21] [main/DEBUG]: Skipping Lnet/minecraft/advancements/criterion/PlayerPredicate$IAdvancementPredicate;
[12:46:21] [main/DEBUG]: Skipping Lnet/minecraft/advancements/criterion/PlayerPredicate$Default;
[12:46:21] [main/DEBUG]: Skipping Lnet/minecraft/advancements/criterion/ChanneledLightningTrigger$Instance;
[12:46:21] [main/DEBUG]: Skipping Lnet/minecraft/advancements/criterion/UsedTotemTrigger$Instance;
[12:46:21] [main/DEBUG]: Skipping Lnet/minecraft/advancements/criterion/ImpossibleTrigger$Instance;
[12:46:21] [main/DEBUG]: Skipping Lnet/minecraft/advancements/criterion/MinMaxBounds$IBoundFactory;
[12:46:21] [main/DEBUG]: Skipping Lnet/minecraft/advancements/criterion/MinMaxBounds$IBoundReader;
[12:46:21] [main/DEBUG]: Skipping Lnet/minecraft/advancements/criterion/MinMaxBounds$FloatBound;
[12:46:21] [main/DEBUG]: Skipping Lnet/minecraft/advancements/criterion/MinMaxBounds$IntBound;
[12:46:21] [main/DEBUG]: Skipping Lnet/minecraft/advancements/criterion/CriterionInstance;
[12:46:21] [main/DEBUG]: Skipping Lnet/minecraft/advancements/criterion/BeeNestDestroyedTrigger;
[12:46:21] [main/DEBUG]: Skipping Lnet/minecraft/advancements/criterion/BlockPredicate;
[12:46:21] [main/DEBUG]: Skipping Lnet/minecraft/advancements/criterion/BredAnimalsTrigger;
[12:46:21] [main/DEBUG]: Skipping Lnet/minecraft/advancements/criterion/BrewedPotionTrigger;
[12:46:21] [main/DEBUG]: Skipping Lnet/minecraft/advancements/criterion/ChangeDimensionTrigger;
[12:46:21] [main/DEBUG]: Skipping Lnet/minecraft/advancements/criterion/ChanneledLightningTrigger;
[12:46:21] [main/DEBUG]: Skipping Lnet/minecraft/advancements/criterion/ConstructBeaconTrigger;
[12:46:21] [main/DEBUG]: Skipping Lnet/minecraft/advancements/criterion/ConsumeItemTrigger;
[12:46:21] [main/DEBUG]: Skipping Lnet/minecraft/advancements/criterion/CuredZombieVillagerTrigger;
[12:46:21] [main/DEBUG]: Skipping Lnet/minecraft/advancements/criterion/DamagePredicate;
[12:46:21] [main/DEBUG]: Skipping Lnet/minecraft/advancements/criterion/DamageSourcePredicate;
[12:46:21] [main/DEBUG]: Skipping Lnet/minecraft/advancements/criterion/DistancePredicate;
[12:46:21] [main/DEBUG]: Skipping Lnet/minecraft/advancements/criterion/EffectsChangedTrigger;
[12:46:21] [main/DEBUG]: Skipping Lnet/minecraft/advancements/criterion/EnchantedItemTrigger;
[12:46:21] [main/DEBUG]: Skipping Lnet/minecraft/advancements/criterion/EnchantmentPredicate;
[12:46:21] [main/DEBUG]: Skipping Lnet/minecraft/advancements/criterion/EnterBlockTrigger;
[12:46:21] [main/DEBUG]: Skipping Lnet/minecraft/advancements/criterion/EntityEquipmentPredicate;
[12:46:21] [main/DEBUG]: Skipping Lnet/minecraft/advancements/criterion/EntityFlagsPredicate;
[12:46:21] [main/DEBUG]: Skipping Lnet/minecraft/advancements/criterion/EntityHurtPlayerTrigger;
[12:46:21] [main/DEBUG]: Skipping Lnet/minecraft/advancements/criterion/EntityPredicate;
[12:46:21] [main/DEBUG]: Skipping Lnet/minecraft/advancements/criterion/EntityTypePredicate;
[12:46:21] [main/DEBUG]: Skipping Lnet/minecraft/advancements/criterion/FilledBucketTrigger;
[12:46:21] [main/DEBUG]: Skipping Lnet/minecraft/advancements/criterion/FishingRodHookedTrigger;
[12:46:21] [main/DEBUG]: Skipping Lnet/minecraft/advancements/criterion/FluidPredicate;
[12:46:21] [main/DEBUG]: Skipping Lnet/minecraft/advancements/criterion/ImpossibleTrigger;
[12:46:21] [main/DEBUG]: Skipping Lnet/minecraft/advancements/criterion/InventoryChangeTrigger;
[12:46:21] [main/DEBUG]: Skipping Lnet/minecraft/advancements/criterion/ItemDurabilityTrigger;
[12:46:21] [main/DEBUG]: Skipping Lnet/minecraft/advancements/criterion/ThrownItemPickedUpByEntityTrigger;
[12:46:21] [main/DEBUG]: Skipping Lnet/minecraft/advancements/criterion/RightClickBlockWithItemTrigger;
[12:46:21] [main/DEBUG]: Skipping Lnet/minecraft/advancements/criterion/KilledByCrossbowTrigger;
[12:46:21] [main/DEBUG]: Skipping Lnet/minecraft/advancements/criterion/KilledTrigger;
[12:46:21] [main/DEBUG]: Skipping Lnet/minecraft/advancements/criterion/LevitationTrigger;
[12:46:21] [main/DEBUG]: Skipping Lnet/minecraft/advancements/criterion/LightPredicate;
[12:46:21] [main/DEBUG]: Skipping Lnet/minecraft/advancements/criterion/LocationPredicate;
[12:46:21] [main/DEBUG]: Skipping Lnet/minecraft/advancements/criterion/PositionTrigger;
[12:46:21] [main/DEBUG]: Skipping Lnet/minecraft/advancements/criterion/PlayerGeneratesContainerLootTrigger;
[12:46:21] [main/DEBUG]: Skipping Lnet/minecraft/advancements/criterion/MinMaxBounds;
[12:46:21] [main/DEBUG]: Skipping Lnet/minecraft/advancements/criterion/MobEffectsPredicate;
[12:46:21] [main/DEBUG]: Skipping Lnet/minecraft/advancements/criterion/NBTPredicate;
[12:46:21] [main/DEBUG]: Skipping Lnet/minecraft/advancements/criterion/NetherTravelTrigger;
[12:46:21] [main/DEBUG]: Skipping Lnet/minecraft/advancements/criterion/PlacedBlockTrigger;
[12:46:21] [main/DEBUG]: Skipping Lnet/minecraft/advancements/criterion/PlayerHurtEntityTrigger;
[12:46:21] [main/DEBUG]: Skipping Lnet/minecraft/advancements/criterion/PlayerEntityInteractionTrigger;
[12:46:21] [main/DEBUG]: Skipping Lnet/minecraft/advancements/criterion/PlayerPredicate;
[12:46:21] [main/DEBUG]: Skipping Lnet/minecraft/advancements/criterion/RecipeUnlockedTrigger;
[12:46:21] [main/DEBUG]: Skipping Lnet/minecraft/advancements/criterion/ShotCrossbowTrigger;
[12:46:21] [main/DEBUG]: Skipping Lnet/minecraft/advancements/criterion/AbstractCriterionTrigger;
[12:46:21] [main/DEBUG]: Skipping Lnet/minecraft/advancements/criterion/SlideDownBlockTrigger;
[12:46:21] [main/DEBUG]: Skipping Lnet/minecraft/advancements/criterion/StatePropertiesPredicate;
[12:46:21] [main/DEBUG]: Skipping Lnet/minecraft/advancements/criterion/SummonedEntityTrigger;
[12:46:21] [main/DEBUG]: Skipping Lnet/minecraft/advancements/criterion/TameAnimalTrigger;
[12:46:21] [main/DEBUG]: Skipping Lnet/minecraft/advancements/criterion/TargetHitTrigger;
[12:46:21] [main/DEBUG]: Skipping Lnet/minecraft/advancements/criterion/TickTrigger;
[12:46:21] [main/DEBUG]: Skipping Lnet/minecraft/advancements/criterion/VillagerTradeTrigger;
[12:46:21] [main/DEBUG]: Skipping Lnet/minecraft/advancements/criterion/UsedEnderEyeTrigger;
[12:46:21] [main/DEBUG]: Skipping Lnet/minecraft/advancements/criterion/UsedTotemTrigger;
[12:46:21] [main/DEBUG]: Skipping Lnet/minecraft/advancements/criterion/MinMaxBoundsWrapped;
[12:46:21] [main/DEBUG]: Skipping Lnet/minecraft/advancements/criterion/RecipeUnlockedTrigger$Instance;
[12:46:21] [main/DEBUG]: Skipping Lnet/minecraft/advancements/criterion/ConstructBeaconTrigger$Instance;
[12:46:21] [main/DEBUG]: Skipping Lnet/minecraft/advancements/criterion/EnchantedItemTrigger$Instance;
[12:46:21] [main/DEBUG]: Skipping Lnet/minecraft/advancements/criterion/InventoryChangeTrigger$Instance;
[12:46:21] [main/DEBUG]: Skipping Lnet/minecraft/advancements/criterion/ConsumeItemTrigger$Instance;
[12:46:21] [main/DEBUG]: Skipping Lnet/minecraft/advancements/criterion/ItemDurabilityTrigger$Instance;
[12:46:21] [main/DEBUG]: Skipping Lnet/minecraft/advancements/criterion/ShotCrossbowTrigger$Instance;
[12:46:21] [main/DEBUG]: Skipping Lnet/minecraft/advancements/criterion/CuredZombieVillagerTrigger$Instance;
[12:46:21] [main/DEBUG]: Skipping Lnet/minecraft/advancements/criterion/EnterBlockTrigger$Instance;
[12:46:21] [main/DEBUG]: Skipping Lnet/minecraft/advancements/criterion/ThrownItemPickedUpByEntityTrigger$Instance;
[12:46:21] [main/DEBUG]: Skipping Lnet/minecraft/advancements/criterion/DamagePredicate$Builder;
[12:46:21] [main/DEBUG]: Skipping Lnet/minecraft/advancements/criterion/EntityEquipmentPredicate$Builder;
[12:46:21] [main/DEBUG]: Skipping Lnet/minecraft/advancements/criterion/SlideDownBlockTrigger$Instance;
[12:46:21] [main/DEBUG]: Skipping Lnet/minecraft/advancements/criterion/DamageSourcePredicate$Builder;
[12:46:21] [main/DEBUG]: Skipping Lnet/minecraft/advancements/criterion/EntityFlagsPredicate$Builder;
[12:46:21] [main/DEBUG]: Skipping Lnet/minecraft/advancements/criterion/RightClickBlockWithItemTrigger$Instance;
[12:46:21] [main/DEBUG]: Skipping Lnet/minecraft/advancements/criterion/StatePropertiesPredicate$1;
[12:46:21] [main/DEBUG]: Skipping Lnet/minecraft/advancements/criterion/StatePropertiesPredicate$Builder;
[12:46:21] [main/DEBUG]: Skipping Lnet/minecraft/advancements/criterion/StatePropertiesPredicate$ExactMatcher;
[12:46:21] [main/DEBUG]: Skipping Lnet/minecraft/advancements/criterion/StatePropertiesPredicate$Matcher;
[12:46:21] [main/DEBUG]: Skipping Lnet/minecraft/advancements/criterion/StatePropertiesPredicate$RangedMacher;
[12:46:21] [main/DEBUG]: Skipping Lnet/minecraft/advancements/criterion/EntityHurtPlayerTrigger$Instance;
[12:46:21] [main/DEBUG]: Skipping Lnet/minecraft/advancements/criterion/KilledByCrossbowTrigger$Instance;
[12:46:21] [main/DEBUG]: Skipping Lnet/minecraft/advancements/criterion/MobEffectsPredicate$InstancePredicate;
[12:46:21] [main/DEBUG]: Skipping Lnet/minecraft/advancements/criterion/SummonedEntityTrigger$Instance;
[12:46:21] [main/DEBUG]: Skipping Lnet/minecraft/advancements/criterion/EntityPredicate$1;
[12:46:21] [main/DEBUG]: Skipping Lnet/minecraft/advancements/criterion/EntityPredicate$Builder;
[12:46:21] [main/DEBUG]: Skipping Lnet/minecraft/advancements/criterion/EntityPredicate$AndPredicate;
[12:46:21] [main/DEBUG]: Skipping Lnet/minecraft/advancements/criterion/KilledTrigger$Instance;
[12:46:21] [main/DEBUG]: Skipping Lnet/minecraft/advancements/criterion/BeeNestDestroyedTrigger$Instance;
[12:46:21] [main/DEBUG]: Skipping Lnet/minecraft/advancements/criterion/TameAnimalTrigger$Instance;
[12:46:21] [main/DEBUG]: Skipping Lnet/minecraft/advancements/criterion/EffectsChangedTrigger$Instance;
[12:46:21] [main/DEBUG]: Skipping Lnet/minecraft/advancements/criterion/EntityTypePredicate$1;
[12:46:21] [main/DEBUG]: Skipping Lnet/minecraft/advancements/criterion/EntityTypePredicate$TagPredicate;
[12:46:21] [main/DEBUG]: Skipping Lnet/minecraft/advancements/criterion/EntityTypePredicate$TypePredicate;
[12:46:21] [main/DEBUG]: Skipping Lnet/minecraft/advancements/criterion/LevitationTrigger$Instance;
[12:46:21] [main/DEBUG]: Skipping Lnet/minecraft/advancements/criterion/NetherTravelTrigger$Instance;
[12:46:21] [main/DEBUG]: Skipping Lnet/minecraft/advancements/criterion/BlockPredicate$Builder;
[12:46:21] [main/DEBUG]: Skipping Lnet/minecraft/advancements/criterion/TargetHitTrigger$Instance;
[12:46:21] [main/DEBUG]: Skipping Lnet/minecraft/advancements/criterion/FilledBucketTrigger$Instance;
[12:46:21] [main/DEBUG]: Skipping Lnet/minecraft/advancements/criterion/PlacedBlockTrigger$Instance;
[12:46:21] [main/DEBUG]: Skipping Lnet/minecraft/advancements/criterion/BredAnimalsTrigger$Instance;
[12:46:21] [main/DEBUG]: Skipping Lnet/minecraft/advancements/criterion/TickTrigger$Instance;
[12:46:21] [main/DEBUG]: Skipping Lnet/minecraft/advancements/criterion/ItemPredicate;
[12:46:21] [main/DEBUG]: Skipping Lnet/minecraft/advancements/criterion/ItemPredicate$Builder;
[12:46:21] [main/DEBUG]: Skipping Lnet/minecraft/advancements/Advancement$1;
[12:46:21] [main/DEBUG]: Skipping Lnet/minecraft/advancements/Advancement$Builder;
[12:46:21] [main/DEBUG]: Skipping Lnet/minecraft/advancements/AdvancementList$IListener;
[12:46:21] [main/DEBUG]: Skipping Lnet/minecraft/advancements/AdvancementRewards$Builder;
[12:46:21] [main/DEBUG]: Skipping Lnet/minecraft/dispenser/package-info;
[12:46:21] [main/DEBUG]: Skipping Lnet/minecraft/dispenser/IBlockSource;
[12:46:21] [main/DEBUG]: Skipping Lnet/minecraft/dispenser/ProxyBlockSource;
[12:46:21] [main/DEBUG]: Skipping Lnet/minecraft/dispenser/IPosition;
[12:46:21] [main/DEBUG]: Skipping Lnet/minecraft/dispenser/Position;
[12:46:21] [main/DEBUG]: Skipping Lnet/minecraft/dispenser/ProjectileDispenseBehavior;
[12:46:21] [main/DEBUG]: Skipping Lnet/minecraft/dispenser/DispenseBoatBehavior;
[12:46:21] [main/DEBUG]: Skipping Lnet/minecraft/dispenser/DefaultDispenseItemBehavior;
[12:46:21] [main/DEBUG]: Skipping Lnet/minecraft/dispenser/OptionalDispenseBehavior;
[12:46:21] [main/DEBUG]: Skipping Lnet/minecraft/dispenser/BeehiveDispenseBehavior;
[12:46:21] [main/DEBUG]: Skipping Lnet/minecraft/dispenser/ShulkerBoxDispenseBehavior;
[12:46:21] [main/DEBUG]: Skipping Lnet/minecraft/dispenser/IDispenseItemBehavior$1;
[12:46:21] [main/DEBUG]: Skipping Lnet/minecraft/dispenser/IDispenseItemBehavior$10;
[12:46:21] [main/DEBUG]: Skipping Lnet/minecraft/dispenser/IDispenseItemBehavior$11;
[12:46:21] [main/DEBUG]: Skipping Lnet/minecraft/dispenser/IDispenseItemBehavior$12;
[12:46:21] [main/DEBUG]: Skipping Lnet/minecraft/dispenser/IDispenseItemBehavior$13;
[12:46:21] [main/DEBUG]: Skipping Lnet/minecraft/dispenser/IDispenseItemBehavior$14;
[12:46:21] [main/DEBUG]: Skipping Lnet/minecraft/dispenser/IDispenseItemBehavior$15;
[12:46:21] [main/DEBUG]: Skipping Lnet/minecraft/dispenser/IDispenseItemBehavior$16;
[12:46:21] [main/DEBUG]: Skipping Lnet/minecraft/dispenser/IDispenseItemBehavior$17;
[12:46:21] [main/DEBUG]: Skipping Lnet/minecraft/dispenser/IDispenseItemBehavior$18;
[12:46:21] [main/DEBUG]: Skipping Lnet/minecraft/dispenser/IDispenseItemBehavior$19;
[12:46:21] [main/DEBUG]: Skipping Lnet/minecraft/dispenser/IDispenseItemBehavior$2;
[12:46:21] [main/DEBUG]: Skipping Lnet/minecraft/dispenser/IDispenseItemBehavior$20;
[12:46:21] [main/DEBUG]: Skipping Lnet/minecraft/dispenser/IDispenseItemBehavior$21;
[12:46:21] [main/DEBUG]: Skipping Lnet/minecraft/dispenser/IDispenseItemBehavior$22;
[12:46:21] [main/DEBUG]: Skipping Lnet/minecraft/dispenser/IDispenseItemBehavior$23;
[12:46:21] [main/DEBUG]: Skipping Lnet/minecraft/dispenser/IDispenseItemBehavior$24;
[12:46:21] [main/DEBUG]: Skipping Lnet/minecraft/dispenser/IDispenseItemBehavior$25;
[12:46:21] [main/DEBUG]: Skipping Lnet/minecraft/dispenser/IDispenseItemBehavior$3;
[12:46:21] [main/DEBUG]: Skipping Lnet/minecraft/dispenser/IDispenseItemBehavior$4;
[12:46:21] [main/DEBUG]: Skipping Lnet/minecraft/dispenser/IDispenseItemBehavior$5;
[12:46:21] [main/DEBUG]: Skipping Lnet/minecraft/dispenser/IDispenseItemBehavior$6;
[12:46:21] [main/DEBUG]: Skipping Lnet/minecraft/dispenser/IDispenseItemBehavior$7;
[12:46:21] [main/DEBUG]: Skipping Lnet/minecraft/dispenser/IDispenseItemBehavior$8;
[12:46:21] [main/DEBUG]: Skipping Lnet/minecraft/dispenser/IDispenseItemBehavior$9;
[12:46:21] [main/DEBUG]: Skipping Lnet/minecraft/dispenser/IDispenseItemBehavior;
[12:46:21] [main/DEBUG]: Skipping Lnet/minecraft/dispenser/IDispenseItemBehavior$7$1;
[12:46:21] [main/DEBUG]: Skipping Lnet/minecraft/dispenser/IDispenseItemBehavior$8$1;
[12:46:21] [main/DEBUG]: Skipping Lnet/minecraft/server/package-info;
[12:46:21] [main/DEBUG]: Skipping Lnet/minecraft/server/SessionLockManager$AlreadyLockedException;
[12:46:21] [main/DEBUG]: Skipping Lnet/minecraft/server/DebugLoggingPrintStream;
[12:46:21] [main/DEBUG]: Skipping Lnet/minecraft/server/ServerEula;
[12:46:21] [main/DEBUG]: Skipping Lnet/minecraft/server/CustomServerBossInfo;
[12:46:21] [main/DEBUG]: Skipping Lnet/minecraft/server/CustomServerBossInfoManager;
[12:46:21] [main/DEBUG]: Skipping Lnet/minecraft/server/ServerPropertiesProvider;
[12:46:21] [main/DEBUG]: Skipping Lnet/minecraft/server/SessionLockManager;
[12:46:21] [main/DEBUG]: Skipping Lnet/minecraft/server/integrated/package-info;
[12:46:21] [main/DEBUG]: Skipping Lnet/minecraft/server/integrated/IntegratedPlayerList;
[12:46:21] [main/DEBUG]: Skipping Lnet/minecraft/server/integrated/IntegratedServer;
[12:46:21] [main/DEBUG]: Skipping Lnet/minecraft/server/gui/package-info;
[12:46:21] [main/DEBUG]: Skipping Lnet/minecraft/server/gui/PlayerListComponent;
[12:46:21] [main/DEBUG]: Skipping Lnet/minecraft/server/gui/StatsComponent;
[12:46:21] [main/DEBUG]: Skipping Lnet/minecraft/server/gui/MinecraftServerGui;
[12:46:21] [main/DEBUG]: Skipping Lnet/minecraft/server/gui/MinecraftServerGui$1;
[12:46:21] [main/DEBUG]: Skipping Lnet/minecraft/server/gui/MinecraftServerGui$2;
[12:46:21] [main/DEBUG]: Skipping Lnet/minecraft/server/Main;
[12:46:21] [main/DEBUG]: Transforming class Lnet/minecraft/server/MinecraftServer;
[12:46:21] [main/DEBUG]: Transforming net.minecraft.server.MinecraftServer FIELD field_211151_aa to access PROTECTED and LEAVE
[12:46:21] [main/DEBUG]: Skipping Lnet/minecraft/server/MinecraftServer$1;
[12:46:21] [main/DEBUG]: Skipping Lnet/minecraft/server/MinecraftServer$2;
[12:46:21] [main/DEBUG]: Skipping Lnet/minecraft/server/management/package-info;
[12:46:21] [main/DEBUG]: Skipping Lnet/minecraft/server/management/DemoPlayerInteractionManager;
[12:46:21] [main/DEBUG]: Skipping Lnet/minecraft/server/management/PlayerProfileCache$1;
[12:46:21] [main/DEBUG]: Skipping Lnet/minecraft/server/management/PlayerProfileCache$ProfileEntry;
[12:46:21] [main/DEBUG]: Skipping Lnet/minecraft/server/management/BanEntry;
[12:46:21] [main/DEBUG]: Skipping Lnet/minecraft/server/management/PlayerProfileCache;
[12:46:21] [main/DEBUG]: Skipping Lnet/minecraft/server/management/IPBanList;
[12:46:21] [main/DEBUG]: Skipping Lnet/minecraft/server/management/IPBanEntry;
[12:46:21] [main/DEBUG]: Skipping Lnet/minecraft/server/management/PreYggdrasilConverter;
[12:46:21] [main/DEBUG]: Skipping Lnet/minecraft/server/management/OpList;
[12:46:21] [main/DEBUG]: Skipping Lnet/minecraft/server/management/OpEntry;
[12:46:21] [main/DEBUG]: Skipping Lnet/minecraft/server/management/UserListEntry;
[12:46:21] [main/DEBUG]: Skipping Lnet/minecraft/server/management/UserList;
[12:46:21] [main/DEBUG]: Skipping Lnet/minecraft/server/management/BanList;
[12:46:21] [main/DEBUG]: Skipping Lnet/minecraft/server/management/ProfileBanEntry;
[12:46:21] [main/DEBUG]: Skipping Lnet/minecraft/server/management/WhiteList;
[12:46:21] [main/DEBUG]: Skipping Lnet/minecraft/server/management/WhitelistEntry;
[12:46:21] [main/DEBUG]: Skipping Lnet/minecraft/server/management/PreYggdrasilConverter$1;
[12:46:21] [main/DEBUG]: Skipping Lnet/minecraft/server/management/PreYggdrasilConverter$2;
[12:46:21] [main/DEBUG]: Skipping Lnet/minecraft/server/management/PreYggdrasilConverter$3;
[12:46:21] [main/DEBUG]: Skipping Lnet/minecraft/server/management/PreYggdrasilConverter$4;
[12:46:21] [main/DEBUG]: Skipping Lnet/minecraft/server/management/PreYggdrasilConverter$5;
[12:46:21] [main/DEBUG]: Skipping Lnet/minecraft/server/management/PreYggdrasilConverter$ConversionError;
[12:46:21] [main/DEBUG]: Skipping Lnet/minecraft/server/management/PlayerList$1;
[12:46:21] [main/DEBUG]: Skipping Lnet/minecraft/server/management/PlayerInteractionManager;
[12:46:21] [main/DEBUG]: Skipping Lnet/minecraft/server/management/PlayerList;
[12:46:21] [main/DEBUG]: Skipping Lnet/minecraft/server/Main$1;
[12:46:21] [main/DEBUG]: Skipping Lnet/minecraft/server/dedicated/package-info;
[12:46:21] [main/DEBUG]: Skipping Lnet/minecraft/server/dedicated/ServerInfoMBean$1;
[12:46:21] [main/DEBUG]: Skipping Lnet/minecraft/server/dedicated/ServerInfoMBean$Attribute;
[12:46:21] [main/DEBUG]: Skipping Lnet/minecraft/server/dedicated/PendingCommand;
[12:46:21] [main/DEBUG]: Skipping Lnet/minecraft/server/dedicated/DedicatedPlayerList;
[12:46:21] [main/DEBUG]: Skipping Lnet/minecraft/server/dedicated/ServerProperties;
[12:46:21] [main/DEBUG]: Skipping Lnet/minecraft/server/dedicated/ServerInfoMBean;
[12:46:21] [main/DEBUG]: Skipping Lnet/minecraft/server/dedicated/ServerHangWatchdog$1;
[12:46:21] [main/DEBUG]: Skipping Lnet/minecraft/server/dedicated/PropertyManager$1;
[12:46:21] [main/DEBUG]: Skipping Lnet/minecraft/server/dedicated/PropertyManager$Property;
[12:46:21] [main/DEBUG]: Transforming class Lnet/minecraft/server/dedicated/DedicatedServer;
[12:46:21] [main/DEBUG]: Transforming net.minecraft.server.dedicated.DedicatedServer FIELD field_71341_l to access PUBLIC and LEAVE
[12:46:21] [main/DEBUG]: Skipping Lnet/minecraft/server/dedicated/ServerHangWatchdog;
[12:46:21] [main/DEBUG]: Skipping Lnet/minecraft/server/dedicated/PropertyManager;
[12:46:21] [main/DEBUG]: Skipping Lnet/minecraft/server/dedicated/DedicatedServer$1;
[12:46:21] [main/DEBUG]: Skipping Lnet/minecraft/potion/package-info;
[12:46:21] [main/DEBUG]: Skipping Lnet/minecraft/potion/AbsorptionEffect;
[12:46:21] [main/DEBUG]: Skipping Lnet/minecraft/potion/AttackDamageEffect;
[12:46:21] [main/DEBUG]: Skipping Lnet/minecraft/potion/HealthBoostEffect;
[12:46:21] [main/DEBUG]: Skipping Lnet/minecraft/potion/InstantEffect;
[12:46:21] [main/DEBUG]: Skipping Lnet/minecraft/potion/EffectUtils;
[12:46:21] [main/DEBUG]: Skipping Lnet/minecraft/potion/PotionUtils;
[12:46:21] [main/DEBUG]: Skipping Lnet/minecraft/potion/Potions;
[12:46:21] [main/DEBUG]: Skipping Lnet/minecraft/potion/Effects$1;
[12:46:21] [main/DEBUG]: Skipping Lnet/minecraft/potion/PotionBrewing$MixPredicate;
[12:46:21] [main/DEBUG]: Skipping Lnet/minecraft/potion/Effect;
[12:46:21] [main/DEBUG]: Skipping Lnet/minecraft/potion/EffectType;
[12:46:21] [main/DEBUG]: Skipping Lnet/minecraft/potion/EffectInstance;
[12:46:21] [main/DEBUG]: Skipping Lnet/minecraft/potion/Effects;
[12:46:21] [main/DEBUG]: Skipping Lnet/minecraft/potion/Potion;
[12:46:21] [main/DEBUG]: Skipping Lnet/minecraft/potion/PotionBrewing;
[12:46:21] [main/DEBUG]: Skipping Lnet/minecraft/enchantment/package-info;
[12:46:21] [main/DEBUG]: Skipping Lnet/minecraft/enchantment/IVanishable;
[12:46:21] [main/DEBUG]: Skipping Lnet/minecraft/enchantment/IArmorVanishable;
[12:46:21] [main/DEBUG]: Skipping Lnet/minecraft/enchantment/PowerEnchantment;
[12:46:21] [main/DEBUG]: Skipping Lnet/minecraft/enchantment/FlameEnchantment;
[12:46:21] [main/DEBUG]: Skipping Lnet/minecraft/enchantment/InfinityEnchantment;
[12:46:21] [main/DEBUG]: Skipping Lnet/minecraft/enchantment/PunchEnchantment;
[12:46:21] [main/DEBUG]: Skipping Lnet/minecraft/enchantment/PiercingEnchantment;
[12:46:21] [main/DEBUG]: Skipping Lnet/minecraft/enchantment/BindingCurseEnchantment;
[12:46:21] [main/DEBUG]: Skipping Lnet/minecraft/enchantment/DamageEnchantment;
[12:46:21] [main/DEBUG]: Skipping Lnet/minecraft/enchantment/UnbreakingEnchantment;
[12:46:21] [main/DEBUG]: Skipping Lnet/minecraft/enchantment/EfficiencyEnchantment;
[12:46:21] [main/DEBUG]: Skipping Lnet/minecraft/enchantment/EnchantmentData;
[12:46:21] [main/DEBUG]: Skipping Lnet/minecraft/enchantment/FireAspectEnchantment;
[12:46:21] [main/DEBUG]: Skipping Lnet/minecraft/enchantment/LureEnchantment;
[12:46:21] [main/DEBUG]: Skipping Lnet/minecraft/enchantment/KnockbackEnchantment;
[12:46:21] [main/DEBUG]: Skipping Lnet/minecraft/enchantment/LootBonusEnchantment;
[12:46:21] [main/DEBUG]: Skipping Lnet/minecraft/enchantment/MendingEnchantment;
[12:46:21] [main/DEBUG]: Skipping Lnet/minecraft/enchantment/MultishotEnchantment;
[12:46:21] [main/DEBUG]: Skipping Lnet/minecraft/enchantment/RespirationEnchantment;
[12:46:21] [main/DEBUG]: Skipping Lnet/minecraft/enchantment/ProtectionEnchantment;
[12:46:21] [main/DEBUG]: Skipping Lnet/minecraft/enchantment/QuickChargeEnchantment;
[12:46:21] [main/DEBUG]: Skipping Lnet/minecraft/enchantment/SoulSpeedEnchantment;
[12:46:21] [main/DEBUG]: Skipping Lnet/minecraft/enchantment/SweepingEnchantment;
[12:46:21] [main/DEBUG]: Skipping Lnet/minecraft/enchantment/ThornsEnchantment;
[12:46:21] [main/DEBUG]: Skipping Lnet/minecraft/enchantment/ChannelingEnchantment;
[12:46:21] [main/DEBUG]: Skipping Lnet/minecraft/enchantment/ImpalingEnchantment;
[12:46:21] [main/DEBUG]: Skipping Lnet/minecraft/enchantment/LoyaltyEnchantment;
[12:46:21] [main/DEBUG]: Skipping Lnet/minecraft/enchantment/RiptideEnchantment;
[12:46:21] [main/DEBUG]: Skipping Lnet/minecraft/enchantment/SilkTouchEnchantment;
[12:46:21] [main/DEBUG]: Skipping Lnet/minecraft/enchantment/VanishingCurseEnchantment;
[12:46:21] [main/DEBUG]: Skipping Lnet/minecraft/enchantment/DepthStriderEnchantment;
[12:46:21] [main/DEBUG]: Skipping Lnet/minecraft/enchantment/AquaAffinityEnchantment;
[12:46:21] [main/DEBUG]: Skipping Lnet/minecraft/enchantment/ProtectionEnchantment$Type;
[12:46:21] [main/DEBUG]: Skipping Lnet/minecraft/enchantment/EnchantmentType$5;
[12:46:21] [main/DEBUG]: Skipping Lnet/minecraft/enchantment/EnchantmentType$6;
[12:46:21] [main/DEBUG]: Skipping Lnet/minecraft/enchantment/EnchantmentType$7;
[12:46:21] [main/DEBUG]: Skipping Lnet/minecraft/enchantment/EnchantmentType$8;
[12:46:21] [main/DEBUG]: Skipping Lnet/minecraft/enchantment/EnchantmentType$9;
[12:46:21] [main/DEBUG]: Skipping Lnet/minecraft/enchantment/Enchantment$Rarity;
[12:46:21] [main/DEBUG]: Skipping Lnet/minecraft/enchantment/EnchantmentType$1;
[12:46:21] [main/DEBUG]: Skipping Lnet/minecraft/enchantment/EnchantmentType$10;
[12:46:21] [main/DEBUG]: Skipping Lnet/minecraft/enchantment/EnchantmentType$11;
[12:46:21] [main/DEBUG]: Skipping Lnet/minecraft/enchantment/EnchantmentType$12;
[12:46:21] [main/DEBUG]: Skipping Lnet/minecraft/enchantment/EnchantmentType$13;
[12:46:21] [main/DEBUG]: Skipping Lnet/minecraft/enchantment/EnchantmentType$14;
[12:46:21] [main/DEBUG]: Skipping Lnet/minecraft/enchantment/EnchantmentType$2;
[12:46:21] [main/DEBUG]: Skipping Lnet/minecraft/enchantment/EnchantmentType$3;
[12:46:21] [main/DEBUG]: Skipping Lnet/minecraft/enchantment/EnchantmentType$4;
[12:46:21] [main/DEBUG]: Skipping Lnet/minecraft/enchantment/EnchantmentHelper$IEnchantmentVisitor;
[12:46:21] [main/DEBUG]: Skipping Lnet/minecraft/enchantment/Enchantment;
[12:46:21] [main/DEBUG]: Skipping Lnet/minecraft/enchantment/EnchantmentType;
[12:46:21] [main/DEBUG]: Skipping Lnet/minecraft/enchantment/EnchantmentHelper;
[12:46:21] [main/DEBUG]: Skipping Lnet/minecraft/enchantment/Enchantments;
[12:46:21] [main/DEBUG]: Skipping Lnet/minecraft/enchantment/FrostWalkerEnchantment;
[12:46:21] [main/DEBUG]: Skipping Lnet/minecraft/client/package-info;
[12:46:21] [main/DEBUG]: Skipping Lnet/minecraft/client/AnvilConverterException;
[12:46:21] [main/DEBUG]: Skipping Lnet/minecraft/client/ClipboardHelper;
[12:46:21] [main/DEBUG]: Skipping Lnet/minecraft/client/Monitor;
[12:46:21] [main/DEBUG]: Skipping Lnet/minecraft/client/FullscreenResolutionOption;
[12:46:21] [main/DEBUG]: Skipping Lnet/minecraft/client/MinecraftGame;
[12:46:21] [main/DEBUG]: Skipping Lnet/minecraft/client/AbstractOption;
[12:46:21] [main/DEBUG]: Skipping Lnet/minecraft/client/ClientGameSession;
[12:46:21] [main/DEBUG]: Skipping Lnet/minecraft/client/GameConfiguration;
[12:46:21] [main/DEBUG]: Skipping Lnet/minecraft/client/MinecraftGame$MinecraftPerformanceMetrics;
[12:46:21] [main/DEBUG]: Skipping Lnet/minecraft/client/AbstractOption$1;
[12:46:21] [main/DEBUG]: Skipping Lnet/minecraft/client/tutorial/package-info;
[12:46:21] [main/DEBUG]: Skipping Lnet/minecraft/client/tutorial/CompletedTutorialStep;
[12:46:21] [main/DEBUG]: Skipping Lnet/minecraft/client/tutorial/CraftPlanksStep;
[12:46:21] [main/DEBUG]: Skipping Lnet/minecraft/client/tutorial/FindTreeStep;
[12:46:21] [main/DEBUG]: Skipping Lnet/minecraft/client/tutorial/MovementStep;
[12:46:21] [main/DEBUG]: Skipping Lnet/minecraft/client/tutorial/OpenInventoryStep;
[12:46:21] [main/DEBUG]: Skipping Lnet/minecraft/client/tutorial/PunchTreeStep;
[12:46:21] [main/DEBUG]: Skipping Lnet/minecraft/client/tutorial/Tutorial;
[12:46:21] [main/DEBUG]: Skipping Lnet/minecraft/client/tutorial/ITutorialStep;
[12:46:21] [main/DEBUG]: Skipping Lnet/minecraft/client/tutorial/TutorialSteps;
[12:46:21] [main/DEBUG]: Skipping Lnet/minecraft/client/tutorial/Tutorial$1;
[12:46:21] [main/DEBUG]: Skipping Lnet/minecraft/client/tutorial/Tutorial$ToastTimeInfo;
[12:46:21] [main/DEBUG]: Skipping Lnet/minecraft/client/GameConfiguration$FolderInformation;
[12:46:21] [main/DEBUG]: Skipping Lnet/minecraft/client/GameConfiguration$GameInformation;
[12:46:21] [main/DEBUG]: Skipping Lnet/minecraft/client/GameConfiguration$ServerInformation;
[12:46:21] [main/DEBUG]: Skipping Lnet/minecraft/client/GameConfiguration$UserInformation;
[12:46:21] [main/DEBUG]: Skipping Lnet/minecraft/client/MainWindow;
[12:46:21] [main/DEBUG]: Skipping Lnet/minecraft/client/KeyboardListener;
[12:46:21] [main/DEBUG]: Transforming class Lnet/minecraft/client/Minecraft;
[12:46:21] [main/DEBUG]: Transforming net.minecraft.client.Minecraft FIELD field_71446_o to access PUBLIC and LEAVE
[12:46:21] [main/DEBUG]: Transforming net.minecraft.client.Minecraft METHOD func_193986_ar()V to access PUBLIC and LEAVE
[12:46:21] [main/DEBUG]: Transforming net.minecraft.client.Minecraft METHOD func_184119_a(Lnet/minecraft/item/ItemStack;Lnet/minecraft/tileentity/TileEntity;)Lnet/minecraft/item/ItemStack; to access PUBLIC and LEAVE
[12:46:21] [main/DEBUG]: Skipping Lnet/minecraft/client/MouseHelper;
[12:46:21] [main/DEBUG]: Transforming class Lnet/minecraft/client/GameSettings;
[12:46:21] [main/DEBUG]: Transforming net.minecraft.client.GameSettings FIELD field_74324_K to access PUBLIC and REMOVEFINAL
[12:46:21] [main/DEBUG]: Skipping Lnet/minecraft/client/settings/package-info;
[12:46:21] [main/DEBUG]: Skipping Lnet/minecraft/client/settings/AmbientOcclusionStatus;
[12:46:21] [main/DEBUG]: Skipping Lnet/minecraft/client/settings/AttackIndicatorStatus;
[12:46:21] [main/DEBUG]: Skipping Lnet/minecraft/client/settings/BooleanOption;
[12:46:21] [main/DEBUG]: Skipping Lnet/minecraft/client/settings/PointOfView;
[12:46:21] [main/DEBUG]: Skipping Lnet/minecraft/client/settings/CloudOption;
[12:46:21] [main/DEBUG]: Skipping Lnet/minecraft/client/settings/IteratableOption;
[12:46:21] [main/DEBUG]: Skipping Lnet/minecraft/client/settings/GraphicsFanciness;
[12:46:21] [main/DEBUG]: Skipping Lnet/minecraft/client/settings/CreativeSettings;
[12:46:21] [main/DEBUG]: Skipping Lnet/minecraft/client/settings/SliderMultiplierOption;
[12:46:21] [main/DEBUG]: Skipping Lnet/minecraft/client/settings/NarratorStatus;
[12:46:21] [main/DEBUG]: Skipping Lnet/minecraft/client/settings/ParticleStatus;
[12:46:21] [main/DEBUG]: Skipping Lnet/minecraft/client/settings/SliderPercentageOption;
[12:46:21] [main/DEBUG]: Skipping Lnet/minecraft/client/settings/HotbarSnapshot;
[12:46:21] [main/DEBUG]: Skipping Lnet/minecraft/client/settings/GraphicsFanciness$1;
[12:46:21] [main/DEBUG]: Transforming class Lnet/minecraft/client/settings/KeyBinding;
[12:46:21] [main/DEBUG]: Transforming net.minecraft.client.settings.KeyBinding FIELD field_74513_e to access DEFAULT and LEAVE
[12:46:21] [main/DEBUG]: Skipping Lnet/minecraft/client/settings/ToggleableKeyBinding;
[12:46:21] [main/DEBUG]: Skipping Lnet/minecraft/client/entity/player/package-info;
[12:46:21] [main/DEBUG]: Skipping Lnet/minecraft/client/entity/player/AbstractClientPlayerEntity;
[12:46:21] [main/DEBUG]: Skipping Lnet/minecraft/client/entity/player/ClientPlayerEntity;
[12:46:21] [main/DEBUG]: Skipping Lnet/minecraft/client/entity/player/RemoteClientPlayerEntity;
[12:46:21] [main/DEBUG]: Skipping Lnet/minecraft/client/shader/package-info;
[12:46:21] [main/DEBUG]: Skipping Lnet/minecraft/client/shader/FramebufferConstants;
[12:46:21] [main/DEBUG]: Skipping Lnet/minecraft/client/shader/ShaderDefault;
[12:46:21] [main/DEBUG]: Skipping Lnet/minecraft/client/shader/IShaderManager;
[12:46:21] [main/DEBUG]: Skipping Lnet/minecraft/client/shader/ShaderLoader;
[12:46:21] [main/DEBUG]: Skipping Lnet/minecraft/client/shader/ShaderLinkHelper;
[12:46:21] [main/DEBUG]: Skipping Lnet/minecraft/client/shader/ShaderUniform;
[12:46:21] [main/DEBUG]: Skipping Lnet/minecraft/client/shader/Shader;
[12:46:21] [main/DEBUG]: Skipping Lnet/minecraft/client/shader/ShaderLoader$ShaderType;
[12:46:21] [main/DEBUG]: Skipping Lnet/minecraft/client/shader/Framebuffer;
[12:46:21] [main/DEBUG]: Skipping Lnet/minecraft/client/shader/ShaderInstance;
[12:46:21] [main/DEBUG]: Skipping Lnet/minecraft/client/shader/ShaderGroup;
[12:46:21] [main/DEBUG]: Skipping Lnet/minecraft/client/GameSettings$1;
[12:46:21] [main/DEBUG]: Skipping Lnet/minecraft/client/GameSettings$2;
[12:46:21] [main/DEBUG]: Skipping Lnet/minecraft/client/KeyboardListener$1;
[12:46:21] [main/DEBUG]: Skipping Lnet/minecraft/client/ClientBrandRetriever;
[12:46:21] [main/DEBUG]: Skipping Lnet/minecraft/client/MainWindow$1;
[12:46:21] [main/DEBUG]: Skipping Lnet/minecraft/client/MainWindow$GlException;
[12:46:21] [main/DEBUG]: Skipping Lnet/minecraft/client/multiplayer/package-info;
[12:46:21] [main/DEBUG]: Skipping Lnet/minecraft/client/multiplayer/ClientAdvancementManager;
[12:46:21] [main/DEBUG]: Skipping Lnet/minecraft/client/multiplayer/ClientSuggestionProvider;
[12:46:21] [main/DEBUG]: Skipping Lnet/minecraft/client/multiplayer/ServerAddress;
[12:46:21] [main/DEBUG]: Skipping Lnet/minecraft/client/multiplayer/ServerList;
[12:46:21] [main/DEBUG]: Skipping Lnet/minecraft/client/multiplayer/LanServerPingThread;
[12:46:21] [main/DEBUG]: Skipping Lnet/minecraft/client/multiplayer/ClientAdvancementManager$IListener;
[12:46:21] [main/DEBUG]: Skipping Lnet/minecraft/client/multiplayer/ClientChunkProvider;
[12:46:21] [main/DEBUG]: Skipping Lnet/minecraft/client/multiplayer/PlayerController;
[12:46:21] [main/DEBUG]: Skipping Lnet/minecraft/client/multiplayer/ServerData;
[12:46:21] [main/DEBUG]: Skipping Lnet/minecraft/client/multiplayer/ServerData$ServerResourceMode;
[12:46:21] [main/DEBUG]: Skipping Lnet/minecraft/client/multiplayer/ClientChunkProvider$1;
[12:46:21] [main/DEBUG]: Skipping Lnet/minecraft/client/multiplayer/ClientChunkProvider$ChunkArray;
[12:46:21] [main/DEBUG]: Skipping Lnet/minecraft/client/main/package-info;
[12:46:21] [main/DEBUG]: Skipping Lnet/minecraft/client/main/Main$1;
[12:46:21] [main/DEBUG]: Skipping Lnet/minecraft/client/main/Main$2;
[12:46:21] [main/DEBUG]: Skipping Lnet/minecraft/client/main/Main$3;
[12:46:21] [main/DEBUG]: Skipping Lnet/minecraft/client/main/Main;
[12:46:21] [main/DEBUG]: Skipping Lnet/minecraft/client/resources/package-info;
[12:46:21] [main/DEBUG]: Skipping Lnet/minecraft/client/resources/DownloadingPackFinder$1;
[12:46:21] [main/DEBUG]: Skipping Lnet/minecraft/client/resources/DownloadingPackFinder$2;
[12:46:21] [main/DEBUG]: Skipping Lnet/minecraft/client/resources/ResourceIndex;
[12:46:21] [main/DEBUG]: Skipping Lnet/minecraft/client/resources/DownloadingPackFinder;
[12:46:21] [main/DEBUG]: Skipping Lnet/minecraft/client/resources/VirtualAssetsPack;
[12:46:21] [main/DEBUG]: Skipping Lnet/minecraft/client/resources/DefaultPlayerSkin;
[12:46:21] [main/DEBUG]: Skipping Lnet/minecraft/client/resources/FolderResourceIndex;
[12:46:21] [main/DEBUG]: Skipping Lnet/minecraft/client/resources/LegacyResourcePackWrapper;
[12:46:21] [main/DEBUG]: Skipping Lnet/minecraft/client/resources/ColorMapLoader;
[12:46:21] [main/DEBUG]: Skipping Lnet/minecraft/client/resources/LegacyResourcePackWrapperV4;
[12:46:21] [main/DEBUG]: Skipping Lnet/minecraft/client/resources/SkinManager;
[12:46:21] [main/DEBUG]: Skipping Lnet/minecraft/client/resources/data/package-info;
[12:46:21] [main/DEBUG]: Skipping Lnet/minecraft/client/resources/data/AnimationMetadataSection$1;
[12:46:21] [main/DEBUG]: Skipping Lnet/minecraft/client/resources/data/AnimationFrame;
[12:46:21] [main/DEBUG]: Skipping Lnet/minecraft/client/resources/data/AnimationMetadataSection;
[12:46:21] [main/DEBUG]: Skipping Lnet/minecraft/client/resources/data/AnimationMetadataSectionSerializer;
[12:46:21] [main/DEBUG]: Skipping Lnet/minecraft/client/resources/data/VillagerMetadataSection;
[12:46:21] [main/DEBUG]: Skipping Lnet/minecraft/client/resources/data/LanguageMetadataSection;
[12:46:21] [main/DEBUG]: Skipping Lnet/minecraft/client/resources/data/LanguageMetadataSectionSerializer;
[12:46:21] [main/DEBUG]: Skipping Lnet/minecraft/client/resources/data/TextureMetadataSection;
[12:46:21] [main/DEBUG]: Skipping Lnet/minecraft/client/resources/data/TextureMetadataSectionSerializer;
[12:46:21] [main/DEBUG]: Skipping Lnet/minecraft/client/resources/data/VillagerMetadataSection$HatType;
[12:46:21] [main/DEBUG]: Skipping Lnet/minecraft/client/resources/ReloadListener;
[12:46:21] [main/DEBUG]: Skipping Lnet/minecraft/client/resources/SkinManager$1;
[12:46:21] [main/DEBUG]: Skipping Lnet/minecraft/client/resources/SkinManager$ISkinAvailableCallback;
[12:46:21] [main/DEBUG]: Skipping Lnet/minecraft/client/resources/FoliageColorReloadListener;
[12:46:21] [main/DEBUG]: Skipping Lnet/minecraft/client/resources/GrassColorReloadListener;
[12:46:21] [main/DEBUG]: Skipping Lnet/minecraft/client/resources/ClientLanguageMap;
[12:46:21] [main/DEBUG]: Skipping Lnet/minecraft/client/resources/I18n;
[12:46:21] [main/DEBUG]: Skipping Lnet/minecraft/client/resources/Language;
[12:46:21] [main/DEBUG]: Skipping Lnet/minecraft/client/resources/LanguageManager;
[12:46:21] [main/DEBUG]: Skipping Lnet/minecraft/client/resources/JsonReloadListener;
[12:46:21] [main/DEBUG]: Skipping Lnet/minecraft/client/audio/package-info;
[12:46:21] [main/DEBUG]: Skipping Lnet/minecraft/client/audio/SoundSystem$1;
[12:46:21] [main/DEBUG]: Skipping Lnet/minecraft/client/audio/SoundSystem$IHandler;
[12:46:21] [main/DEBUG]: Skipping Lnet/minecraft/client/audio/SoundSystem$HandlerImpl;
[12:46:21] [main/DEBUG]: Skipping Lnet/minecraft/client/audio/SoundSystem$Mode;
[12:46:21] [main/DEBUG]: Skipping Lnet/minecraft/client/audio/SoundSource;
[12:46:21] [main/DEBUG]: Skipping Lnet/minecraft/client/audio/SoundSystem;
[12:46:21] [main/DEBUG]: Skipping Lnet/minecraft/client/audio/Listener;
[12:46:21] [main/DEBUG]: Skipping Lnet/minecraft/client/audio/OggAudioStream;
[12:46:21] [main/DEBUG]: Skipping Lnet/minecraft/client/audio/ALUtils;
[12:46:21] [main/DEBUG]: Skipping Lnet/minecraft/client/audio/AudioStreamBuffer;
[12:46:21] [main/DEBUG]: Skipping Lnet/minecraft/client/audio/UnderwaterAmbientSounds$SubSound;
[12:46:21] [main/DEBUG]: Skipping Lnet/minecraft/client/audio/UnderwaterAmbientSounds$UnderWaterSound;
[12:46:21] [main/DEBUG]: Skipping Lnet/minecraft/client/audio/LocatableSound;
[12:46:21] [main/DEBUG]: Skipping Lnet/minecraft/client/audio/TickableSound;
[12:46:21] [main/DEBUG]: Skipping Lnet/minecraft/client/audio/IAmbientSoundHandler;
[12:46:21] [main/DEBUG]: Skipping Lnet/minecraft/client/audio/BeeAngrySound;
[12:46:21] [main/DEBUG]: Skipping Lnet/minecraft/client/audio/BeeFlightSound;
[12:46:21] [main/DEBUG]: Skipping Lnet/minecraft/client/audio/BeeSound;
[12:46:21] [main/DEBUG]: Skipping Lnet/minecraft/client/audio/BiomeSoundHandler;
[12:46:21] [main/DEBUG]: Skipping Lnet/minecraft/client/audio/BubbleColumnAmbientSoundHandler;
[12:46:21] [main/DEBUG]: Skipping Lnet/minecraft/client/audio/ElytraSound;
[12:46:21] [main/DEBUG]: Skipping Lnet/minecraft/client/audio/EntityTickableSound;
[12:46:21] [main/DEBUG]: Skipping Lnet/minecraft/client/audio/GuardianSound;
[12:46:21] [main/DEBUG]: Skipping Lnet/minecraft/client/audio/MinecartTickableSound;
[12:46:21] [main/DEBUG]: Skipping Lnet/minecraft/client/audio/RidingMinecartTickableSound;
[12:46:21] [main/DEBUG]: Skipping Lnet/minecraft/client/audio/SimpleSound;
[12:46:21] [main/DEBUG]: Skipping Lnet/minecraft/client/audio/Sound;
[12:46:21] [main/DEBUG]: Skipping Lnet/minecraft/client/audio/SoundList;
[12:46:21] [main/DEBUG]: Skipping Lnet/minecraft/client/audio/SoundListSerializer;
[12:46:21] [main/DEBUG]: Skipping Lnet/minecraft/client/audio/ITickableSound;
[12:46:21] [main/DEBUG]: Skipping Lnet/minecraft/client/audio/UnderwaterAmbientSoundHandler;
[12:46:21] [main/DEBUG]: Skipping Lnet/minecraft/client/audio/UnderwaterAmbientSounds;
[12:46:21] [main/DEBUG]: Skipping Lnet/minecraft/client/audio/IAudioStream;
[12:46:21] [main/DEBUG]: Skipping Lnet/minecraft/client/audio/ChannelManager;
[12:46:21] [main/DEBUG]: Skipping Lnet/minecraft/client/audio/OggAudioStreamWrapper;
[12:46:21] [main/DEBUG]: Skipping Lnet/minecraft/client/audio/MusicTicker;
[12:46:21] [main/DEBUG]: Skipping Lnet/minecraft/client/audio/AudioStreamManager;
[12:46:21] [main/DEBUG]: Skipping Lnet/minecraft/client/audio/SoundEngineExecutor;
[12:46:21] [main/DEBUG]: Skipping Lnet/minecraft/client/audio/ISoundEventListener;
[12:46:21] [main/DEBUG]: Skipping Lnet/minecraft/client/audio/SoundEventAccessor;
[12:46:21] [main/DEBUG]: Skipping Lnet/minecraft/client/audio/ISoundEventAccessor;
[12:46:21] [main/DEBUG]: Skipping Lnet/minecraft/client/audio/OggAudioStream$Buffer;
[12:46:21] [main/DEBUG]: Skipping Lnet/minecraft/client/audio/Sound$Type;
[12:46:21] [main/DEBUG]: Skipping Lnet/minecraft/client/audio/ChannelManager$Entry;
[12:46:21] [main/DEBUG]: Skipping Lnet/minecraft/client/audio/BackgroundMusicSelector;
[12:46:21] [main/DEBUG]: Skipping Lnet/minecraft/client/audio/BackgroundMusicTracks;
[12:46:21] [main/DEBUG]: Skipping Lnet/minecraft/client/audio/OggAudioStreamWrapper$1;
[12:46:21] [main/DEBUG]: Skipping Lnet/minecraft/client/audio/OggAudioStreamWrapper$IFactory;
[12:46:21] [main/DEBUG]: Skipping Lnet/minecraft/client/audio/OggAudioStreamWrapper$Stream;
[12:46:21] [main/DEBUG]: Skipping Lnet/minecraft/client/audio/BiomeSoundHandler$Sound;
[12:46:21] [main/DEBUG]: Skipping Lnet/minecraft/client/audio/SoundHandler$Loader$1;
[12:46:21] [main/DEBUG]: Skipping Lnet/minecraft/client/audio/ISound;
[12:46:21] [main/DEBUG]: Transforming class Lnet/minecraft/client/audio/SoundEngine;
[12:46:21] [main/DEBUG]: Transforming net.minecraft.client.audio.SoundEngine FIELD field_148622_c to access PUBLIC and LEAVE
[12:46:21] [main/DEBUG]: Skipping Lnet/minecraft/client/audio/SoundHandler;
[12:46:21] [main/DEBUG]: Skipping Lnet/minecraft/client/audio/SoundHandler$1;
[12:46:21] [main/DEBUG]: Skipping Lnet/minecraft/client/audio/SoundHandler$2;
[12:46:21] [main/DEBUG]: Skipping Lnet/minecraft/client/audio/SoundHandler$Loader;
[12:46:21] [main/DEBUG]: Skipping Lnet/minecraft/client/audio/ISound$AttenuationType;
[12:46:21] [main/DEBUG]: Skipping Lnet/minecraft/client/util/package-info;
[12:46:21] [main/DEBUG]: Skipping Lnet/minecraft/client/util/ICharacterPredicate;
[12:46:21] [main/DEBUG]: Skipping Lnet/minecraft/client/util/SuffixArray$1;
[12:46:21] [main/DEBUG]: Skipping Lnet/minecraft/client/util/NativeUtil;
[12:46:21] [main/DEBUG]: Skipping Lnet/minecraft/client/util/LWJGLMemoryUntracker;
[12:46:21] [main/DEBUG]: Skipping Lnet/minecraft/client/util/InputMappings;
[12:46:21] [main/DEBUG]: Skipping Lnet/minecraft/client/util/JSONBlendingMode;
[12:46:21] [main/DEBUG]: Skipping Lnet/minecraft/client/util/KeyCombo;
[12:46:21] [main/DEBUG]: Skipping Lnet/minecraft/client/util/UploadSpeed;
[12:46:21] [main/DEBUG]: Skipping Lnet/minecraft/client/util/ClientRecipeBook;
[12:46:21] [main/DEBUG]: Skipping Lnet/minecraft/client/util/NBTQueryManager;
[12:46:21] [main/DEBUG]: Skipping Lnet/minecraft/client/util/RecipeBookCategories;
[12:46:21] [main/DEBUG]: Skipping Lnet/minecraft/client/util/UndeclaredException;
[12:46:21] [main/DEBUG]: Skipping Lnet/minecraft/client/util/ITooltipFlag$TooltipFlags;
[12:46:21] [main/DEBUG]: Skipping Lnet/minecraft/client/util/Splashes;
[12:46:21] [main/DEBUG]: Skipping Lnet/minecraft/client/util/BidiReorderer;
[12:46:21] [main/DEBUG]: Skipping Lnet/minecraft/client/util/IMutableSearchTree;
[12:46:21] [main/DEBUG]: Skipping Lnet/minecraft/client/util/SearchTreeReloadable;
[12:46:21] [main/DEBUG]: Skipping Lnet/minecraft/client/util/SearchTree;
[12:46:21] [main/DEBUG]: Skipping Lnet/minecraft/client/util/ISearchTree;
[12:46:21] [main/DEBUG]: Skipping Lnet/minecraft/client/util/SuffixArray;
[12:46:21] [main/DEBUG]: Skipping Lnet/minecraft/client/util/BidiReorder;
[12:46:21] [main/DEBUG]: Skipping Lnet/minecraft/client/util/JSONException;
[12:46:21] [main/DEBUG]: Skipping Lnet/minecraft/client/util/SearchTreeReloadable$JoinedIterator;
[12:46:21] [main/DEBUG]: Skipping Lnet/minecraft/client/util/SearchTree$MergingIterator;
[12:46:21] [main/DEBUG]: Skipping Lnet/minecraft/client/util/JSONException$1;
[12:46:21] [main/DEBUG]: Skipping Lnet/minecraft/client/util/JSONException$Entry;
[12:46:21] [main/DEBUG]: Skipping Lnet/minecraft/client/util/RecipeBookCategories$1;
[12:46:21] [main/DEBUG]: Skipping Lnet/minecraft/client/util/MouseSmoother;
[12:46:21] [main/DEBUG]: Skipping Lnet/minecraft/client/util/InputMappings$1;
[12:46:21] [main/DEBUG]: Skipping Lnet/minecraft/client/util/InputMappings$Input;
[12:46:21] [main/DEBUG]: Skipping Lnet/minecraft/client/util/InputMappings$Type;
[12:46:21] [main/DEBUG]: Skipping Lnet/minecraft/client/util/ITooltipFlag;
[12:46:21] [main/DEBUG]: Skipping Lnet/minecraft/client/util/SearchTreeManager;
[12:46:21] [main/DEBUG]: Skipping Lnet/minecraft/client/util/SearchTreeManager$Key;
[12:46:21] [main/DEBUG]: Skipping Lnet/minecraft/client/Minecraft$1;
[12:46:21] [main/DEBUG]: Skipping Lnet/minecraft/client/Minecraft$WorldSelectionType;
[12:46:21] [main/DEBUG]: Skipping Lnet/minecraft/client/Minecraft$PackManager;
[12:46:21] [main/DEBUG]: Skipping Lnet/minecraft/client/renderer/package-info;
[12:46:21] [main/DEBUG]: Skipping Lnet/minecraft/client/renderer/ScreenSize;
[12:46:21] [main/DEBUG]: Skipping Lnet/minecraft/client/renderer/GlDebugTextUtils;
[12:46:21] [main/DEBUG]: Skipping Lnet/minecraft/client/renderer/RenderHelper;
[12:46:21] [main/DEBUG]: Skipping Lnet/minecraft/client/renderer/GLAllocation;
[12:46:21] [main/DEBUG]: Skipping Lnet/minecraft/client/renderer/IMonitorFactory;
[12:46:21] [main/DEBUG]: Skipping Lnet/minecraft/client/renderer/MonitorHandler;
[12:46:21] [main/DEBUG]: Skipping Lnet/minecraft/client/renderer/VideoMode;
[12:46:21] [main/DEBUG]: Skipping Lnet/minecraft/client/renderer/IWindowEventListener;
[12:46:21] [main/DEBUG]: Skipping Lnet/minecraft/client/renderer/WorldVertexBufferUploader;
[12:46:21] [main/DEBUG]: Skipping Lnet/minecraft/client/renderer/Tessellator;
[12:46:21] [main/DEBUG]: Skipping Lnet/minecraft/client/renderer/RegionRenderCacheBuilder;
[12:46:21] [main/DEBUG]: Skipping Lnet/minecraft/client/renderer/RenderSkyboxCube;
[12:46:21] [main/DEBUG]: Skipping Lnet/minecraft/client/renderer/FaceDirection;
[12:46:21] [main/DEBUG]: Skipping Lnet/minecraft/client/renderer/GPUWarning;
[12:46:21] [main/DEBUG]: Skipping Lnet/minecraft/client/renderer/IRenderTypeBuffer;
[12:46:21] [main/DEBUG]: Skipping Lnet/minecraft/client/renderer/OutlineLayerBuffer;
[12:46:21] [main/DEBUG]: Skipping Lnet/minecraft/client/renderer/RenderSkybox;
[12:46:21] [main/DEBUG]: Skipping Lnet/minecraft/client/renderer/Rectangle2d;
[12:46:21] [main/DEBUG]: Skipping Lnet/minecraft/client/renderer/RenderTypeBuffers;
[12:46:21] [main/DEBUG]: Transforming class Lnet/minecraft/client/renderer/RenderState;
[12:46:21] [main/DEBUG]: Transforming net.minecraft.client.renderer.RenderState FIELD field_228507_Q_ to access PROTECTED and REMOVEFINAL
[12:46:21] [main/DEBUG]: Skipping Lnet/minecraft/client/renderer/RenderTimeManager;
[12:46:21] [main/DEBUG]: Skipping Lnet/minecraft/client/renderer/SpriteAwareVertexBuilder;
[12:46:21] [main/DEBUG]: Skipping Lnet/minecraft/client/renderer/ViewFrustum;
[12:46:21] [main/DEBUG]: Skipping Lnet/minecraft/client/renderer/VirtualScreen;
[12:46:21] [main/DEBUG]: Skipping Lnet/minecraft/client/renderer/culling/package-info;
[12:46:21] [main/DEBUG]: Skipping Lnet/minecraft/client/renderer/culling/ClippingHelper;
[12:46:21] [main/DEBUG]: Skipping Lnet/minecraft/client/renderer/StitcherException;
[12:46:21] [main/DEBUG]: Skipping Lnet/minecraft/client/renderer/GPUWarning$1;
[12:46:21] [main/DEBUG]: Skipping Lnet/minecraft/client/renderer/GPUWarning$GPUInfo;
[12:46:21] [main/DEBUG]: Skipping Lnet/minecraft/client/renderer/RenderState$AlphaState;
[12:46:21] [main/DEBUG]: Skipping Lnet/minecraft/client/renderer/RenderState$BooleanState;
[12:46:21] [main/DEBUG]: Skipping Lnet/minecraft/client/renderer/RenderState$CullState;
[12:46:21] [main/DEBUG]: Skipping Lnet/minecraft/client/renderer/RenderState$DepthTestState;
[12:46:21] [main/DEBUG]: Skipping Lnet/minecraft/client/renderer/RenderState$DiffuseLightingState;
[12:46:21] [main/DEBUG]: Skipping Lnet/minecraft/client/renderer/RenderState$FogState;
[12:46:21] [main/DEBUG]: Skipping Lnet/minecraft/client/renderer/RenderState$LayerState;
[12:46:21] [main/DEBUG]: Skipping Lnet/minecraft/client/renderer/RenderState$LightmapState;
[12:46:21] [main/DEBUG]: Skipping Lnet/minecraft/client/renderer/RenderState$LineState;
[12:46:21] [main/DEBUG]: Skipping Lnet/minecraft/client/renderer/RenderState$OffsetTexturingState;
[12:46:21] [main/DEBUG]: Skipping Lnet/minecraft/client/renderer/RenderState$TargetState;
[12:46:21] [main/DEBUG]: Skipping Lnet/minecraft/client/renderer/RenderState$OverlayState;
[12:46:21] [main/DEBUG]: Skipping Lnet/minecraft/client/renderer/RenderState$PortalTexturingState;
[12:46:21] [main/DEBUG]: Skipping Lnet/minecraft/client/renderer/RenderState$ShadeModelState;
[12:46:21] [main/DEBUG]: Transforming class Lnet/minecraft/client/renderer/RenderState$TextureState;
[12:46:21] [main/DEBUG]: Transforming net.minecraft.client.renderer.RenderState$TextureState FIELD field_228603_R_ to access PROTECTED and REMOVEFINAL
[12:46:21] [main/DEBUG]: Transforming net.minecraft.client.renderer.RenderState$TextureState FIELD field_228604_S_ to access PROTECTED and REMOVEFINAL
[12:46:21] [main/DEBUG]: Skipping Lnet/minecraft/client/renderer/RenderState$TexturingState;
[12:46:21] [main/DEBUG]: Skipping Lnet/minecraft/client/renderer/RenderState$TransparencyState;
[12:46:21] [main/DEBUG]: Skipping Lnet/minecraft/client/renderer/RenderState$WriteMaskState;
[12:46:21] [main/DEBUG]: Skipping Lnet/minecraft/client/renderer/DestroyBlockProgress;
[12:46:21] [main/DEBUG]: Skipping Lnet/minecraft/client/renderer/FaceDirection$1;
[12:46:21] [main/DEBUG]: Skipping Lnet/minecraft/client/renderer/FaceDirection$Constants;
[12:46:21] [main/DEBUG]: Skipping Lnet/minecraft/client/renderer/FaceDirection$VertexInformation;
[12:46:21] [main/DEBUG]: Skipping Lnet/minecraft/client/renderer/IRenderTypeBuffer$Impl;
[12:46:21] [main/DEBUG]: Skipping Lnet/minecraft/client/renderer/OutlineLayerBuffer$1;
[12:46:21] [main/DEBUG]: Skipping Lnet/minecraft/client/renderer/OutlineLayerBuffer$ColoredOutline;
[12:46:21] [main/DEBUG]: Skipping Lnet/minecraft/client/renderer/debug/package-info;
[12:46:21] [main/DEBUG]: Skipping Lnet/minecraft/client/renderer/debug/DebugRenderer$IDebugRenderer;
[12:46:21] [main/DEBUG]: Skipping Lnet/minecraft/client/renderer/debug/BeeDebugRenderer;
[12:46:21] [main/DEBUG]: Skipping Lnet/minecraft/client/renderer/debug/PointOfInterestDebugRenderer;
[12:46:21] [main/DEBUG]: Skipping Lnet/minecraft/client/renderer/debug/CaveDebugRenderer;
[12:46:21] [main/DEBUG]: Skipping Lnet/minecraft/client/renderer/debug/ChunkBorderDebugRenderer;
[12:46:21] [main/DEBUG]: Skipping Lnet/minecraft/client/renderer/debug/ChunkInfoDebugRenderer;
[12:46:21] [main/DEBUG]: Skipping Lnet/minecraft/client/renderer/debug/CollisionBoxDebugRenderer;
[12:46:21] [main/DEBUG]: Skipping Lnet/minecraft/client/renderer/debug/DebugRenderer;
[12:46:21] [main/DEBUG]: Skipping Lnet/minecraft/client/renderer/debug/GameTestDebugRenderer;
[12:46:21] [main/DEBUG]: Skipping Lnet/minecraft/client/renderer/debug/EntityAIDebugRenderer;
[12:46:21] [main/DEBUG]: Skipping Lnet/minecraft/client/renderer/debug/HeightMapDebugRenderer;
[12:46:21] [main/DEBUG]: Skipping Lnet/minecraft/client/renderer/debug/LightDebugRenderer;
[12:46:21] [main/DEBUG]: Skipping Lnet/minecraft/client/renderer/debug/NeighborsUpdateDebugRenderer;
[12:46:21] [main/DEBUG]: Skipping Lnet/minecraft/client/renderer/debug/PathfindingDebugRenderer;
[12:46:21] [main/DEBUG]: Skipping Lnet/minecraft/client/renderer/debug/RaidDebugRenderer;
[12:46:21] [main/DEBUG]: Skipping Lnet/minecraft/client/renderer/debug/SolidFaceDebugRenderer;
[12:46:21] [main/DEBUG]: Skipping Lnet/minecraft/client/renderer/debug/StructureDebugRenderer;
[12:46:21] [main/DEBUG]: Skipping Lnet/minecraft/client/renderer/debug/VillageSectionsDebugRender;
[12:46:21] [main/DEBUG]: Skipping Lnet/minecraft/client/renderer/debug/WaterDebugRenderer;
[12:46:21] [main/DEBUG]: Skipping Lnet/minecraft/client/renderer/debug/WorldGenAttemptsDebugRenderer;
[12:46:21] [main/DEBUG]: Skipping Lnet/minecraft/client/renderer/debug/GameTestDebugRenderer$Marker;
[12:46:21] [main/DEBUG]: Skipping Lnet/minecraft/client/renderer/debug/EntityAIDebugRenderer$Entry;
[12:46:21] [main/DEBUG]: Skipping Lnet/minecraft/client/renderer/debug/HeightMapDebugRenderer$1;
[12:46:21] [main/DEBUG]: Skipping Lnet/minecraft/client/renderer/debug/BeeDebugRenderer$Bee;
[12:46:21] [main/DEBUG]: Skipping Lnet/minecraft/client/renderer/debug/BeeDebugRenderer$Hive;
[12:46:21] [main/DEBUG]: Skipping Lnet/minecraft/client/renderer/debug/PointOfInterestDebugRenderer$BrainInfo;
[12:46:21] [main/DEBUG]: Skipping Lnet/minecraft/client/renderer/debug/PointOfInterestDebugRenderer$POIInfo;
[12:46:21] [main/DEBUG]: Skipping Lnet/minecraft/client/renderer/debug/ChunkInfoDebugRenderer$1;
[12:46:21] [main/DEBUG]: Skipping Lnet/minecraft/client/renderer/debug/ChunkInfoDebugRenderer$Entry;
[12:46:21] [main/DEBUG]: Skipping Lnet/minecraft/client/renderer/BlockRendererDispatcher$1;
[12:46:21] [main/DEBUG]: Skipping Lnet/minecraft/client/renderer/BufferBuilder;
[12:46:21] [main/DEBUG]: Skipping Lnet/minecraft/client/renderer/ActiveRenderInfo;
[12:46:21] [main/DEBUG]: Skipping Lnet/minecraft/client/renderer/color/package-info;
[12:46:21] [main/DEBUG]: Skipping Lnet/minecraft/client/renderer/color/IBlockColor;
[12:46:21] [main/DEBUG]: Skipping Lnet/minecraft/client/renderer/color/ColorCache;
[12:46:21] [main/DEBUG]: Skipping Lnet/minecraft/client/renderer/color/IItemColor;
[12:46:21] [main/DEBUG]: Skipping Lnet/minecraft/client/renderer/color/ColorCache$1;
[12:46:21] [main/DEBUG]: Skipping Lnet/minecraft/client/renderer/color/ColorCache$Entry;
[12:46:21] [main/DEBUG]: Skipping Lnet/minecraft/client/renderer/color/BlockColors;
[12:46:21] [main/DEBUG]: Skipping Lnet/minecraft/client/renderer/color/ItemColors;
[12:46:21] [main/DEBUG]: Skipping Lnet/minecraft/client/renderer/FogRenderer;
[12:46:21] [main/DEBUG]: Transforming class Lnet/minecraft/client/renderer/GameRenderer;
[12:46:21] [main/DEBUG]: Transforming net.minecraft.client.renderer.GameRenderer METHOD func_175069_a(Lnet/minecraft/util/ResourceLocation;)V to access PUBLIC and LEAVE
[12:46:21] [main/DEBUG]: Skipping Lnet/minecraft/client/renderer/RenderTypeLookup;
[12:46:21] [main/DEBUG]: Skipping Lnet/minecraft/client/renderer/FirstPersonRenderer;
[12:46:21] [main/DEBUG]: Transforming class Lnet/minecraft/client/renderer/ItemModelMesher;
[12:46:21] [main/DEBUG]: Transforming net.minecraft.client.renderer.ItemModelMesher FIELD field_199313_a to access PRIVATE and LEAVE
[12:46:21] [main/DEBUG]: Skipping Lnet/minecraft/client/renderer/WorldRenderer;
[12:46:21] [main/DEBUG]: Skipping Lnet/minecraft/client/renderer/LightTexture;
[12:46:21] [main/DEBUG]: Skipping Lnet/minecraft/client/renderer/RenderType;
[12:46:21] [main/DEBUG]: Skipping Lnet/minecraft/client/renderer/OverlayRenderer;
[12:46:21] [main/DEBUG]: Skipping Lnet/minecraft/client/renderer/Atlases;
[12:46:21] [main/DEBUG]: Skipping Lnet/minecraft/client/renderer/BlockModelShapes;
[12:46:21] [main/DEBUG]: Skipping Lnet/minecraft/client/renderer/BlockRendererDispatcher;
[12:46:21] [main/DEBUG]: Skipping Lnet/minecraft/client/renderer/FluidBlockRenderer;
[12:46:21] [main/DEBUG]: Skipping Lnet/minecraft/client/renderer/BlockModelRenderer;
[12:46:21] [main/DEBUG]: Skipping Lnet/minecraft/client/renderer/tileentity/package-info;
[12:46:21] [main/DEBUG]: Skipping Lnet/minecraft/client/renderer/tileentity/model/package-info;
[12:46:21] [main/DEBUG]: Skipping Lnet/minecraft/client/renderer/tileentity/model/DragonHeadModel;
[12:46:21] [main/DEBUG]: Skipping Lnet/minecraft/client/renderer/tileentity/ItemStackTileEntityRenderer;
[12:46:21] [main/DEBUG]: Skipping Lnet/minecraft/client/renderer/tileentity/BannerTileEntityRenderer;
[12:46:21] [main/DEBUG]: Skipping Lnet/minecraft/client/renderer/tileentity/BeaconTileEntityRenderer;
[12:46:21] [main/DEBUG]: Skipping Lnet/minecraft/client/renderer/tileentity/BedTileEntityRenderer;
[12:46:21] [main/DEBUG]: Skipping Lnet/minecraft/client/renderer/tileentity/BellTileEntityRenderer;
[12:46:21] [main/DEBUG]: Skipping Lnet/minecraft/client/renderer/tileentity/TileEntityRenderer;
[12:46:21] [main/DEBUG]: Skipping Lnet/minecraft/client/renderer/tileentity/DualBrightnessCallback;
[12:46:21] [main/DEBUG]: Skipping Lnet/minecraft/client/renderer/tileentity/CampfireTileEntityRenderer;
[12:46:21] [main/DEBUG]: Skipping Lnet/minecraft/client/renderer/tileentity/ConduitTileEntityRenderer;
[12:46:21] [main/DEBUG]: Skipping Lnet/minecraft/client/renderer/tileentity/EnchantmentTableTileEntityRenderer;
[12:46:21] [main/DEBUG]: Skipping Lnet/minecraft/client/renderer/tileentity/LecternTileEntityRenderer;
[12:46:21] [main/DEBUG]: Skipping Lnet/minecraft/client/renderer/tileentity/ShulkerBoxTileEntityRenderer;
[12:46:21] [main/DEBUG]: Skipping Lnet/minecraft/client/renderer/tileentity/SkullTileEntityRenderer;
[12:46:21] [main/DEBUG]: Skipping Lnet/minecraft/client/renderer/tileentity/MobSpawnerTileEntityRenderer;
[12:46:21] [main/DEBUG]: Skipping Lnet/minecraft/client/renderer/tileentity/StructureTileEntityRenderer;
[12:46:21] [main/DEBUG]: Skipping Lnet/minecraft/client/renderer/tileentity/EndGatewayTileEntityRenderer;
[12:46:21] [main/DEBUG]: Skipping Lnet/minecraft/client/renderer/tileentity/EndPortalTileEntityRenderer;
[12:46:21] [main/DEBUG]: Skipping Lnet/minecraft/client/renderer/tileentity/StructureTileEntityRenderer$1;
[12:46:21] [main/DEBUG]: Skipping Lnet/minecraft/client/renderer/tileentity/SignTileEntityRenderer$SignModel;
[12:46:21] [main/DEBUG]: Transforming class Lnet/minecraft/client/renderer/tileentity/TileEntityRendererDispatcher;
[12:46:21] [main/DEBUG]: Transforming net.minecraft.client.renderer.tileentity.TileEntityRendererDispatcher FIELD field_147557_n to access PUBLIC and LEAVE
[12:46:21] [main/DEBUG]: Skipping Lnet/minecraft/client/renderer/tileentity/ChestTileEntityRenderer;
[12:46:21] [main/DEBUG]: Transforming class Lnet/minecraft/client/renderer/tileentity/PistonTileEntityRenderer;
[12:46:21] [main/DEBUG]: Transforming net.minecraft.client.renderer.tileentity.PistonTileEntityRenderer FIELD field_178462_c to access PRIVATE and REMOVEFINAL
[12:46:21] [main/DEBUG]: Skipping Lnet/minecraft/client/renderer/tileentity/SignTileEntityRenderer;
[12:46:21] [main/DEBUG]: Transforming class Lnet/minecraft/client/renderer/ItemRenderer;
[12:46:21] [main/DEBUG]: Transforming net.minecraft.client.renderer.ItemRenderer METHOD func_229114_a_(Lnet/minecraft/client/renderer/model/IBakedModel;Lnet/minecraft/item/ItemStack;IILcom/mojang/blaze3d/matrix/MatrixStack;Lcom/mojang/blaze3d/vertex/IVertexBuilder;)V to access PUBLIC and LEAVE
[12:46:21] [main/DEBUG]: Transforming net.minecraft.client.renderer.ItemRenderer METHOD func_229112_a_(Lcom/mojang/blaze3d/matrix/MatrixStack;Lcom/mojang/blaze3d/vertex/IVertexBuilder;Ljava/util/List;Lnet/minecraft/item/ItemStack;II)V to access PUBLIC and LEAVE
[12:46:21] [main/DEBUG]: Skipping Lnet/minecraft/client/renderer/BlockModelRenderer$1;
[12:46:21] [main/DEBUG]: Skipping Lnet/minecraft/client/renderer/BlockModelRenderer$NeighborInfo;
[12:46:21] [main/DEBUG]: Skipping Lnet/minecraft/client/renderer/BlockModelRenderer$AmbientOcclusionFace;
[12:46:21] [main/DEBUG]: Skipping Lnet/minecraft/client/renderer/BlockModelRenderer$VertexTranslations;
[12:46:21] [main/DEBUG]: Skipping Lnet/minecraft/client/renderer/BlockModelRenderer$Cache;
[12:46:21] [main/DEBUG]: Skipping Lnet/minecraft/client/renderer/BlockModelRenderer$Orientation;
[12:46:21] [main/DEBUG]: Skipping Lnet/minecraft/client/renderer/RenderType$1;
[12:46:21] [main/DEBUG]: Skipping Lnet/minecraft/client/renderer/RenderType$Type;
[12:46:21] [main/DEBUG]: Skipping Lnet/minecraft/client/renderer/RenderType$State;
[12:46:21] [main/DEBUG]: Skipping Lnet/minecraft/client/renderer/RenderType$OutlineState;
[12:46:21] [main/DEBUG]: Skipping Lnet/minecraft/client/renderer/FirstPersonRenderer$1;
[12:46:21] [main/DEBUG]: Skipping Lnet/minecraft/client/renderer/WorldRenderer$1;
[12:46:21] [main/DEBUG]: Skipping Lnet/minecraft/client/renderer/RenderType$Type$EqualityStrategy;
[12:46:21] [main/DEBUG]: Skipping Lnet/minecraft/client/renderer/WorldRenderer$LocalRenderInformationContainer;
[12:46:21] [main/DEBUG]: Skipping Lnet/minecraft/client/renderer/WorldRenderer$ShaderException;
[12:46:21] [main/DEBUG]: Skipping Lnet/minecraft/client/renderer/Atlases$1;
[12:46:21] [main/DEBUG]: Skipping Lnet/minecraft/client/renderer/BlockModelRenderer$Cache$1;
[12:46:21] [main/DEBUG]: Skipping Lnet/minecraft/client/renderer/BlockModelRenderer$Cache$2;
[12:46:21] [main/DEBUG]: Skipping Lnet/minecraft/client/renderer/FogRenderer$FogType;
[12:46:21] [main/DEBUG]: Skipping Lnet/minecraft/client/renderer/vertex/package-info;
[12:46:21] [main/DEBUG]: Skipping Lnet/minecraft/client/renderer/vertex/DefaultVertexFormats;
[12:46:21] [main/DEBUG]: Skipping Lnet/minecraft/client/renderer/vertex/VertexBuffer;
[12:46:21] [main/DEBUG]: Skipping Lnet/minecraft/client/renderer/vertex/VertexFormat;
[12:46:21] [main/DEBUG]: Skipping Lnet/minecraft/client/renderer/vertex/VertexFormatElement;
[12:46:21] [main/DEBUG]: Skipping Lnet/minecraft/client/renderer/vertex/VertexFormatElement$Usage$ISetupState;
[12:46:21] [main/DEBUG]: Skipping Lnet/minecraft/client/renderer/vertex/VertexFormatElement$Type;
[12:46:21] [main/DEBUG]: Skipping Lnet/minecraft/client/renderer/vertex/VertexFormatElement$Usage;
[12:46:21] [main/DEBUG]: Skipping Lnet/minecraft/client/renderer/RenderType$State$Builder;
[12:46:21] [main/DEBUG]: Skipping Lnet/minecraft/client/renderer/texture/package-info;
[12:46:21] [main/DEBUG]: Skipping Lnet/minecraft/client/renderer/texture/PngSizeInfo;
[12:46:21] [main/DEBUG]: Skipping Lnet/minecraft/client/renderer/texture/TextureUtil;
[12:46:21] [main/DEBUG]: Skipping Lnet/minecraft/client/renderer/texture/SpriteMap;
[12:46:21] [main/DEBUG]: Skipping Lnet/minecraft/client/renderer/texture/DynamicTexture;
[12:46:21] [main/DEBUG]: Skipping Lnet/minecraft/client/renderer/texture/DownloadingTexture;
[12:46:21] [main/DEBUG]: Skipping Lnet/minecraft/client/renderer/texture/MipmapGenerator;
[12:46:21] [main/DEBUG]: Skipping Lnet/minecraft/client/renderer/texture/MissingTextureSprite;
[12:46:21] [main/DEBUG]: Skipping Lnet/minecraft/client/renderer/texture/OverlayTexture;
[12:46:21] [main/DEBUG]: Skipping Lnet/minecraft/client/renderer/texture/PreloadedTexture;
[12:46:21] [main/DEBUG]: Skipping Lnet/minecraft/client/renderer/texture/SimpleTexture;
[12:46:21] [main/DEBUG]: Skipping Lnet/minecraft/client/renderer/texture/ITickable;
[12:46:21] [main/DEBUG]: Skipping Lnet/minecraft/client/renderer/texture/PotionSpriteUploader;
[12:46:21] [main/DEBUG]: Skipping Lnet/minecraft/client/renderer/texture/PaintingSpriteUploader;
[12:46:21] [main/DEBUG]: Skipping Lnet/minecraft/client/renderer/texture/SpriteUploader;
[12:46:21] [main/DEBUG]: Skipping Lnet/minecraft/client/renderer/texture/TextureAtlasSpriteStitcher;
[12:46:21] [main/DEBUG]: Skipping Lnet/minecraft/client/renderer/texture/PngSizeInfo$1;
[12:46:21] [main/DEBUG]: Skipping Lnet/minecraft/client/renderer/texture/PngSizeInfo$Reader;
[12:46:21] [main/DEBUG]: Skipping Lnet/minecraft/client/renderer/texture/PngSizeInfo$ReaderBuffer;
[12:46:21] [main/DEBUG]: Skipping Lnet/minecraft/client/renderer/texture/PngSizeInfo$ReaderSeekable;
[12:46:21] [main/DEBUG]: Skipping Lnet/minecraft/client/renderer/texture/SimpleTexture$TextureData;
[12:46:21] [main/DEBUG]: Skipping Lnet/minecraft/client/renderer/texture/Stitcher$Holder;
[12:46:21] [main/DEBUG]: Skipping Lnet/minecraft/client/renderer/texture/Stitcher$Slot;
[12:46:21] [main/DEBUG]: Skipping Lnet/minecraft/client/renderer/texture/Stitcher$ISpriteLoader;
[12:46:21] [main/DEBUG]: Skipping Lnet/minecraft/client/renderer/texture/NativeImage;
[12:46:21] [main/DEBUG]: Skipping Lnet/minecraft/client/renderer/texture/Texture;
[12:46:21] [main/DEBUG]: Skipping Lnet/minecraft/client/renderer/texture/Stitcher;
[12:46:21] [main/DEBUG]: Skipping Lnet/minecraft/client/renderer/texture/AtlasTexture;
[12:46:21] [main/DEBUG]: Skipping Lnet/minecraft/client/renderer/texture/TextureAtlasSprite;
[12:46:21] [main/DEBUG]: Skipping Lnet/minecraft/client/renderer/texture/TextureManager;
[12:46:21] [main/DEBUG]: Skipping Lnet/minecraft/client/renderer/texture/NativeImage$1;
[12:46:21] [main/DEBUG]: Skipping Lnet/minecraft/client/renderer/texture/NativeImage$PixelFormat;
[12:46:21] [main/DEBUG]: Skipping Lnet/minecraft/client/renderer/texture/NativeImage$PixelFormatGLCode;
[12:46:21] [main/DEBUG]: Skipping Lnet/minecraft/client/renderer/texture/NativeImage$WriteCallback;
[12:46:21] [main/DEBUG]: Skipping Lnet/minecraft/client/renderer/texture/AtlasTexture$SheetData;
[12:46:21] [main/DEBUG]: Skipping Lnet/minecraft/client/renderer/texture/TextureAtlasSprite$1;
[12:46:21] [main/DEBUG]: Skipping Lnet/minecraft/client/renderer/texture/TextureAtlasSprite$Info;
[12:46:21] [main/DEBUG]: Skipping Lnet/minecraft/client/renderer/texture/TextureAtlasSprite$InterpolationData;
[12:46:21] [main/DEBUG]: Skipping Lnet/minecraft/client/renderer/entity/package-info;
[12:46:21] [main/DEBUG]: Skipping Lnet/minecraft/client/renderer/entity/AbstractHorseRenderer;
[12:46:21] [main/DEBUG]: Skipping Lnet/minecraft/client/renderer/entity/AbstractZombieRenderer;
[12:46:21] [main/DEBUG]: Skipping Lnet/minecraft/client/renderer/entity/AreaEffectCloudRenderer;
[12:46:21] [main/DEBUG]: Skipping Lnet/minecraft/client/renderer/entity/ArmorStandRenderer;
[12:46:21] [main/DEBUG]: Skipping Lnet/minecraft/client/renderer/entity/ArrowRenderer;
[12:46:21] [main/DEBUG]: Skipping Lnet/minecraft/client/renderer/entity/BatRenderer;
[12:46:21] [main/DEBUG]: Skipping Lnet/minecraft/client/renderer/entity/BeeRenderer;
[12:46:21] [main/DEBUG]: Skipping Lnet/minecraft/client/renderer/entity/BlazeRenderer;
[12:46:21] [main/DEBUG]: Skipping Lnet/minecraft/client/renderer/entity/BoatRenderer;
[12:46:21] [main/DEBUG]: Skipping Lnet/minecraft/client/renderer/entity/CatRenderer;
[12:46:21] [main/DEBUG]: Skipping Lnet/minecraft/client/renderer/entity/CaveSpiderRenderer;
[12:46:21] [main/DEBUG]: Skipping Lnet/minecraft/client/renderer/entity/ChestedHorseRenderer;
[12:46:21] [main/DEBUG]: Skipping Lnet/minecraft/client/renderer/entity/ChickenRenderer;
[12:46:21] [main/DEBUG]: Skipping Lnet/minecraft/client/renderer/entity/CodRenderer;
[12:46:21] [main/DEBUG]: Skipping Lnet/minecraft/client/renderer/entity/CowRenderer;
[12:46:21] [main/DEBUG]: Skipping Lnet/minecraft/client/renderer/entity/CreeperRenderer;
[12:46:21] [main/DEBUG]: Skipping Lnet/minecraft/client/renderer/entity/DolphinRenderer;
[12:46:21] [main/DEBUG]: Skipping Lnet/minecraft/client/renderer/entity/DragonFireballRenderer;
[12:46:21] [main/DEBUG]: Skipping Lnet/minecraft/client/renderer/entity/DrownedRenderer;
[12:46:21] [main/DEBUG]: Skipping Lnet/minecraft/client/renderer/entity/ElderGuardianRenderer;
[12:46:21] [main/DEBUG]: Skipping Lnet/minecraft/client/renderer/entity/EnderCrystalRenderer;
[12:46:21] [main/DEBUG]: Skipping Lnet/minecraft/client/renderer/entity/EnderDragonRenderer;
[12:46:21] [main/DEBUG]: Skipping Lnet/minecraft/client/renderer/entity/EndermanRenderer;
[12:46:21] [main/DEBUG]: Skipping Lnet/minecraft/client/renderer/entity/EndermiteRenderer;
[12:46:21] [main/DEBUG]: Skipping Lnet/minecraft/client/renderer/entity/EvokerFangsRenderer;
[12:46:21] [main/DEBUG]: Skipping Lnet/minecraft/client/renderer/entity/EvokerRenderer;
[12:46:21] [main/DEBUG]: Skipping Lnet/minecraft/client/renderer/entity/ExperienceOrbRenderer;
[12:46:21] [main/DEBUG]: Skipping Lnet/minecraft/client/renderer/entity/FireworkRocketRenderer;
[12:46:21] [main/DEBUG]: Skipping Lnet/minecraft/client/renderer/entity/FishRenderer;
[12:46:21] [main/DEBUG]: Skipping Lnet/minecraft/client/renderer/entity/FoxRenderer;
[12:46:21] [main/DEBUG]: Skipping Lnet/minecraft/client/renderer/entity/GhastRenderer;
[12:46:21] [main/DEBUG]: Skipping Lnet/minecraft/client/renderer/entity/GiantZombieRenderer;
[12:46:21] [main/DEBUG]: Skipping Lnet/minecraft/client/renderer/entity/GuardianRenderer;
[12:46:21] [main/DEBUG]: Skipping Lnet/minecraft/client/renderer/entity/HoglinRenderer;
[12:46:21] [main/DEBUG]: Skipping Lnet/minecraft/client/renderer/entity/HorseRenderer;
[12:46:21] [main/DEBUG]: Skipping Lnet/minecraft/client/renderer/entity/BipedRenderer;
[12:46:21] [main/DEBUG]: Skipping Lnet/minecraft/client/renderer/entity/HuskRenderer;
[12:46:21] [main/DEBUG]: Skipping Lnet/minecraft/client/renderer/entity/IllagerRenderer;
[12:46:21] [main/DEBUG]: Skipping Lnet/minecraft/client/renderer/entity/IllusionerRenderer;
[12:46:21] [main/DEBUG]: Skipping Lnet/minecraft/client/renderer/entity/IronGolemRenderer;
[12:46:21] [main/DEBUG]: Skipping Lnet/minecraft/client/renderer/entity/LeashKnotRenderer;
[12:46:21] [main/DEBUG]: Skipping Lnet/minecraft/client/renderer/entity/LightningBoltRenderer;
[12:46:21] [main/DEBUG]: Skipping Lnet/minecraft/client/renderer/entity/LlamaRenderer;
[12:46:21] [main/DEBUG]: Skipping Lnet/minecraft/client/renderer/entity/LlamaSpitRenderer;
[12:46:21] [main/DEBUG]: Skipping Lnet/minecraft/client/renderer/entity/MagmaCubeRenderer;
[12:46:21] [main/DEBUG]: Skipping Lnet/minecraft/client/renderer/entity/MinecartRenderer;
[12:46:21] [main/DEBUG]: Skipping Lnet/minecraft/client/renderer/entity/MobRenderer;
[12:46:21] [main/DEBUG]: Skipping Lnet/minecraft/client/renderer/entity/MooshroomRenderer;
[12:46:21] [main/DEBUG]: Skipping Lnet/minecraft/client/renderer/entity/OcelotRenderer;
[12:46:21] [main/DEBUG]: Skipping Lnet/minecraft/client/renderer/entity/PaintingRenderer;
[12:46:21] [main/DEBUG]: Skipping Lnet/minecraft/client/renderer/entity/PandaRenderer;
[12:46:21] [main/DEBUG]: Skipping Lnet/minecraft/client/renderer/entity/ParrotRenderer;
[12:46:21] [main/DEBUG]: Skipping Lnet/minecraft/client/renderer/entity/PhantomRenderer;
[12:46:21] [main/DEBUG]: Skipping Lnet/minecraft/client/renderer/entity/PigRenderer;
[12:46:21] [main/DEBUG]: Skipping Lnet/minecraft/client/renderer/entity/PiglinRenderer;
[12:46:21] [main/DEBUG]: Skipping Lnet/minecraft/client/renderer/entity/PillagerRenderer;
[12:46:21] [main/DEBUG]: Skipping Lnet/minecraft/client/renderer/entity/PolarBearRenderer;
[12:46:21] [main/DEBUG]: Skipping Lnet/minecraft/client/renderer/entity/PufferfishRenderer;
[12:46:21] [main/DEBUG]: Skipping Lnet/minecraft/client/renderer/entity/RabbitRenderer;
[12:46:21] [main/DEBUG]: Skipping Lnet/minecraft/client/renderer/entity/RavagerRenderer;
[12:46:21] [main/DEBUG]: Skipping Lnet/minecraft/client/renderer/entity/IEntityRenderer;
[12:46:21] [main/DEBUG]: Skipping Lnet/minecraft/client/renderer/entity/SalmonRenderer;
[12:46:21] [main/DEBUG]: Skipping Lnet/minecraft/client/renderer/entity/SheepRenderer;
[12:46:21] [main/DEBUG]: Skipping Lnet/minecraft/client/renderer/entity/ShulkerBulletRenderer;
[12:46:21] [main/DEBUG]: Skipping Lnet/minecraft/client/renderer/entity/ShulkerRenderer;
[12:46:21] [main/DEBUG]: Skipping Lnet/minecraft/client/renderer/entity/SilverfishRenderer;
[12:46:21] [main/DEBUG]: Skipping Lnet/minecraft/client/renderer/entity/SkeletonRenderer;
[12:46:21] [main/DEBUG]: Skipping Lnet/minecraft/client/renderer/entity/SlimeRenderer;
[12:46:21] [main/DEBUG]: Skipping Lnet/minecraft/client/renderer/entity/SnowManRenderer;
[12:46:21] [main/DEBUG]: Skipping Lnet/minecraft/client/renderer/entity/SpectralArrowRenderer;
[12:46:21] [main/DEBUG]: Skipping Lnet/minecraft/client/renderer/entity/SpiderRenderer;
[12:46:21] [main/DEBUG]: Skipping Lnet/minecraft/client/renderer/entity/SquidRenderer;
[12:46:21] [main/DEBUG]: Skipping Lnet/minecraft/client/renderer/entity/StrayRenderer;
[12:46:21] [main/DEBUG]: Skipping Lnet/minecraft/client/renderer/entity/StriderRenderer;
[12:46:21] [main/DEBUG]: Skipping Lnet/minecraft/client/renderer/entity/SpriteRenderer;
[12:46:21] [main/DEBUG]: Skipping Lnet/minecraft/client/renderer/entity/TridentRenderer;
[12:46:21] [main/DEBUG]: Skipping Lnet/minecraft/client/renderer/entity/TippedArrowRenderer;
[12:46:21] [main/DEBUG]: Skipping Lnet/minecraft/client/renderer/entity/TNTMinecartRenderer;
[12:46:21] [main/DEBUG]: Skipping Lnet/minecraft/client/renderer/entity/TNTRenderer;
[12:46:21] [main/DEBUG]: Skipping Lnet/minecraft/client/renderer/entity/TropicalFishRenderer;
[12:46:21] [main/DEBUG]: Skipping Lnet/minecraft/client/renderer/entity/TurtleRenderer;
[12:46:21] [main/DEBUG]: Skipping Lnet/minecraft/client/renderer/entity/UndeadHorseRenderer;
[12:46:21] [main/DEBUG]: Skipping Lnet/minecraft/client/renderer/entity/VexRenderer;
[12:46:21] [main/DEBUG]: Skipping Lnet/minecraft/client/renderer/entity/VillagerRenderer;
[12:46:21] [main/DEBUG]: Skipping Lnet/minecraft/client/renderer/entity/VindicatorRenderer;
[12:46:21] [main/DEBUG]: Skipping Lnet/minecraft/client/renderer/entity/WanderingTraderRenderer;
[12:46:21] [main/DEBUG]: Skipping Lnet/minecraft/client/renderer/entity/WitchRenderer;
[12:46:21] [main/DEBUG]: Skipping Lnet/minecraft/client/renderer/entity/WitherRenderer;
[12:46:21] [main/DEBUG]: Skipping Lnet/minecraft/client/renderer/entity/WitherSkeletonRenderer;
[12:46:21] [main/DEBUG]: Skipping Lnet/minecraft/client/renderer/entity/WitherSkullRenderer;
[12:46:21] [main/DEBUG]: Skipping Lnet/minecraft/client/renderer/entity/WolfRenderer;
[12:46:21] [main/DEBUG]: Skipping Lnet/minecraft/client/renderer/entity/ZoglinRenderer;
[12:46:21] [main/DEBUG]: Skipping Lnet/minecraft/client/renderer/entity/ZombieRenderer;
[12:46:21] [main/DEBUG]: Skipping Lnet/minecraft/client/renderer/entity/ZombieVillagerRenderer;
[12:46:21] [main/DEBUG]: Skipping Lnet/minecraft/client/renderer/entity/IllusionerRenderer$1;
[12:46:21] [main/DEBUG]: Skipping Lnet/minecraft/client/renderer/entity/EnderDragonRenderer$EnderDragonModel;
[12:46:21] [main/DEBUG]: Skipping Lnet/minecraft/client/renderer/entity/model/package-info;
[12:46:21] [main/DEBUG]: Skipping Lnet/minecraft/client/renderer/entity/model/AbstractZombieModel;
[12:46:21] [main/DEBUG]: Skipping Lnet/minecraft/client/renderer/entity/model/AgeableModel;
[12:46:21] [main/DEBUG]: Skipping Lnet/minecraft/client/renderer/entity/model/IHasArm;
[12:46:21] [main/DEBUG]: Skipping Lnet/minecraft/client/renderer/entity/model/ArmorStandArmorModel;
[12:46:21] [main/DEBUG]: Skipping Lnet/minecraft/client/renderer/entity/model/ArmorStandModel;
[12:46:21] [main/DEBUG]: Skipping Lnet/minecraft/client/renderer/entity/model/BatModel;
[12:46:21] [main/DEBUG]: Skipping Lnet/minecraft/client/renderer/entity/model/BeeModel;
[12:46:21] [main/DEBUG]: Skipping Lnet/minecraft/client/renderer/entity/model/BlazeModel;
[12:46:21] [main/DEBUG]: Skipping Lnet/minecraft/client/renderer/entity/model/BoatModel;
[12:46:21] [main/DEBUG]: Skipping Lnet/minecraft/client/renderer/entity/model/BookModel;
[12:46:21] [main/DEBUG]: Skipping Lnet/minecraft/client/renderer/entity/model/CatModel;
[12:46:21] [main/DEBUG]: Skipping Lnet/minecraft/client/renderer/entity/model/HorseArmorChestsModel;
[12:46:21] [main/DEBUG]: Skipping Lnet/minecraft/client/renderer/entity/model/ChickenModel;
[12:46:21] [main/DEBUG]: Skipping Lnet/minecraft/client/renderer/entity/model/CodModel;
[12:46:21] [main/DEBUG]: Skipping Lnet/minecraft/client/renderer/entity/model/TintedAgeableModel;
[12:46:21] [main/DEBUG]: Skipping Lnet/minecraft/client/renderer/entity/model/AbstractTropicalFishModel;
[12:46:21] [main/DEBUG]: Skipping Lnet/minecraft/client/renderer/entity/model/CowModel;
[12:46:21] [main/DEBUG]: Skipping Lnet/minecraft/client/renderer/entity/model/CreeperModel;
[12:46:21] [main/DEBUG]: Skipping Lnet/minecraft/client/renderer/entity/model/DolphinModel;
[12:46:21] [main/DEBUG]: Skipping Lnet/minecraft/client/renderer/entity/model/DrownedModel;
[12:46:21] [main/DEBUG]: Skipping Lnet/minecraft/client/renderer/entity/model/ElytraModel;
[12:46:21] [main/DEBUG]: Skipping Lnet/minecraft/client/renderer/entity/model/EndermanModel;
[12:46:21] [main/DEBUG]: Skipping Lnet/minecraft/client/renderer/entity/model/EndermiteModel;
[12:46:21] [main/DEBUG]: Skipping Lnet/minecraft/client/renderer/entity/model/EntityModel;
[12:46:21] [main/DEBUG]: Skipping Lnet/minecraft/client/renderer/entity/model/EvokerFangsModel;
[12:46:21] [main/DEBUG]: Skipping Lnet/minecraft/client/renderer/entity/model/FoxModel;
[12:46:21] [main/DEBUG]: Skipping Lnet/minecraft/client/renderer/entity/model/GhastModel;
[12:46:21] [main/DEBUG]: Skipping Lnet/minecraft/client/renderer/entity/model/GiantModel;
[12:46:21] [main/DEBUG]: Skipping Lnet/minecraft/client/renderer/entity/model/GuardianModel;
[12:46:21] [main/DEBUG]: Skipping Lnet/minecraft/client/renderer/entity/model/IHasHead;
[12:46:21] [main/DEBUG]: Skipping Lnet/minecraft/client/renderer/entity/model/BoarModel;
[12:46:21] [main/DEBUG]: Skipping Lnet/minecraft/client/renderer/entity/model/HorseModel;
[12:46:21] [main/DEBUG]: Skipping Lnet/minecraft/client/renderer/entity/model/HumanoidHeadModel;
[12:46:21] [main/DEBUG]: Skipping Lnet/minecraft/client/renderer/entity/model/BipedModel;
[12:46:21] [main/DEBUG]: Skipping Lnet/minecraft/client/renderer/entity/model/IllagerModel;
[12:46:21] [main/DEBUG]: Skipping Lnet/minecraft/client/renderer/entity/model/IronGolemModel;
[12:46:21] [main/DEBUG]: Skipping Lnet/minecraft/client/renderer/entity/model/MagmaCubeModel;
[12:46:21] [main/DEBUG]: Skipping Lnet/minecraft/client/renderer/entity/model/LeashKnotModel;
[12:46:21] [main/DEBUG]: Skipping Lnet/minecraft/client/renderer/entity/model/SegmentedModel;
[12:46:21] [main/DEBUG]: Skipping Lnet/minecraft/client/renderer/entity/model/LlamaModel;
[12:46:21] [main/DEBUG]: Skipping Lnet/minecraft/client/renderer/entity/model/LlamaSpitModel;
[12:46:21] [main/DEBUG]: Skipping Lnet/minecraft/client/renderer/entity/model/MinecartModel;
[12:46:21] [main/DEBUG]: Skipping Lnet/minecraft/client/renderer/entity/model/ModelUtils;
[12:46:21] [main/DEBUG]: Skipping Lnet/minecraft/client/renderer/entity/model/OcelotModel;
[12:46:21] [main/DEBUG]: Skipping Lnet/minecraft/client/renderer/entity/model/PandaModel;
[12:46:21] [main/DEBUG]: Skipping Lnet/minecraft/client/renderer/entity/model/ParrotModel;
[12:46:21] [main/DEBUG]: Skipping Lnet/minecraft/client/renderer/entity/model/PhantomModel;
[12:46:21] [main/DEBUG]: Skipping Lnet/minecraft/client/renderer/entity/model/PigModel;
[12:46:21] [main/DEBUG]: Skipping Lnet/minecraft/client/renderer/entity/model/PiglinModel;
[12:46:21] [main/DEBUG]: Skipping Lnet/minecraft/client/renderer/entity/model/PlayerModel;
[12:46:21] [main/DEBUG]: Skipping Lnet/minecraft/client/renderer/entity/model/PolarBearModel;
[12:46:21] [main/DEBUG]: Skipping Lnet/minecraft/client/renderer/entity/model/PufferFishBigModel;
[12:46:21] [main/DEBUG]: Skipping Lnet/minecraft/client/renderer/entity/model/PufferFishMediumModel;
[12:46:21] [main/DEBUG]: Skipping Lnet/minecraft/client/renderer/entity/model/PufferFishSmallModel;
[12:46:21] [main/DEBUG]: Skipping Lnet/minecraft/client/renderer/entity/model/QuadrupedModel;
[12:46:21] [main/DEBUG]: Skipping Lnet/minecraft/client/renderer/entity/model/RabbitModel;
[12:46:21] [main/DEBUG]: Skipping Lnet/minecraft/client/renderer/entity/model/RavagerModel;
[12:46:21] [main/DEBUG]: Skipping Lnet/minecraft/client/renderer/entity/model/SalmonModel;
[12:46:21] [main/DEBUG]: Skipping Lnet/minecraft/client/renderer/entity/model/SheepWoolModel;
[12:46:21] [main/DEBUG]: Skipping Lnet/minecraft/client/renderer/entity/model/SheepModel;
[12:46:21] [main/DEBUG]: Skipping Lnet/minecraft/client/renderer/entity/model/ShieldModel;
[12:46:21] [main/DEBUG]: Skipping Lnet/minecraft/client/renderer/entity/model/ShulkerBulletModel;
[12:46:21] [main/DEBUG]: Skipping Lnet/minecraft/client/renderer/entity/model/ShulkerModel;
[12:46:21] [main/DEBUG]: Skipping Lnet/minecraft/client/renderer/entity/model/SilverfishModel;
[12:46:21] [main/DEBUG]: Skipping Lnet/minecraft/client/renderer/entity/model/SkeletonModel;
[12:46:21] [main/DEBUG]: Skipping Lnet/minecraft/client/renderer/entity/model/GenericHeadModel;
[12:46:21] [main/DEBUG]: Skipping Lnet/minecraft/client/renderer/entity/model/SlimeModel;
[12:46:21] [main/DEBUG]: Skipping Lnet/minecraft/client/renderer/entity/model/SnowManModel;
[12:46:21] [main/DEBUG]: Skipping Lnet/minecraft/client/renderer/entity/model/SpiderModel;
[12:46:21] [main/DEBUG]: Skipping Lnet/minecraft/client/renderer/entity/model/SquidModel;
[12:46:21] [main/DEBUG]: Skipping Lnet/minecraft/client/renderer/entity/model/StriderModel;
[12:46:21] [main/DEBUG]: Skipping Lnet/minecraft/client/renderer/entity/model/TridentModel;
[12:46:21] [main/DEBUG]: Skipping Lnet/minecraft/client/renderer/entity/model/TropicalFishAModel;
[12:46:21] [main/DEBUG]: Skipping Lnet/minecraft/client/renderer/entity/model/TropicalFishBModel;
[12:46:21] [main/DEBUG]: Skipping Lnet/minecraft/client/renderer/entity/model/TurtleModel;
[12:46:21] [main/DEBUG]: Skipping Lnet/minecraft/client/renderer/entity/model/VexModel;
[12:46:21] [main/DEBUG]: Skipping Lnet/minecraft/client/renderer/entity/model/IHeadToggle;
[12:46:21] [main/DEBUG]: Skipping Lnet/minecraft/client/renderer/entity/model/VillagerModel;
[12:46:21] [main/DEBUG]: Skipping Lnet/minecraft/client/renderer/entity/model/WitchModel;
[12:46:21] [main/DEBUG]: Skipping Lnet/minecraft/client/renderer/entity/model/WitherModel;
[12:46:21] [main/DEBUG]: Skipping Lnet/minecraft/client/renderer/entity/model/WolfModel;
[12:46:21] [main/DEBUG]: Skipping Lnet/minecraft/client/renderer/entity/model/ZombieModel;
[12:46:21] [main/DEBUG]: Skipping Lnet/minecraft/client/renderer/entity/model/ZombieVillagerModel;
[12:46:21] [main/DEBUG]: Skipping Lnet/minecraft/client/renderer/entity/model/BipedModel$1;
[12:46:21] [main/DEBUG]: Skipping Lnet/minecraft/client/renderer/entity/model/BipedModel$ArmPose;
[12:46:21] [main/DEBUG]: Skipping Lnet/minecraft/client/renderer/entity/model/ParrotModel$1;
[12:46:21] [main/DEBUG]: Skipping Lnet/minecraft/client/renderer/entity/model/ParrotModel$State;
[12:46:21] [main/DEBUG]: Skipping Lnet/minecraft/client/renderer/entity/EvokerRenderer$1;
[12:46:21] [main/DEBUG]: Skipping Lnet/minecraft/client/renderer/entity/VindicatorRenderer$1;
[12:46:21] [main/DEBUG]: Transforming class Lnet/minecraft/client/renderer/entity/EntityRendererManager;
[12:46:21] [main/DEBUG]: Transforming net.minecraft.client.renderer.entity.EntityRendererManager FIELD field_78729_o to access PUBLIC and LEAVE
[12:46:21] [main/DEBUG]: Transforming net.minecraft.client.renderer.entity.EntityRendererManager METHOD func_229087_a_(Lnet/minecraft/entity/EntityType;Lnet/minecraft/client/renderer/entity/EntityRenderer;)V to access PUBLIC and LEAVE
[12:46:21] [main/DEBUG]: Skipping Lnet/minecraft/client/renderer/entity/EntityRenderer;
[12:46:21] [main/DEBUG]: Skipping Lnet/minecraft/client/renderer/entity/FallingBlockRenderer;
[12:46:21] [main/DEBUG]: Transforming class Lnet/minecraft/client/renderer/entity/ItemRenderer;
[12:46:21] [main/DEBUG]: Transforming net.minecraft.client.renderer.entity.ItemRenderer METHOD func_177078_a(Lnet/minecraft/item/ItemStack;)I to access PROTECTED and LEAVE
[12:46:21] [main/DEBUG]: Skipping Lnet/minecraft/client/renderer/entity/ItemFrameRenderer;
[12:46:21] [main/DEBUG]: Transforming class Lnet/minecraft/client/renderer/entity/LivingRenderer;
[12:46:21] [main/DEBUG]: Transforming net.minecraft.client.renderer.entity.LivingRenderer METHOD func_177094_a(Lnet/minecraft/client/renderer/entity/layers/LayerRenderer;)Z to access PUBLIC and LEAVE
[12:46:21] [main/DEBUG]: Skipping Lnet/minecraft/client/renderer/entity/PlayerRenderer;
[12:46:21] [main/DEBUG]: Skipping Lnet/minecraft/client/renderer/entity/layers/package-info;
[12:46:21] [main/DEBUG]: Skipping Lnet/minecraft/client/renderer/entity/layers/ArrowLayer;
[12:46:21] [main/DEBUG]: Skipping Lnet/minecraft/client/renderer/entity/layers/BeeStingerLayer;
[12:46:21] [main/DEBUG]: Skipping Lnet/minecraft/client/renderer/entity/layers/CapeLayer;
[12:46:21] [main/DEBUG]: Skipping Lnet/minecraft/client/renderer/entity/layers/HeldBlockLayer;
[12:46:21] [main/DEBUG]: Skipping Lnet/minecraft/client/renderer/entity/layers/CatCollarLayer;
[12:46:21] [main/DEBUG]: Skipping Lnet/minecraft/client/renderer/entity/layers/CreeperChargeLayer;
[12:46:21] [main/DEBUG]: Skipping Lnet/minecraft/client/renderer/entity/layers/CrossedArmsItemLayer;
[12:46:21] [main/DEBUG]: Skipping Lnet/minecraft/client/renderer/entity/layers/HeadLayer;
[12:46:21] [main/DEBUG]: Skipping Lnet/minecraft/client/renderer/entity/layers/Deadmau5HeadLayer;
[12:46:21] [main/DEBUG]: Skipping Lnet/minecraft/client/renderer/entity/layers/DolphinCarriedItemLayer;
[12:46:21] [main/DEBUG]: Skipping Lnet/minecraft/client/renderer/entity/layers/DrownedOuterLayer;
[12:46:21] [main/DEBUG]: Skipping Lnet/minecraft/client/renderer/entity/layers/EndermanEyesLayer;
[12:46:21] [main/DEBUG]: Skipping Lnet/minecraft/client/renderer/entity/layers/EnergyLayer;
[12:46:21] [main/DEBUG]: Skipping Lnet/minecraft/client/renderer/entity/layers/AbstractEyesLayer;
[12:46:21] [main/DEBUG]: Skipping Lnet/minecraft/client/renderer/entity/layers/FoxHeldItemLayer;
[12:46:21] [main/DEBUG]: Skipping Lnet/minecraft/client/renderer/entity/layers/LeatherHorseArmorLayer;
[12:46:21] [main/DEBUG]: Skipping Lnet/minecraft/client/renderer/entity/layers/HorseMarkingsLayer;
[12:46:21] [main/DEBUG]: Skipping Lnet/minecraft/client/renderer/entity/layers/IronGolemCracksLayer;
[12:46:21] [main/DEBUG]: Skipping Lnet/minecraft/client/renderer/entity/layers/IronGolenFlowerLayer;
[12:46:21] [main/DEBUG]: Skipping Lnet/minecraft/client/renderer/entity/layers/HeldItemLayer;
[12:46:21] [main/DEBUG]: Skipping Lnet/minecraft/client/renderer/entity/layers/LlamaDecorLayer;
[12:46:21] [main/DEBUG]: Skipping Lnet/minecraft/client/renderer/entity/layers/MooshroomMushroomLayer;
[12:46:21] [main/DEBUG]: Skipping Lnet/minecraft/client/renderer/entity/layers/PandaHeldItemLayer;
[12:46:21] [main/DEBUG]: Skipping Lnet/minecraft/client/renderer/entity/layers/ParrotVariantLayer;
[12:46:21] [main/DEBUG]: Skipping Lnet/minecraft/client/renderer/entity/layers/PhantomEyesLayer;
[12:46:21] [main/DEBUG]: Skipping Lnet/minecraft/client/renderer/entity/layers/LayerRenderer;
[12:46:21] [main/DEBUG]: Skipping Lnet/minecraft/client/renderer/entity/layers/SaddleLayer;
[12:46:21] [main/DEBUG]: Skipping Lnet/minecraft/client/renderer/entity/layers/SheepWoolLayer;
[12:46:21] [main/DEBUG]: Skipping Lnet/minecraft/client/renderer/entity/layers/ShulkerColorLayer;
[12:46:21] [main/DEBUG]: Skipping Lnet/minecraft/client/renderer/entity/layers/SlimeGelLayer;
[12:46:21] [main/DEBUG]: Skipping Lnet/minecraft/client/renderer/entity/layers/SnowmanHeadLayer;
[12:46:21] [main/DEBUG]: Skipping Lnet/minecraft/client/renderer/entity/layers/SpiderEyesLayer;
[12:46:21] [main/DEBUG]: Skipping Lnet/minecraft/client/renderer/entity/layers/SpinAttackEffectLayer;
[12:46:21] [main/DEBUG]: Skipping Lnet/minecraft/client/renderer/entity/layers/StayClothingLayer;
[12:46:21] [main/DEBUG]: Skipping Lnet/minecraft/client/renderer/entity/layers/StuckInBodyLayer;
[12:46:21] [main/DEBUG]: Skipping Lnet/minecraft/client/renderer/entity/layers/TropicalFishPatternLayer;
[12:46:21] [main/DEBUG]: Skipping Lnet/minecraft/client/renderer/entity/layers/VillagerLevelPendantLayer;
[12:46:21] [main/DEBUG]: Skipping Lnet/minecraft/client/renderer/entity/layers/WitchHeldItemLayer;
[12:46:21] [main/DEBUG]: Skipping Lnet/minecraft/client/renderer/entity/layers/WitherAuraLayer;
[12:46:21] [main/DEBUG]: Skipping Lnet/minecraft/client/renderer/entity/layers/WolfCollarLayer;
[12:46:21] [main/DEBUG]: Skipping Lnet/minecraft/client/renderer/entity/layers/ElytraLayer;
[12:46:21] [main/DEBUG]: Skipping Lnet/minecraft/client/renderer/entity/layers/BipedArmorLayer;
[12:46:21] [main/DEBUG]: Skipping Lnet/minecraft/client/renderer/entity/layers/BipedArmorLayer$1;
[12:46:21] [main/DEBUG]: Skipping Lnet/minecraft/client/renderer/entity/LivingRenderer$1;
[12:46:21] [main/DEBUG]: Skipping Lnet/minecraft/client/renderer/BufferBuilder$1;
[12:46:21] [main/DEBUG]: Skipping Lnet/minecraft/client/renderer/BufferBuilder$DrawState;
[12:46:21] [main/DEBUG]: Skipping Lnet/minecraft/client/renderer/BufferBuilder$State;
[12:46:21] [main/DEBUG]: Skipping Lnet/minecraft/client/renderer/chunk/package-info;
[12:46:21] [main/DEBUG]: Skipping Lnet/minecraft/client/renderer/chunk/ChunkRenderCache;
[12:46:21] [main/DEBUG]: Skipping Lnet/minecraft/client/renderer/chunk/VisGraph;
[12:46:21] [main/DEBUG]: Skipping Lnet/minecraft/client/renderer/chunk/SetVisibility;
[12:46:21] [main/DEBUG]: Skipping Lnet/minecraft/client/renderer/chunk/VisGraph$1;
[12:46:21] [main/DEBUG]: Skipping Lnet/minecraft/client/renderer/chunk/ChunkRenderDispatcher;
[12:46:21] [main/DEBUG]: Skipping Lnet/minecraft/client/renderer/chunk/ChunkRenderDispatcher$ChunkTaskResult;
[12:46:21] [main/DEBUG]: Skipping Lnet/minecraft/client/renderer/chunk/ChunkRenderDispatcher$CompiledChunk;
[12:46:21] [main/DEBUG]: Skipping Lnet/minecraft/client/renderer/chunk/ChunkRenderDispatcher$ChunkRender;
[12:46:21] [main/DEBUG]: Skipping Lnet/minecraft/client/renderer/chunk/ChunkRenderDispatcher$CompiledChunk$1;
[12:46:21] [main/DEBUG]: Skipping Lnet/minecraft/client/renderer/chunk/ChunkRenderDispatcher$ChunkRender$ChunkRenderTask;
[12:46:21] [main/DEBUG]: Skipping Lnet/minecraft/client/renderer/chunk/ChunkRenderDispatcher$ChunkRender$RebuildTask;
[12:46:21] [main/DEBUG]: Skipping Lnet/minecraft/client/renderer/chunk/ChunkRenderDispatcher$ChunkRender$SortTransparencyTask;
[12:46:21] [main/DEBUG]: Skipping Lnet/minecraft/client/renderer/model/package-info;
[12:46:21] [main/DEBUG]: Transforming class Lnet/minecraft/client/renderer/model/BlockFaceUV$Deserializer;
[12:46:21] [main/DEBUG]: Transforming net.minecraft.client.renderer.model.BlockFaceUV$Deserializer METHOD <init>()V to access PUBLIC and LEAVE
[12:46:21] [main/DEBUG]: Skipping Lnet/minecraft/client/renderer/model/ModelHelper;
[12:46:21] [main/DEBUG]: Skipping Lnet/minecraft/client/renderer/model/Model;
[12:46:21] [main/DEBUG]: Skipping Lnet/minecraft/client/renderer/model/ModelRenderer;
[12:46:21] [main/DEBUG]: Transforming class Lnet/minecraft/client/renderer/model/BlockPart;
[12:46:21] [main/DEBUG]: Transforming net.minecraft.client.renderer.model.BlockPart METHOD func_178236_a(Lnet/minecraft/util/Direction;)[F to access PUBLIC and LEAVE
[12:46:21] [main/DEBUG]: Skipping Lnet/minecraft/client/renderer/model/BlockPartFace;
[12:46:21] [main/DEBUG]: Skipping Lnet/minecraft/client/renderer/model/BlockPartRotation;
[12:46:21] [main/DEBUG]: Skipping Lnet/minecraft/client/renderer/model/BlockFaceUV;
[12:46:21] [main/DEBUG]: Skipping Lnet/minecraft/client/renderer/model/BlockModelDefinition;
[12:46:21] [main/DEBUG]: Skipping Lnet/minecraft/client/renderer/model/ItemOverride;
[12:46:21] [main/DEBUG]: Skipping Lnet/minecraft/client/renderer/model/Variant;
[12:46:21] [main/DEBUG]: Skipping Lnet/minecraft/client/renderer/model/BlockModelDefinition$ContainerHolder;
[12:46:21] [main/DEBUG]: Skipping Lnet/minecraft/client/renderer/model/BlockModelDefinition$Deserializer;
[12:46:21] [main/DEBUG]: Skipping Lnet/minecraft/client/renderer/model/ModelRotation;
[12:46:21] [main/DEBUG]: Skipping Lnet/minecraft/client/renderer/model/BuiltInModel;
[12:46:21] [main/DEBUG]: Skipping Lnet/minecraft/client/renderer/model/RenderMaterial;
[12:46:21] [main/DEBUG]: Skipping Lnet/minecraft/client/renderer/model/multipart/package-info;
[12:46:21] [main/DEBUG]: Skipping Lnet/minecraft/client/renderer/model/multipart/Multipart$Deserializer;
[12:46:21] [main/DEBUG]: Skipping Lnet/minecraft/client/renderer/model/multipart/AndCondition;
[12:46:21] [main/DEBUG]: Skipping Lnet/minecraft/client/renderer/model/multipart/ICondition;
[12:46:21] [main/DEBUG]: Skipping Lnet/minecraft/client/renderer/model/multipart/PropertyValueCondition;
[12:46:21] [main/DEBUG]: Skipping Lnet/minecraft/client/renderer/model/multipart/Multipart;
[12:46:21] [main/DEBUG]: Skipping Lnet/minecraft/client/renderer/model/multipart/OrCondition;
[12:46:21] [main/DEBUG]: Skipping Lnet/minecraft/client/renderer/model/multipart/Selector;
[12:46:21] [main/DEBUG]: Skipping Lnet/minecraft/client/renderer/model/multipart/Selector$Deserializer;
[12:46:21] [main/DEBUG]: Transforming class Lnet/minecraft/client/renderer/model/ItemOverride$Deserializer;
[12:46:21] [main/DEBUG]: Transforming net.minecraft.client.renderer.model.ItemOverride$Deserializer METHOD <init>()V to access PUBLIC and LEAVE
[12:46:21] [main/DEBUG]: Skipping Lnet/minecraft/client/renderer/model/ModelRenderer$ModelBox;
[12:46:21] [main/DEBUG]: Skipping Lnet/minecraft/client/renderer/model/ModelRenderer$TexturedQuad;
[12:46:21] [main/DEBUG]: Skipping Lnet/minecraft/client/renderer/model/ModelRenderer$PositionTextureVertex;
[12:46:21] [main/DEBUG]: Skipping Lnet/minecraft/client/renderer/model/BlockPart$1;
[12:46:21] [main/DEBUG]: Transforming class Lnet/minecraft/client/renderer/model/BlockPart$Deserializer;
[12:46:21] [main/DEBUG]: Transforming net.minecraft.client.renderer.model.BlockPart$Deserializer METHOD <init>()V to access PUBLIC and LEAVE
[12:46:21] [main/DEBUG]: Skipping Lnet/minecraft/client/renderer/model/Variant$Deserializer;
[12:46:21] [main/DEBUG]: Transforming class Lnet/minecraft/client/renderer/model/BlockPartFace$Deserializer;
[12:46:21] [main/DEBUG]: Transforming net.minecraft.client.renderer.model.BlockPartFace$Deserializer METHOD <init>()V to access PUBLIC and LEAVE
[12:46:21] [main/DEBUG]: Skipping Lnet/minecraft/client/renderer/model/BlockModel$Deserializer;
[12:46:21] [main/DEBUG]: Skipping Lnet/minecraft/client/renderer/model/BlockModel$GuiLight;
[12:46:21] [main/DEBUG]: Skipping Lnet/minecraft/client/renderer/model/BakedQuad;
[12:46:21] [main/DEBUG]: Transforming class Lnet/minecraft/client/renderer/model/BlockModel;
[12:46:21] [main/DEBUG]: Transforming net.minecraft.client.renderer.model.BlockModel FIELD field_178322_i to access PUBLIC and LEAVE
[12:46:21] [main/DEBUG]: Transforming net.minecraft.client.renderer.model.BlockModel FIELD field_178318_c to access PUBLIC and LEAVE
[12:46:21] [main/DEBUG]: Transforming net.minecraft.client.renderer.model.BlockModel FIELD field_178315_d to access PUBLIC and LEAVE
[12:46:21] [main/DEBUG]: Skipping Lnet/minecraft/client/renderer/model/FaceBakery;
[12:46:21] [main/DEBUG]: Skipping Lnet/minecraft/client/renderer/model/ItemModelGenerator;
[12:46:21] [main/DEBUG]: Transforming class Lnet/minecraft/client/renderer/model/ItemOverrideList;
[12:46:21] [main/DEBUG]: Transforming net.minecraft.client.renderer.model.ItemOverrideList METHOD <init>()V to access PROTECTED and LEAVE
[12:46:21] [main/DEBUG]: Skipping Lnet/minecraft/client/renderer/model/ItemTransformVec3f;
[12:46:21] [main/DEBUG]: Skipping Lnet/minecraft/client/renderer/model/ItemCameraTransforms;
[12:46:21] [main/DEBUG]: Skipping Lnet/minecraft/client/renderer/model/VariantList;
[12:46:21] [main/DEBUG]: Skipping Lnet/minecraft/client/renderer/model/IBakedModel;
[12:46:21] [main/DEBUG]: Transforming class Lnet/minecraft/client/renderer/model/ModelBakery;
[12:46:21] [main/DEBUG]: Transforming net.minecraft.client.renderer.model.ModelBakery FIELD field_177602_b to access PROTECTED and LEAVE
[12:46:21] [main/DEBUG]: Transforming net.minecraft.client.renderer.model.ModelBakery FIELD field_177598_f to access PROTECTED and LEAVE
[12:46:21] [main/DEBUG]: Transforming net.minecraft.client.renderer.model.ModelBakery FIELD field_217853_J to access PRIVATE and REMOVEFINAL
[12:46:21] [main/DEBUG]: Transforming net.minecraft.client.renderer.model.ModelBakery METHOD func_177594_c(Lnet/minecraft/util/ResourceLocation;)Lnet/minecraft/client/renderer/model/BlockModel; to access PROTECTED and LEAVE
[12:46:21] [main/DEBUG]: Skipping Lnet/minecraft/client/renderer/model/ModelManager;
[12:46:21] [main/DEBUG]: Skipping Lnet/minecraft/client/renderer/model/ModelResourceLocation;
[12:46:21] [main/DEBUG]: Skipping Lnet/minecraft/client/renderer/model/IModelTransform;
[12:46:21] [main/DEBUG]: Skipping Lnet/minecraft/client/renderer/model/MultipartBakedModel;
[12:46:21] [main/DEBUG]: Skipping Lnet/minecraft/client/renderer/model/SimpleBakedModel;
[12:46:21] [main/DEBUG]: Skipping Lnet/minecraft/client/renderer/model/IUnbakedModel;
[12:46:21] [main/DEBUG]: Skipping Lnet/minecraft/client/renderer/model/WeightedBakedModel;
[12:46:21] [main/DEBUG]: Skipping Lnet/minecraft/client/renderer/model/FaceBakery$1;
[12:46:21] [main/DEBUG]: Skipping Lnet/minecraft/client/renderer/model/UVTransformationUtil;
[12:46:21] [main/DEBUG]: Skipping Lnet/minecraft/client/renderer/model/ItemModelGenerator$1;
[12:46:21] [main/DEBUG]: Skipping Lnet/minecraft/client/renderer/model/ItemModelGenerator$Span;
[12:46:21] [main/DEBUG]: Skipping Lnet/minecraft/client/renderer/model/ItemModelGenerator$SpanFacing;
[12:46:21] [main/DEBUG]: Skipping Lnet/minecraft/client/renderer/model/ModelBakery$BlockStateDefinitionException;
[12:46:21] [main/DEBUG]: Skipping Lnet/minecraft/client/renderer/model/ModelBakery$ModelListWrapper;
[12:46:21] [main/DEBUG]: Transforming class Lnet/minecraft/client/renderer/model/ItemTransformVec3f$Deserializer;
[12:46:21] [main/DEBUG]: Transforming net.minecraft.client.renderer.model.ItemTransformVec3f$Deserializer FIELD field_178362_a to access PUBLIC and LEAVE
[12:46:21] [main/DEBUG]: Transforming net.minecraft.client.renderer.model.ItemTransformVec3f$Deserializer FIELD field_178360_b to access PUBLIC and LEAVE
[12:46:21] [main/DEBUG]: Transforming net.minecraft.client.renderer.model.ItemTransformVec3f$Deserializer FIELD field_178361_c to access PUBLIC and LEAVE
[12:46:21] [main/DEBUG]: Transforming net.minecraft.client.renderer.model.ItemTransformVec3f$Deserializer METHOD <init>()V to access PUBLIC and LEAVE
[12:46:21] [main/DEBUG]: Skipping Lnet/minecraft/client/renderer/model/ItemCameraTransforms$1;
[12:46:21] [main/DEBUG]: Transforming class Lnet/minecraft/client/renderer/model/ItemCameraTransforms$Deserializer;
[12:46:21] [main/DEBUG]: Transforming net.minecraft.client.renderer.model.ItemCameraTransforms$Deserializer METHOD <init>()V to access PUBLIC and LEAVE
[12:46:21] [main/DEBUG]: Skipping Lnet/minecraft/client/renderer/model/ItemCameraTransforms$TransformType;
[12:46:21] [main/DEBUG]: Skipping Lnet/minecraft/client/renderer/model/MultipartBakedModel$Builder;
[12:46:21] [main/DEBUG]: Skipping Lnet/minecraft/client/renderer/model/VariantList$Deserializer;
[12:46:21] [main/DEBUG]: Skipping Lnet/minecraft/client/renderer/model/SimpleBakedModel$Builder;
[12:46:21] [main/DEBUG]: Skipping Lnet/minecraft/client/renderer/model/WeightedBakedModel$Builder;
[12:46:21] [main/DEBUG]: Skipping Lnet/minecraft/client/renderer/model/WeightedBakedModel$WeightedModel;
[12:46:21] [main/DEBUG]: Skipping Lnet/minecraft/client/particle/package-info;
[12:46:21] [main/DEBUG]: Skipping Lnet/minecraft/client/particle/WaterWakeParticle$1;
[12:46:21] [main/DEBUG]: Skipping Lnet/minecraft/client/particle/WaterWakeParticle$Factory;
[12:46:21] [main/DEBUG]: Skipping Lnet/minecraft/client/particle/DripParticle$1;
[12:46:21] [main/DEBUG]: Skipping Lnet/minecraft/client/particle/DripParticle$DrippingLava;
[12:46:21] [main/DEBUG]: Skipping Lnet/minecraft/client/particle/DripParticle$Dripping;
[12:46:21] [main/DEBUG]: Skipping Lnet/minecraft/client/particle/DripParticle$Landing;
[12:46:21] [main/DEBUG]: Skipping Lnet/minecraft/client/particle/DripParticle$FallingLiquidParticle;
[12:46:21] [main/DEBUG]: Skipping Lnet/minecraft/client/particle/DripParticle$FallingNectarParticle;
[12:46:21] [main/DEBUG]: Skipping Lnet/minecraft/client/particle/DripParticle$FallingHoneyParticle;
[12:46:21] [main/DEBUG]: Skipping Lnet/minecraft/client/particle/DripParticle$FallingHoneyFactory;
[12:46:21] [main/DEBUG]: Skipping Lnet/minecraft/client/particle/DripParticle$DrippingHoneyFactory;
[12:46:21] [main/DEBUG]: Skipping Lnet/minecraft/client/particle/DripParticle$LandingHoneyFactory;
[12:46:21] [main/DEBUG]: Skipping Lnet/minecraft/client/particle/DripParticle$FallingLavaFactory;
[12:46:21] [main/DEBUG]: Skipping Lnet/minecraft/client/particle/DripParticle$DrippingLavaFactory;
[12:46:21] [main/DEBUG]: Skipping Lnet/minecraft/client/particle/DripParticle$LandingLavaFactory;
[12:46:21] [main/DEBUG]: Skipping Lnet/minecraft/client/particle/DripParticle$FallingNectarFactory;
[12:46:21] [main/DEBUG]: Skipping Lnet/minecraft/client/particle/DripParticle$FallingObsidianTearFactory;
[12:46:21] [main/DEBUG]: Skipping Lnet/minecraft/client/particle/DripParticle$DrippingObsidianTearFactory;
[12:46:21] [main/DEBUG]: Skipping Lnet/minecraft/client/particle/DripParticle$LandingObsidianTearFactory;
[12:46:21] [main/DEBUG]: Skipping Lnet/minecraft/client/particle/DripParticle$FallingWaterFactory;
[12:46:21] [main/DEBUG]: Skipping Lnet/minecraft/client/particle/DripParticle$DrippingWaterFactory;
[12:46:21] [main/DEBUG]: Skipping Lnet/minecraft/client/particle/IParticleRenderType$1;
[12:46:21] [main/DEBUG]: Skipping Lnet/minecraft/client/particle/IParticleRenderType$2;
[12:46:21] [main/DEBUG]: Skipping Lnet/minecraft/client/particle/IParticleRenderType$3;
[12:46:21] [main/DEBUG]: Skipping Lnet/minecraft/client/particle/IParticleRenderType$4;
[12:46:21] [main/DEBUG]: Skipping Lnet/minecraft/client/particle/IParticleRenderType$5;
[12:46:21] [main/DEBUG]: Skipping Lnet/minecraft/client/particle/IParticleRenderType$6;
[12:46:21] [main/DEBUG]: Skipping Lnet/minecraft/client/particle/SquidInkParticle$1;
[12:46:21] [main/DEBUG]: Skipping Lnet/minecraft/client/particle/SquidInkParticle$Factory;
[12:46:21] [main/DEBUG]: Skipping Lnet/minecraft/client/particle/CurrentDownParticle$1;
[12:46:21] [main/DEBUG]: Skipping Lnet/minecraft/client/particle/CurrentDownParticle$Factory;
[12:46:21] [main/DEBUG]: Skipping Lnet/minecraft/client/particle/RedstoneParticle$1;
[12:46:21] [main/DEBUG]: Skipping Lnet/minecraft/client/particle/AshParticle;
[12:46:21] [main/DEBUG]: Skipping Lnet/minecraft/client/particle/SweepAttackParticle;
[12:46:21] [main/DEBUG]: Skipping Lnet/minecraft/client/particle/BarrierParticle;
[12:46:21] [main/DEBUG]: Skipping Lnet/minecraft/client/particle/RisingParticle;
[12:46:21] [main/DEBUG]: Skipping Lnet/minecraft/client/particle/BreakingParticle;
[12:46:21] [main/DEBUG]: Skipping Lnet/minecraft/client/particle/BubbleColumnUpParticle;
[12:46:21] [main/DEBUG]: Skipping Lnet/minecraft/client/particle/BubbleParticle;
[12:46:21] [main/DEBUG]: Skipping Lnet/minecraft/client/particle/BubblePopParticle;
[12:46:21] [main/DEBUG]: Skipping Lnet/minecraft/client/particle/CampfireParticle;
[12:46:21] [main/DEBUG]: Skipping Lnet/minecraft/client/particle/RedstoneParticle$Factory;
[12:46:21] [main/DEBUG]: Skipping Lnet/minecraft/client/particle/CritParticle;
[12:46:21] [main/DEBUG]: Skipping Lnet/minecraft/client/particle/DragonBreathParticle;
[12:46:21] [main/DEBUG]: Skipping Lnet/minecraft/client/particle/DripParticle;
[12:46:21] [main/DEBUG]: Skipping Lnet/minecraft/client/particle/RedstoneParticle;
[12:46:21] [main/DEBUG]: Skipping Lnet/minecraft/client/particle/EnchantmentTableParticle;
[12:46:21] [main/DEBUG]: Skipping Lnet/minecraft/client/particle/EndRodParticle;
[12:46:21] [main/DEBUG]: Skipping Lnet/minecraft/client/particle/PoofParticle;
[12:46:21] [main/DEBUG]: Skipping Lnet/minecraft/client/particle/FallingDustParticle;
[12:46:21] [main/DEBUG]: Skipping Lnet/minecraft/client/particle/FireworkParticle;
[12:46:21] [main/DEBUG]: Skipping Lnet/minecraft/client/particle/FlameParticle;
[12:46:21] [main/DEBUG]: Skipping Lnet/minecraft/client/particle/HeartParticle;
[12:46:21] [main/DEBUG]: Skipping Lnet/minecraft/client/particle/LargeExplosionParticle;
[12:46:21] [main/DEBUG]: Skipping Lnet/minecraft/client/particle/HugeExplosionParticle;
[12:46:21] [main/DEBUG]: Skipping Lnet/minecraft/client/particle/ItemPickupParticle;
[12:46:21] [main/DEBUG]: Skipping Lnet/minecraft/client/particle/LargeSmokeParticle;
[12:46:21] [main/DEBUG]: Skipping Lnet/minecraft/client/particle/LavaParticle;
[12:46:21] [main/DEBUG]: Skipping Lnet/minecraft/client/particle/MobAppearanceParticle;
[12:46:21] [main/DEBUG]: Skipping Lnet/minecraft/client/particle/MetaParticle;
[12:46:21] [main/DEBUG]: Skipping Lnet/minecraft/client/particle/NoteParticle;
[12:46:21] [main/DEBUG]: Skipping Lnet/minecraft/client/particle/TexturesParticle;
[12:46:21] [main/DEBUG]: Skipping Lnet/minecraft/client/particle/IParticleFactory;
[12:46:21] [main/DEBUG]: Skipping Lnet/minecraft/client/particle/IParticleRenderType;
[12:46:21] [main/DEBUG]: Skipping Lnet/minecraft/client/particle/CloudParticle;
[12:46:21] [main/DEBUG]: Skipping Lnet/minecraft/client/particle/PortalParticle;
[12:46:21] [main/DEBUG]: Skipping Lnet/minecraft/client/particle/ReversePortalParticle;
[12:46:21] [main/DEBUG]: Skipping Lnet/minecraft/client/particle/DeceleratingParticle;
[12:46:21] [main/DEBUG]: Skipping Lnet/minecraft/client/particle/SimpleAnimatedParticle;
[12:46:21] [main/DEBUG]: Skipping Lnet/minecraft/client/particle/TexturedParticle;
[12:46:21] [main/DEBUG]: Skipping Lnet/minecraft/client/particle/SmokeParticle;
[12:46:21] [main/DEBUG]: Skipping Lnet/minecraft/client/particle/SoulParticle;
[12:46:21] [main/DEBUG]: Skipping Lnet/minecraft/client/particle/SpellParticle;
[12:46:21] [main/DEBUG]: Skipping Lnet/minecraft/client/particle/SpitParticle;
[12:46:21] [main/DEBUG]: Skipping Lnet/minecraft/client/particle/SplashParticle;
[12:46:21] [main/DEBUG]: Skipping Lnet/minecraft/client/particle/IAnimatedSprite;
[12:46:21] [main/DEBUG]: Skipping Lnet/minecraft/client/particle/SquidInkParticle;
[12:46:21] [main/DEBUG]: Skipping Lnet/minecraft/client/particle/UnderwaterParticle;
[12:46:21] [main/DEBUG]: Skipping Lnet/minecraft/client/particle/SuspendedTownParticle;
[12:46:21] [main/DEBUG]: Skipping Lnet/minecraft/client/particle/SpriteTexturedParticle;
[12:46:21] [main/DEBUG]: Skipping Lnet/minecraft/client/particle/TotemOfUndyingParticle;
[12:46:21] [main/DEBUG]: Skipping Lnet/minecraft/client/particle/EmitterParticle;
[12:46:21] [main/DEBUG]: Skipping Lnet/minecraft/client/particle/WaterWakeParticle;
[12:46:21] [main/DEBUG]: Skipping Lnet/minecraft/client/particle/CurrentDownParticle;
[12:46:21] [main/DEBUG]: Skipping Lnet/minecraft/client/particle/RainParticle;
[12:46:21] [main/DEBUG]: Skipping Lnet/minecraft/client/particle/WhiteAshParticle;
[12:46:21] [main/DEBUG]: Skipping Lnet/minecraft/client/particle/CloudParticle$1;
[12:46:21] [main/DEBUG]: Skipping Lnet/minecraft/client/particle/CloudParticle$Factory;
[12:46:21] [main/DEBUG]: Skipping Lnet/minecraft/client/particle/CloudParticle$SneezeFactory;
[12:46:21] [main/DEBUG]: Skipping Lnet/minecraft/client/particle/UnderwaterParticle$1;
[12:46:21] [main/DEBUG]: Skipping Lnet/minecraft/client/particle/UnderwaterParticle$CrimsonSporeFactory;
[12:46:21] [main/DEBUG]: Skipping Lnet/minecraft/client/particle/UnderwaterParticle$UnderwaterFactory;
[12:46:21] [main/DEBUG]: Skipping Lnet/minecraft/client/particle/UnderwaterParticle$WarpedSporeFactory;
[12:46:21] [main/DEBUG]: Skipping Lnet/minecraft/client/particle/AshParticle$Factory;
[12:46:21] [main/DEBUG]: Skipping Lnet/minecraft/client/particle/RainParticle$Factory;
[12:46:21] [main/DEBUG]: Skipping Lnet/minecraft/client/particle/EnchantmentTableParticle$1;
[12:46:21] [main/DEBUG]: Skipping Lnet/minecraft/client/particle/EnchantmentTableParticle$NautilusFactory;
[12:46:21] [main/DEBUG]: Skipping Lnet/minecraft/client/particle/EnchantmentTableParticle$EnchantmentTable;
[12:46:21] [main/DEBUG]: Skipping Lnet/minecraft/client/particle/PortalParticle$Factory;
[12:46:21] [main/DEBUG]: Skipping Lnet/minecraft/client/particle/SuspendedTownParticle$1;
[12:46:21] [main/DEBUG]: Skipping Lnet/minecraft/client/particle/SuspendedTownParticle$ComposterFactory;
[12:46:21] [main/DEBUG]: Skipping Lnet/minecraft/client/particle/SuspendedTownParticle$DolphinSpeedFactory;
[12:46:21] [main/DEBUG]: Skipping Lnet/minecraft/client/particle/SuspendedTownParticle$HappyVillagerFactory;
[12:46:21] [main/DEBUG]: Skipping Lnet/minecraft/client/particle/SuspendedTownParticle$Factory;
[12:46:21] [main/DEBUG]: Skipping Lnet/minecraft/client/particle/SweepAttackParticle$1;
[12:46:21] [main/DEBUG]: Skipping Lnet/minecraft/client/particle/SweepAttackParticle$Factory;
[12:46:21] [main/DEBUG]: Skipping Lnet/minecraft/client/particle/WhiteAshParticle$Factory;
[12:46:21] [main/DEBUG]: Skipping Lnet/minecraft/client/particle/EndRodParticle$1;
[12:46:21] [main/DEBUG]: Skipping Lnet/minecraft/client/particle/EndRodParticle$Factory;
[12:46:21] [main/DEBUG]: Skipping Lnet/minecraft/client/particle/ReversePortalParticle$1;
[12:46:21] [main/DEBUG]: Skipping Lnet/minecraft/client/particle/ReversePortalParticle$Factory;
[12:46:21] [main/DEBUG]: Skipping Lnet/minecraft/client/particle/BarrierParticle$1;
[12:46:21] [main/DEBUG]: Skipping Lnet/minecraft/client/particle/BarrierParticle$Factory;
[12:46:21] [main/DEBUG]: Skipping Lnet/minecraft/client/particle/PoofParticle$Factory;
[12:46:21] [main/DEBUG]: Skipping Lnet/minecraft/client/particle/LargeSmokeParticle$Factory;
[12:46:21] [main/DEBUG]: Skipping Lnet/minecraft/client/particle/FallingDustParticle$1;
[12:46:21] [main/DEBUG]: Skipping Lnet/minecraft/client/particle/FallingDustParticle$Factory;
[12:46:21] [main/DEBUG]: Skipping Lnet/minecraft/client/particle/LavaParticle$1;
[12:46:21] [main/DEBUG]: Skipping Lnet/minecraft/client/particle/LavaParticle$Factory;
[12:46:21] [main/DEBUG]: Skipping Lnet/minecraft/client/particle/BreakingParticle$1;
[12:46:21] [main/DEBUG]: Skipping Lnet/minecraft/client/particle/BreakingParticle$Factory;
[12:46:21] [main/DEBUG]: Skipping Lnet/minecraft/client/particle/BreakingParticle$SlimeFactory;
[12:46:21] [main/DEBUG]: Skipping Lnet/minecraft/client/particle/BreakingParticle$SnowballFactory;
[12:46:21] [main/DEBUG]: Skipping Lnet/minecraft/client/particle/FireworkParticle$1;
[12:46:21] [main/DEBUG]: Skipping Lnet/minecraft/client/particle/FireworkParticle$OverlayFactory;
[12:46:21] [main/DEBUG]: Skipping Lnet/minecraft/client/particle/FireworkParticle$Overlay;
[12:46:21] [main/DEBUG]: Skipping Lnet/minecraft/client/particle/FireworkParticle$Spark;
[12:46:21] [main/DEBUG]: Skipping Lnet/minecraft/client/particle/FireworkParticle$SparkFactory;
[12:46:21] [main/DEBUG]: Skipping Lnet/minecraft/client/particle/FireworkParticle$Starter;
[12:46:21] [main/DEBUG]: Skipping Lnet/minecraft/client/particle/MobAppearanceParticle$1;
[12:46:21] [main/DEBUG]: Skipping Lnet/minecraft/client/particle/MobAppearanceParticle$Factory;
[12:46:21] [main/DEBUG]: Skipping Lnet/minecraft/client/particle/BubbleColumnUpParticle$1;
[12:46:21] [main/DEBUG]: Skipping Lnet/minecraft/client/particle/BubbleColumnUpParticle$Factory;
[12:46:21] [main/DEBUG]: Skipping Lnet/minecraft/client/particle/FlameParticle$1;
[12:46:21] [main/DEBUG]: Skipping Lnet/minecraft/client/particle/FlameParticle$Factory;
[12:46:21] [main/DEBUG]: Skipping Lnet/minecraft/client/particle/SmokeParticle$Factory;
[12:46:21] [main/DEBUG]: Skipping Lnet/minecraft/client/particle/BubbleParticle$1;
[12:46:21] [main/DEBUG]: Skipping Lnet/minecraft/client/particle/BubbleParticle$Factory;
[12:46:21] [main/DEBUG]: Skipping Lnet/minecraft/client/particle/HeartParticle$1;
[12:46:21] [main/DEBUG]: Skipping Lnet/minecraft/client/particle/HeartParticle$AngryVillagerFactory;
[12:46:21] [main/DEBUG]: Skipping Lnet/minecraft/client/particle/HeartParticle$Factory;
[12:46:21] [main/DEBUG]: Skipping Lnet/minecraft/client/particle/NoteParticle$1;
[12:46:21] [main/DEBUG]: Skipping Lnet/minecraft/client/particle/NoteParticle$Factory;
[12:46:21] [main/DEBUG]: Skipping Lnet/minecraft/client/particle/SoulParticle$1;
[12:46:21] [main/DEBUG]: Skipping Lnet/minecraft/client/particle/SoulParticle$Factory;
[12:46:21] [main/DEBUG]: Skipping Lnet/minecraft/client/particle/BubblePopParticle$1;
[12:46:21] [main/DEBUG]: Skipping Lnet/minecraft/client/particle/BubblePopParticle$Factory;
[12:46:21] [main/DEBUG]: Skipping Lnet/minecraft/client/particle/LargeExplosionParticle$1;
[12:46:21] [main/DEBUG]: Skipping Lnet/minecraft/client/particle/LargeExplosionParticle$Factory;
[12:46:21] [main/DEBUG]: Skipping Lnet/minecraft/client/particle/SpellParticle$1;
[12:46:21] [main/DEBUG]: Skipping Lnet/minecraft/client/particle/SpellParticle$AmbientMobFactory;
[12:46:21] [main/DEBUG]: Skipping Lnet/minecraft/client/particle/SpellParticle$InstantFactory;
[12:46:21] [main/DEBUG]: Skipping Lnet/minecraft/client/particle/SpellParticle$MobFactory;
[12:46:21] [main/DEBUG]: Skipping Lnet/minecraft/client/particle/SpellParticle$Factory;
[12:46:21] [main/DEBUG]: Skipping Lnet/minecraft/client/particle/SpellParticle$WitchFactory;
[12:46:21] [main/DEBUG]: Skipping Lnet/minecraft/client/particle/CampfireParticle$1;
[12:46:21] [main/DEBUG]: Skipping Lnet/minecraft/client/particle/CampfireParticle$CozySmokeFactory;
[12:46:21] [main/DEBUG]: Skipping Lnet/minecraft/client/particle/CampfireParticle$SignalSmokeFactory;
[12:46:21] [main/DEBUG]: Skipping Lnet/minecraft/client/particle/HugeExplosionParticle$1;
[12:46:21] [main/DEBUG]: Skipping Lnet/minecraft/client/particle/HugeExplosionParticle$Factory;
[12:46:21] [main/DEBUG]: Skipping Lnet/minecraft/client/particle/SpitParticle$1;
[12:46:21] [main/DEBUG]: Skipping Lnet/minecraft/client/particle/SpitParticle$Factory;
[12:46:21] [main/DEBUG]: Skipping Lnet/minecraft/client/particle/TotemOfUndyingParticle$1;
[12:46:21] [main/DEBUG]: Skipping Lnet/minecraft/client/particle/TotemOfUndyingParticle$Factory;
[12:46:21] [main/DEBUG]: Skipping Lnet/minecraft/client/particle/CritParticle$1;
[12:46:21] [main/DEBUG]: Skipping Lnet/minecraft/client/particle/CritParticle$DamageIndicatorFactory;
[12:46:21] [main/DEBUG]: Skipping Lnet/minecraft/client/particle/CritParticle$MagicFactory;
[12:46:21] [main/DEBUG]: Skipping Lnet/minecraft/client/particle/CritParticle$Factory;
[12:46:21] [main/DEBUG]: Skipping Lnet/minecraft/client/particle/SplashParticle$1;
[12:46:21] [main/DEBUG]: Skipping Lnet/minecraft/client/particle/SplashParticle$Factory;
[12:46:21] [main/DEBUG]: Skipping Lnet/minecraft/client/particle/DragonBreathParticle$1;
[12:46:21] [main/DEBUG]: Skipping Lnet/minecraft/client/particle/DragonBreathParticle$Factory;
[12:46:21] [main/DEBUG]: Skipping Lnet/minecraft/client/particle/Particle;
[12:46:21] [main/DEBUG]: Transforming class Lnet/minecraft/client/particle/ParticleManager;
[12:46:21] [main/DEBUG]: Transforming net.minecraft.client.particle.ParticleManager INNERCLASS IParticleMetaFactory to access PUBLIC and LEAVE
[12:46:21] [main/DEBUG]: Transforming net.minecraft.client.particle.ParticleManager METHOD func_199283_a(Lnet/minecraft/particles/ParticleType;Lnet/minecraft/client/particle/IParticleFactory;)V to access PUBLIC and LEAVE
[12:46:21] [main/DEBUG]: Transforming net.minecraft.client.particle.ParticleManager METHOD func_215234_a(Lnet/minecraft/particles/ParticleType;Lnet/minecraft/client/particle/ParticleManager$IParticleMetaFactory;)V to access PUBLIC and LEAVE
[12:46:21] [main/DEBUG]: Skipping Lnet/minecraft/client/particle/DiggingParticle;
[12:46:21] [main/DEBUG]: Skipping Lnet/minecraft/client/particle/DiggingParticle$Factory;
[12:46:21] [main/DEBUG]: Skipping Lnet/minecraft/client/particle/ParticleManager$1;
[12:46:21] [main/DEBUG]: Skipping Lnet/minecraft/client/particle/ParticleManager$AnimatedSpriteImpl;
[12:46:21] [main/DEBUG]: Transforming class Lnet/minecraft/client/particle/ParticleManager$IParticleMetaFactory;
[12:46:21] [main/DEBUG]: Transforming net.minecraft.client.particle.ParticleManager$IParticleMetaFactory CLASS to access PUBLIC and LEAVE
[12:46:21] [main/DEBUG]: Skipping Lnet/minecraft/client/world/package-info;
[12:46:21] [main/DEBUG]: Skipping Lnet/minecraft/client/world/ClientWorld;
[12:46:21] [main/DEBUG]: Skipping Lnet/minecraft/client/world/DimensionRenderInfo;
[12:46:21] [main/DEBUG]: Skipping Lnet/minecraft/client/world/DimensionRenderInfo$End;
[12:46:21] [main/DEBUG]: Skipping Lnet/minecraft/client/world/DimensionRenderInfo$Nether;
[12:46:21] [main/DEBUG]: Skipping Lnet/minecraft/client/world/DimensionRenderInfo$Overworld;
[12:46:21] [main/DEBUG]: Skipping Lnet/minecraft/client/world/DimensionRenderInfo$FogType;
[12:46:21] [main/DEBUG]: Skipping Lnet/minecraft/client/world/ClientWorld$1;
[12:46:21] [main/DEBUG]: Skipping Lnet/minecraft/client/world/ClientWorld$ClientWorldInfo;
[12:46:21] [main/DEBUG]: Skipping Lnet/minecraft/client/network/package-info;
[12:46:21] [main/DEBUG]: Skipping Lnet/minecraft/client/network/LanServerInfo;
[12:46:21] [main/DEBUG]: Skipping Lnet/minecraft/client/network/LanServerDetector;
[12:46:21] [main/DEBUG]: Skipping Lnet/minecraft/client/network/status/package-info;
[12:46:21] [main/DEBUG]: Skipping Lnet/minecraft/client/network/status/IClientStatusNetHandler;
[12:46:21] [main/DEBUG]: Skipping Lnet/minecraft/client/network/LanServerDetector$LanServerFindThread;
[12:46:21] [main/DEBUG]: Skipping Lnet/minecraft/client/network/LanServerDetector$LanServerList;
[12:46:21] [main/DEBUG]: Skipping Lnet/minecraft/client/network/login/package-info;
[12:46:21] [main/DEBUG]: Skipping Lnet/minecraft/client/network/login/IClientLoginNetHandler;
[12:46:21] [main/DEBUG]: Skipping Lnet/minecraft/client/network/login/ClientLoginNetHandler;
[12:46:21] [main/DEBUG]: Skipping Lnet/minecraft/client/network/play/package-info;
[12:46:21] [main/DEBUG]: Skipping Lnet/minecraft/client/network/play/IClientPlayNetHandler;
[12:46:21] [main/DEBUG]: Skipping Lnet/minecraft/client/network/play/ClientPlayNetHandler$1;
[12:46:21] [main/DEBUG]: Skipping Lnet/minecraft/client/network/play/ClientPlayNetHandler;
[12:46:21] [main/DEBUG]: Skipping Lnet/minecraft/client/network/play/NetworkPlayerInfo;
[12:46:21] [main/DEBUG]: Skipping Lnet/minecraft/client/network/ServerPinger;
[12:46:21] [main/DEBUG]: Skipping Lnet/minecraft/client/network/ServerPinger$2$1;
[12:46:21] [main/DEBUG]: Skipping Lnet/minecraft/client/network/handshake/package-info;
[12:46:21] [main/DEBUG]: Skipping Lnet/minecraft/client/network/handshake/ClientHandshakeNetHandler;
[12:46:21] [main/DEBUG]: Skipping Lnet/minecraft/client/network/ServerPinger$1;
[12:46:21] [main/DEBUG]: Skipping Lnet/minecraft/client/network/ServerPinger$2;
[12:46:21] [main/DEBUG]: Skipping Lnet/minecraft/client/gui/package-info;
[12:46:21] [main/DEBUG]: Skipping Lnet/minecraft/client/gui/ChatLine;
[12:46:21] [main/DEBUG]: Skipping Lnet/minecraft/client/gui/FontRenderer;
[12:46:21] [main/DEBUG]: Skipping Lnet/minecraft/client/gui/AbstractGui;
[12:46:21] [main/DEBUG]: Skipping Lnet/minecraft/client/gui/chat/package-info;
[12:46:21] [main/DEBUG]: Skipping Lnet/minecraft/client/gui/chat/IChatListener;
[12:46:21] [main/DEBUG]: Skipping Lnet/minecraft/client/gui/chat/NarratorChatListener;
[12:46:21] [main/DEBUG]: Skipping Lnet/minecraft/client/gui/chat/OverlayChatListener;
[12:46:21] [main/DEBUG]: Skipping Lnet/minecraft/client/gui/chat/NormalChatListener;
[12:46:21] [main/DEBUG]: Skipping Lnet/minecraft/client/gui/NewChatGui;
[12:46:21] [main/DEBUG]: Skipping Lnet/minecraft/client/gui/CommandSuggestionHelper;
[12:46:21] [main/DEBUG]: Skipping Lnet/minecraft/client/gui/RenderComponentsUtil;
[12:46:21] [main/DEBUG]: Skipping Lnet/minecraft/client/gui/ClientBossInfo;
[12:46:21] [main/DEBUG]: Skipping Lnet/minecraft/client/gui/IBidiRenderer;
[12:46:21] [main/DEBUG]: Skipping Lnet/minecraft/client/gui/IBidiTooltip;
[12:46:21] [main/DEBUG]: Skipping Lnet/minecraft/client/gui/IRenderable;
[12:46:21] [main/DEBUG]: Skipping Lnet/minecraft/client/gui/FocusableGui;
[12:46:21] [main/DEBUG]: Skipping Lnet/minecraft/client/gui/INestedGuiEventHandler;
[12:46:21] [main/DEBUG]: Skipping Lnet/minecraft/client/gui/IGuiEventListener;
[12:46:21] [main/DEBUG]: Skipping Lnet/minecraft/client/gui/SpectatorGui;
[12:46:21] [main/DEBUG]: Skipping Lnet/minecraft/client/gui/AccessibilityScreen;
[12:46:21] [main/DEBUG]: Skipping Lnet/minecraft/client/gui/LoadingGui;
[12:46:21] [main/DEBUG]: Skipping Lnet/minecraft/client/gui/IProgressMeter;
[12:46:21] [main/DEBUG]: Skipping Lnet/minecraft/client/gui/IHasContainer;
[12:46:21] [main/DEBUG]: Skipping Lnet/minecraft/client/gui/ClientBossInfo$1;
[12:46:21] [main/DEBUG]: Skipping Lnet/minecraft/client/gui/DialogTexts;
[12:46:21] [main/DEBUG]: Skipping Lnet/minecraft/client/gui/IBidiRenderer$1;
[12:46:21] [main/DEBUG]: Skipping Lnet/minecraft/client/gui/IBidiRenderer$2;
[12:46:21] [main/DEBUG]: Skipping Lnet/minecraft/client/gui/IBidiRenderer$Entry;
[12:46:21] [main/DEBUG]: Skipping Lnet/minecraft/client/gui/spectator/package-info;
[12:46:21] [main/DEBUG]: Skipping Lnet/minecraft/client/gui/spectator/SpectatorMenu$1;
[12:46:21] [main/DEBUG]: Skipping Lnet/minecraft/client/gui/spectator/SpectatorMenu$EndSpectatorObject;
[12:46:21] [main/DEBUG]: Skipping Lnet/minecraft/client/gui/spectator/SpectatorMenu$MoveMenuObject;
[12:46:21] [main/DEBUG]: Skipping Lnet/minecraft/client/gui/spectator/PlayerMenuObject;
[12:46:21] [main/DEBUG]: Skipping Lnet/minecraft/client/gui/spectator/BaseSpectatorGroup;
[12:46:21] [main/DEBUG]: Skipping Lnet/minecraft/client/gui/spectator/SpectatorMenu;
[12:46:21] [main/DEBUG]: Skipping Lnet/minecraft/client/gui/spectator/ISpectatorMenuView;
[12:46:21] [main/DEBUG]: Skipping Lnet/minecraft/client/gui/spectator/ISpectatorMenuObject;
[12:46:21] [main/DEBUG]: Skipping Lnet/minecraft/client/gui/spectator/ISpectatorMenuRecipient;
[12:46:21] [main/DEBUG]: Skipping Lnet/minecraft/client/gui/spectator/categories/package-info;
[12:46:21] [main/DEBUG]: Skipping Lnet/minecraft/client/gui/spectator/categories/SpectatorDetails;
[12:46:21] [main/DEBUG]: Skipping Lnet/minecraft/client/gui/spectator/categories/TeleportToPlayer;
[12:46:21] [main/DEBUG]: Skipping Lnet/minecraft/client/gui/spectator/categories/TeleportToTeam;
[12:46:21] [main/DEBUG]: Skipping Lnet/minecraft/client/gui/spectator/categories/TeleportToTeam$TeamSelectionObject;
[12:46:21] [main/DEBUG]: Skipping Lnet/minecraft/client/gui/toasts/package-info;
[12:46:21] [main/DEBUG]: Skipping Lnet/minecraft/client/gui/toasts/AdvancementToast;
[12:46:21] [main/DEBUG]: Skipping Lnet/minecraft/client/gui/toasts/RecipeToast;
[12:46:21] [main/DEBUG]: Skipping Lnet/minecraft/client/gui/toasts/SystemToast;
[12:46:21] [main/DEBUG]: Skipping Lnet/minecraft/client/gui/toasts/IToast;
[12:46:21] [main/DEBUG]: Skipping Lnet/minecraft/client/gui/toasts/ToastGui;
[12:46:21] [main/DEBUG]: Skipping Lnet/minecraft/client/gui/toasts/TutorialToast;
[12:46:21] [main/DEBUG]: Skipping Lnet/minecraft/client/gui/toasts/SystemToast$Type;
[12:46:21] [main/DEBUG]: Skipping Lnet/minecraft/client/gui/toasts/IToast$Visibility;
[12:46:21] [main/DEBUG]: Skipping Lnet/minecraft/client/gui/toasts/ToastGui$1;
[12:46:21] [main/DEBUG]: Skipping Lnet/minecraft/client/gui/toasts/ToastGui$ToastInstance;
[12:46:21] [main/DEBUG]: Skipping Lnet/minecraft/client/gui/toasts/TutorialToast$Icons;
[12:46:21] [main/DEBUG]: Skipping Lnet/minecraft/client/gui/CommandSuggestionHelper$1;
[12:46:21] [main/DEBUG]: Skipping Lnet/minecraft/client/gui/CommandSuggestionHelper$Suggestions;
[12:46:21] [main/DEBUG]: Skipping Lnet/minecraft/client/gui/fonts/package-info;
[12:46:21] [main/DEBUG]: Skipping Lnet/minecraft/client/gui/fonts/FontTexture$1;
[12:46:21] [main/DEBUG]: Skipping Lnet/minecraft/client/gui/fonts/FontTexture$Entry;
[12:46:21] [main/DEBUG]: Skipping Lnet/minecraft/client/gui/fonts/IGlyph;
[12:46:21] [main/DEBUG]: Skipping Lnet/minecraft/client/gui/fonts/IGlyphInfo;
[12:46:21] [main/DEBUG]: Skipping Lnet/minecraft/client/gui/fonts/FontResourceManager;
[12:46:21] [main/DEBUG]: Skipping Lnet/minecraft/client/gui/fonts/Font;
[12:46:21] [main/DEBUG]: Skipping Lnet/minecraft/client/gui/fonts/FontTexture;
[12:46:21] [main/DEBUG]: Skipping Lnet/minecraft/client/gui/fonts/TextInputUtil;
[12:46:21] [main/DEBUG]: Skipping Lnet/minecraft/client/gui/fonts/TexturedGlyph;
[12:46:21] [main/DEBUG]: Skipping Lnet/minecraft/client/gui/fonts/EmptyGlyph;
[12:46:21] [main/DEBUG]: Skipping Lnet/minecraft/client/gui/fonts/DefaultGlyph;
[12:46:21] [main/DEBUG]: Skipping Lnet/minecraft/client/gui/fonts/WhiteGlyph;
[12:46:21] [main/DEBUG]: Skipping Lnet/minecraft/client/gui/fonts/TexturedGlyph$Effect;
[12:46:21] [main/DEBUG]: Skipping Lnet/minecraft/client/gui/fonts/providers/package-info;
[12:46:21] [main/DEBUG]: Skipping Lnet/minecraft/client/gui/fonts/providers/TextureGlyphProvider$1;
[12:46:21] [main/DEBUG]: Skipping Lnet/minecraft/client/gui/fonts/providers/TextureGlyphProvider$Factory;
[12:46:21] [main/DEBUG]: Skipping Lnet/minecraft/client/gui/fonts/providers/TextureGlyphProvider$GlyphInfo;
[12:46:21] [main/DEBUG]: Skipping Lnet/minecraft/client/gui/fonts/providers/TrueTypeGlyphProvider$1;
[12:46:21] [main/DEBUG]: Skipping Lnet/minecraft/client/gui/fonts/providers/TrueTypeGlyphProvider$GlpyhInfo;
[12:46:21] [main/DEBUG]: Skipping Lnet/minecraft/client/gui/fonts/providers/IGlyphProvider;
[12:46:21] [main/DEBUG]: Skipping Lnet/minecraft/client/gui/fonts/providers/TrueTypeGlyphProvider;
[12:46:21] [main/DEBUG]: Skipping Lnet/minecraft/client/gui/fonts/providers/DefaultGlyphProvider;
[12:46:21] [main/DEBUG]: Skipping Lnet/minecraft/client/gui/fonts/providers/TextureGlyphProvider;
[12:46:21] [main/DEBUG]: Skipping Lnet/minecraft/client/gui/fonts/providers/IGlyphProviderFactory;
[12:46:21] [main/DEBUG]: Skipping Lnet/minecraft/client/gui/fonts/providers/GlyphProviderTypes;
[12:46:21] [main/DEBUG]: Skipping Lnet/minecraft/client/gui/fonts/providers/UnicodeTextureGlyphProvider;
[12:46:21] [main/DEBUG]: Skipping Lnet/minecraft/client/gui/fonts/providers/TrueTypeGlyphProviderFactory;
[12:46:21] [main/DEBUG]: Skipping Lnet/minecraft/client/gui/fonts/providers/UnicodeTextureGlyphProvider$1;
[12:46:21] [main/DEBUG]: Skipping Lnet/minecraft/client/gui/fonts/providers/UnicodeTextureGlyphProvider$Factory;
[12:46:21] [main/DEBUG]: Skipping Lnet/minecraft/client/gui/fonts/providers/UnicodeTextureGlyphProvider$GlpyhInfo;
[12:46:21] [main/DEBUG]: Skipping Lnet/minecraft/client/gui/fonts/FontResourceManager$1;
[12:46:21] [main/DEBUG]: Skipping Lnet/minecraft/client/gui/social/package-info;
[12:46:21] [main/DEBUG]: Skipping Lnet/minecraft/client/gui/social/FilterListEntry;
[12:46:21] [main/DEBUG]: Skipping Lnet/minecraft/client/gui/social/FilterManager;
[12:46:21] [main/DEBUG]: Skipping Lnet/minecraft/client/gui/social/FilterList;
[12:46:21] [main/DEBUG]: Skipping Lnet/minecraft/client/gui/social/SocialInteractionsScreen;
[12:46:21] [main/DEBUG]: Skipping Lnet/minecraft/client/gui/social/FilterListEntry$1;
[12:46:21] [main/DEBUG]: Skipping Lnet/minecraft/client/gui/social/FilterListEntry$2;
[12:46:21] [main/DEBUG]: Skipping Lnet/minecraft/client/gui/social/SocialInteractionsScreen$1;
[12:46:21] [main/DEBUG]: Skipping Lnet/minecraft/client/gui/social/SocialInteractionsScreen$2;
[12:46:21] [main/DEBUG]: Skipping Lnet/minecraft/client/gui/social/SocialInteractionsScreen$Mode;
[12:46:21] [main/DEBUG]: Skipping Lnet/minecraft/client/gui/FontRenderer$CharacterRenderer;
[12:46:21] [main/DEBUG]: Transforming class Lnet/minecraft/client/gui/IngameGui;
[12:46:21] [main/DEBUG]: Transforming net.minecraft.client.gui.IngameGui FIELD field_110329_b to access PROTECTED and LEAVE
[12:46:21] [main/DEBUG]: Transforming net.minecraft.client.gui.IngameGui FIELD field_110330_c to access PROTECTED and LEAVE
[12:46:21] [main/DEBUG]: Transforming net.minecraft.client.gui.IngameGui FIELD field_110328_d to access PROTECTED and LEAVE
[12:46:21] [main/DEBUG]: Transforming net.minecraft.client.gui.IngameGui FIELD field_243249_e to access PROTECTED and LEAVE
[12:46:21] [main/DEBUG]: Transforming net.minecraft.client.gui.IngameGui FIELD field_73842_c to access PROTECTED and LEAVE
[12:46:21] [main/DEBUG]: Transforming net.minecraft.client.gui.IngameGui FIELD field_73839_d to access PROTECTED and LEAVE
[12:46:21] [main/DEBUG]: Transforming net.minecraft.client.gui.IngameGui FIELD field_73841_b to access PROTECTED and LEAVE
[12:46:21] [main/DEBUG]: Transforming net.minecraft.client.gui.IngameGui FIELD field_73840_e to access PROTECTED and LEAVE
[12:46:21] [main/DEBUG]: Transforming net.minecraft.client.gui.IngameGui FIELD field_73837_f to access PROTECTED and LEAVE
[12:46:21] [main/DEBUG]: Transforming net.minecraft.client.gui.IngameGui FIELD field_73838_g to access PROTECTED and LEAVE
[12:46:21] [main/DEBUG]: Transforming net.minecraft.client.gui.IngameGui FIELD field_73845_h to access PROTECTED and LEAVE
[12:46:21] [main/DEBUG]: Transforming net.minecraft.client.gui.IngameGui FIELD field_73844_j to access PROTECTED and LEAVE
[12:46:21] [main/DEBUG]: Transforming net.minecraft.client.gui.IngameGui FIELD field_92017_k to access PROTECTED and LEAVE
[12:46:21] [main/DEBUG]: Transforming net.minecraft.client.gui.IngameGui FIELD field_92016_l to access PROTECTED and LEAVE
[12:46:21] [main/DEBUG]: Transforming net.minecraft.client.gui.IngameGui FIELD field_175198_t to access PROTECTED and LEAVE
[12:46:21] [main/DEBUG]: Transforming net.minecraft.client.gui.IngameGui FIELD field_184049_t to access PROTECTED and LEAVE
[12:46:21] [main/DEBUG]: Transforming net.minecraft.client.gui.IngameGui FIELD field_175197_u to access PROTECTED and LEAVE
[12:46:21] [main/DEBUG]: Transforming net.minecraft.client.gui.IngameGui FIELD field_175196_v to access PROTECTED and LEAVE
[12:46:21] [main/DEBUG]: Transforming net.minecraft.client.gui.IngameGui FIELD field_184050_w to access PROTECTED and LEAVE
[12:46:21] [main/DEBUG]: Transforming net.minecraft.client.gui.IngameGui FIELD field_175195_w to access PROTECTED and LEAVE
[12:46:21] [main/DEBUG]: Transforming net.minecraft.client.gui.IngameGui FIELD field_175201_x to access PROTECTED and LEAVE
[12:46:21] [main/DEBUG]: Transforming net.minecraft.client.gui.IngameGui FIELD field_175200_y to access PROTECTED and LEAVE
[12:46:21] [main/DEBUG]: Transforming net.minecraft.client.gui.IngameGui FIELD field_175199_z to access PROTECTED and LEAVE
[12:46:21] [main/DEBUG]: Transforming net.minecraft.client.gui.IngameGui FIELD field_175192_A to access PROTECTED and LEAVE
[12:46:21] [main/DEBUG]: Transforming net.minecraft.client.gui.IngameGui FIELD field_175193_B to access PROTECTED and LEAVE
[12:46:21] [main/DEBUG]: Transforming net.minecraft.client.gui.IngameGui FIELD field_175194_C to access PROTECTED and LEAVE
[12:46:21] [main/DEBUG]: Transforming net.minecraft.client.gui.IngameGui FIELD field_175189_D to access PROTECTED and LEAVE
[12:46:21] [main/DEBUG]: Transforming net.minecraft.client.gui.IngameGui FIELD field_175190_E to access PROTECTED and LEAVE
[12:46:21] [main/DEBUG]: Transforming net.minecraft.client.gui.IngameGui FIELD field_175191_F to access PROTECTED and LEAVE
[12:46:21] [main/DEBUG]: Transforming net.minecraft.client.gui.IngameGui FIELD field_194811_H to access PROTECTED and LEAVE
[12:46:21] [main/DEBUG]: Transforming net.minecraft.client.gui.IngameGui FIELD field_194812_I to access PROTECTED and LEAVE
[12:46:21] [main/DEBUG]: Transforming net.minecraft.client.gui.IngameGui FIELD field_191743_I to access PROTECTED and LEAVE
[12:46:21] [main/DEBUG]: Transforming net.minecraft.client.gui.IngameGui METHOD func_238448_a_(Lcom/mojang/blaze3d/matrix/MatrixStack;Lnet/minecraft/client/gui/FontRenderer;III)V to access PROTECTED and LEAVE
[12:46:21] [main/DEBUG]: Transforming net.minecraft.client.gui.IngameGui METHOD func_238456_d_(Lcom/mojang/blaze3d/matrix/MatrixStack;)V to access PROTECTED and LEAVE
[12:46:21] [main/DEBUG]: Transforming net.minecraft.client.gui.IngameGui METHOD func_238447_a_(Lcom/mojang/blaze3d/matrix/MatrixStack;Lnet/minecraft/scoreboard/ScoreObjective;)V to access PROTECTED and LEAVE
[12:46:21] [main/DEBUG]: Transforming net.minecraft.client.gui.IngameGui METHOD func_194808_p()V to access PROTECTED and LEAVE
[12:46:21] [main/DEBUG]: Transforming net.minecraft.client.gui.IngameGui METHOD func_212303_b(Lnet/minecraft/entity/Entity;)V to access PROTECTED and LEAVE
[12:46:21] [main/DEBUG]: Transforming net.minecraft.client.gui.IngameGui METHOD func_194805_e(F)V to access PROTECTED and LEAVE
[12:46:21] [main/DEBUG]: Skipping Lnet/minecraft/client/gui/MapItemRenderer;
[12:46:21] [main/DEBUG]: Skipping Lnet/minecraft/client/gui/ResourceLoadProgressGui;
[12:46:21] [main/DEBUG]: Transforming class Lnet/minecraft/client/gui/ScreenManager;
[12:46:21] [main/DEBUG]: Transforming net.minecraft.client.gui.ScreenManager INNERCLASS IScreenFactory to access PUBLIC and LEAVE
[12:46:21] [main/DEBUG]: Transforming net.minecraft.client.gui.ScreenManager METHOD func_216911_a(Lnet/minecraft/inventory/container/ContainerType;Lnet/minecraft/client/gui/ScreenManager$IScreenFactory;)V to access PUBLIC and LEAVE
[12:46:21] [main/DEBUG]: Skipping Lnet/minecraft/client/gui/DisplayEffectsScreen;
[12:46:21] [main/DEBUG]: Skipping Lnet/minecraft/client/gui/recipebook/package-info;
[12:46:21] [main/DEBUG]: Skipping Lnet/minecraft/client/gui/recipebook/AbstractRecipeBookGui;
[12:46:21] [main/DEBUG]: Skipping Lnet/minecraft/client/gui/recipebook/BlastFurnaceRecipeGui;
[12:46:21] [main/DEBUG]: Skipping Lnet/minecraft/client/gui/recipebook/GhostRecipe;
[12:46:21] [main/DEBUG]: Skipping Lnet/minecraft/client/gui/recipebook/RecipeOverlayGui;
[12:46:21] [main/DEBUG]: Skipping Lnet/minecraft/client/gui/recipebook/RecipeBookPage;
[12:46:21] [main/DEBUG]: Skipping Lnet/minecraft/client/gui/recipebook/RecipeTabToggleWidget;
[12:46:21] [main/DEBUG]: Skipping Lnet/minecraft/client/gui/recipebook/RecipeWidget;
[12:46:21] [main/DEBUG]: Skipping Lnet/minecraft/client/gui/recipebook/RecipeList;
[12:46:21] [main/DEBUG]: Skipping Lnet/minecraft/client/gui/recipebook/IRecipeUpdateListener;
[12:46:21] [main/DEBUG]: Skipping Lnet/minecraft/client/gui/recipebook/IRecipeShownListener;
[12:46:21] [main/DEBUG]: Skipping Lnet/minecraft/client/gui/recipebook/FurnaceRecipeGui;
[12:46:21] [main/DEBUG]: Skipping Lnet/minecraft/client/gui/recipebook/SmokerRecipeGui;
[12:46:21] [main/DEBUG]: Skipping Lnet/minecraft/client/gui/recipebook/GhostRecipe$GhostIngredient;
[12:46:21] [main/DEBUG]: Skipping Lnet/minecraft/client/gui/recipebook/RecipeOverlayGui$RecipeButtonWidget;
[12:46:21] [main/DEBUG]: Skipping Lnet/minecraft/client/gui/recipebook/RecipeOverlayGui$FurnaceRecipeButtonWidget;
[12:46:21] [main/DEBUG]: Skipping Lnet/minecraft/client/gui/recipebook/RecipeOverlayGui$RecipeButtonWidget$Child;
[12:46:21] [main/DEBUG]: Skipping Lnet/minecraft/client/gui/recipebook/RecipeBookGui;
[12:46:21] [main/DEBUG]: Skipping Lnet/minecraft/client/gui/MapItemRenderer$1;
[12:46:21] [main/DEBUG]: Skipping Lnet/minecraft/client/gui/MapItemRenderer$Instance;
[12:46:21] [main/DEBUG]: Skipping Lnet/minecraft/client/gui/widget/package-info;
[12:46:21] [main/DEBUG]: Skipping Lnet/minecraft/client/gui/widget/GameSettingsSlider;
[12:46:21] [main/DEBUG]: Skipping Lnet/minecraft/client/gui/widget/AbstractSlider;
[12:46:21] [main/DEBUG]: Skipping Lnet/minecraft/client/gui/widget/TextFieldWidget;
[12:46:21] [main/DEBUG]: Skipping Lnet/minecraft/client/gui/widget/OptionSlider;
[12:46:21] [main/DEBUG]: Skipping Lnet/minecraft/client/gui/widget/ToggleWidget;
[12:46:21] [main/DEBUG]: Skipping Lnet/minecraft/client/gui/widget/SoundSlider;
[12:46:21] [main/DEBUG]: Skipping Lnet/minecraft/client/gui/widget/button/package-info;
[12:46:21] [main/DEBUG]: Skipping Lnet/minecraft/client/gui/widget/button/AbstractButton;
[12:46:21] [main/DEBUG]: Skipping Lnet/minecraft/client/gui/widget/button/Button;
[12:46:21] [main/DEBUG]: Skipping Lnet/minecraft/client/gui/widget/button/CheckboxButton;
[12:46:21] [main/DEBUG]: Skipping Lnet/minecraft/client/gui/widget/button/ImageButton;
[12:46:21] [main/DEBUG]: Skipping Lnet/minecraft/client/gui/widget/button/LockIconButton;
[12:46:21] [main/DEBUG]: Skipping Lnet/minecraft/client/gui/widget/button/OptionButton;
[12:46:21] [main/DEBUG]: Skipping Lnet/minecraft/client/gui/widget/button/ChangePageButton;
[12:46:21] [main/DEBUG]: Skipping Lnet/minecraft/client/gui/widget/button/LockIconButton$Icon;
[12:46:21] [main/DEBUG]: Skipping Lnet/minecraft/client/gui/widget/button/Button$IPressable;
[12:46:21] [main/DEBUG]: Skipping Lnet/minecraft/client/gui/widget/button/Button$ITooltip;
[12:46:21] [main/DEBUG]: Skipping Lnet/minecraft/client/gui/widget/Widget;
[12:46:21] [main/DEBUG]: Skipping Lnet/minecraft/client/gui/widget/list/package-info;
[12:46:21] [main/DEBUG]: Skipping Lnet/minecraft/client/gui/widget/list/ResourcePackList$ResourcePackEntry;
[12:46:21] [main/DEBUG]: Skipping Lnet/minecraft/client/gui/widget/list/AbstractOptionList;
[12:46:21] [main/DEBUG]: Skipping Lnet/minecraft/client/gui/widget/list/ExtendedList;
[12:46:21] [main/DEBUG]: Skipping Lnet/minecraft/client/gui/widget/list/OptionsRowList;
[12:46:21] [main/DEBUG]: Skipping Lnet/minecraft/client/gui/widget/list/ResourcePackList;
[12:46:21] [main/DEBUG]: Skipping Lnet/minecraft/client/gui/widget/list/ExtendedList$AbstractListEntry;
[12:46:21] [main/DEBUG]: Skipping Lnet/minecraft/client/gui/widget/list/OptionsRowList$Row;
[12:46:21] [main/DEBUG]: Skipping Lnet/minecraft/client/gui/widget/list/AbstractOptionList$Entry;
[12:46:21] [main/DEBUG]: Skipping Lnet/minecraft/client/gui/widget/list/AbstractList;
[12:46:21] [main/DEBUG]: Skipping Lnet/minecraft/client/gui/widget/list/KeyBindingList;
[12:46:21] [main/DEBUG]: Skipping Lnet/minecraft/client/gui/widget/list/AbstractList$1;
[12:46:21] [main/DEBUG]: Transforming class Lnet/minecraft/client/gui/widget/list/AbstractList$AbstractListEntry;
[12:46:21] [main/DEBUG]: Transforming net.minecraft.client.gui.widget.list.AbstractList$AbstractListEntry FIELD field_230666_a_ to access PROTECTED and LEAVE
[12:46:21] [main/DEBUG]: Skipping Lnet/minecraft/client/gui/widget/list/AbstractList$Ordering;
[12:46:21] [main/DEBUG]: Skipping Lnet/minecraft/client/gui/widget/list/AbstractList$SimpleArrayList;
[12:46:21] [main/DEBUG]: Skipping Lnet/minecraft/client/gui/widget/list/KeyBindingList$1;
[12:46:21] [main/DEBUG]: Skipping Lnet/minecraft/client/gui/widget/list/KeyBindingList$CategoryEntry;
[12:46:21] [main/DEBUG]: Skipping Lnet/minecraft/client/gui/widget/list/KeyBindingList$Entry;
[12:46:21] [main/DEBUG]: Skipping Lnet/minecraft/client/gui/widget/list/KeyBindingList$KeyEntry;
[12:46:21] [main/DEBUG]: Skipping Lnet/minecraft/client/gui/widget/list/KeyBindingList$KeyEntry$1;
[12:46:21] [main/DEBUG]: Skipping Lnet/minecraft/client/gui/widget/list/KeyBindingList$KeyEntry$2;
[12:46:21] [main/DEBUG]: Skipping Lnet/minecraft/client/gui/ResourceLoadProgressGui$MojangLogoTexture;
[12:46:21] [main/DEBUG]: Transforming class Lnet/minecraft/client/gui/ScreenManager$IScreenFactory;
[12:46:21] [main/DEBUG]: Transforming net.minecraft.client.gui.ScreenManager$IScreenFactory CLASS to access PUBLIC and LEAVE
[12:46:21] [main/DEBUG]: Skipping Lnet/minecraft/client/gui/advancements/package-info;
[12:46:21] [main/DEBUG]: Skipping Lnet/minecraft/client/gui/advancements/AdvancementEntryGui;
[12:46:21] [main/DEBUG]: Skipping Lnet/minecraft/client/gui/advancements/AdvancementState;
[12:46:21] [main/DEBUG]: Skipping Lnet/minecraft/client/gui/advancements/AdvancementTabGui;
[12:46:21] [main/DEBUG]: Skipping Lnet/minecraft/client/gui/advancements/AdvancementTabType;
[12:46:21] [main/DEBUG]: Skipping Lnet/minecraft/client/gui/advancements/AdvancementsScreen;
[12:46:21] [main/DEBUG]: Skipping Lnet/minecraft/client/gui/advancements/AdvancementTabType$1;
[12:46:21] [main/DEBUG]: Skipping Lnet/minecraft/client/gui/overlay/package-info;
[12:46:21] [main/DEBUG]: Skipping Lnet/minecraft/client/gui/overlay/PlayerTabOverlayGui;
[12:46:21] [main/DEBUG]: Skipping Lnet/minecraft/client/gui/overlay/SubtitleOverlayGui;
[12:46:21] [main/DEBUG]: Skipping Lnet/minecraft/client/gui/overlay/SubtitleOverlayGui$Subtitle;
[12:46:21] [main/DEBUG]: Skipping Lnet/minecraft/client/gui/overlay/PlayerTabOverlayGui$1;
[12:46:21] [main/DEBUG]: Skipping Lnet/minecraft/client/gui/overlay/PlayerTabOverlayGui$PlayerComparator;
[12:46:21] [main/DEBUG]: Skipping Lnet/minecraft/client/gui/overlay/BossOverlayGui;
[12:46:21] [main/DEBUG]: Transforming class Lnet/minecraft/client/gui/overlay/DebugOverlayGui;
[12:46:21] [main/DEBUG]: Transforming net.minecraft.client.gui.overlay.DebugOverlayGui FIELD field_211537_g to access PROTECTED and LEAVE
[12:46:21] [main/DEBUG]: Transforming net.minecraft.client.gui.overlay.DebugOverlayGui FIELD field_211538_h to access PROTECTED and LEAVE
[12:46:21] [main/DEBUG]: Skipping Lnet/minecraft/client/gui/overlay/DebugOverlayGui$1;
[12:46:21] [main/DEBUG]: Skipping Lnet/minecraft/client/gui/screen/package-info;
[12:46:21] [main/DEBUG]: Skipping Lnet/minecraft/client/gui/screen/LecternScreen$1;
[12:46:21] [main/DEBUG]: Skipping Lnet/minecraft/client/gui/screen/EditBookScreen$BookPage;
[12:46:21] [main/DEBUG]: Skipping Lnet/minecraft/client/gui/screen/EditBookScreen$BookLine;
[12:46:21] [main/DEBUG]: Skipping Lnet/minecraft/client/gui/screen/EditBookScreen$Point;
[12:46:21] [main/DEBUG]: Skipping Lnet/minecraft/client/gui/screen/IScreen;
[12:46:21] [main/DEBUG]: Skipping Lnet/minecraft/client/gui/screen/AlertScreen;
[12:46:21] [main/DEBUG]: Skipping Lnet/minecraft/client/gui/screen/ConfirmBackupScreen;
[12:46:21] [main/DEBUG]: Skipping Lnet/minecraft/client/gui/screen/ChatOptionsScreen;
[12:46:21] [main/DEBUG]: Skipping Lnet/minecraft/client/gui/screen/ChatScreen;
[12:46:21] [main/DEBUG]: Skipping Lnet/minecraft/client/gui/screen/ConfirmOpenLinkScreen;
[12:46:21] [main/DEBUG]: Skipping Lnet/minecraft/client/gui/screen/ConfirmScreen;
[12:46:21] [main/DEBUG]: Skipping Lnet/minecraft/client/gui/screen/ConnectingScreen;
[12:46:21] [main/DEBUG]: Skipping Lnet/minecraft/client/gui/screen/CreateBuffetWorldScreen;
[12:46:21] [main/DEBUG]: Skipping Lnet/minecraft/client/gui/screen/CreateFlatWorldScreen;
[12:46:21] [main/DEBUG]: Skipping Lnet/minecraft/client/gui/screen/DatapackFailureScreen;
[12:46:21] [main/DEBUG]: Skipping Lnet/minecraft/client/gui/screen/DemoScreen;
[12:46:21] [main/DEBUG]: Skipping Lnet/minecraft/client/gui/screen/ServerListScreen;
[12:46:21] [main/DEBUG]: Skipping Lnet/minecraft/client/gui/screen/DisconnectedScreen;
[12:46:21] [main/DEBUG]: Skipping Lnet/minecraft/client/gui/screen/AddServerScreen;
[12:46:21] [main/DEBUG]: Skipping Lnet/minecraft/client/gui/screen/ErrorScreen;
[12:46:21] [main/DEBUG]: Skipping Lnet/minecraft/client/gui/screen/DirtMessageScreen;
[12:46:21] [main/DEBUG]: Skipping Lnet/minecraft/client/gui/screen/SleepInMultiplayerScreen;
[12:46:21] [main/DEBUG]: Skipping Lnet/minecraft/client/gui/screen/WorldLoadProgressScreen;
[12:46:21] [main/DEBUG]: Skipping Lnet/minecraft/client/gui/screen/MouseSettingsScreen;
[12:46:21] [main/DEBUG]: Skipping Lnet/minecraft/client/gui/screen/SettingsScreen;
[12:46:21] [main/DEBUG]: Skipping Lnet/minecraft/client/gui/screen/MemoryErrorScreen;
[12:46:21] [main/DEBUG]: Skipping Lnet/minecraft/client/gui/screen/IngameMenuScreen;
[12:46:21] [main/DEBUG]: Skipping Lnet/minecraft/client/gui/screen/GPUWarningScreen;
[12:46:21] [main/DEBUG]: Skipping Lnet/minecraft/client/gui/screen/FlatPresetsScreen;
[12:46:21] [main/DEBUG]: Skipping Lnet/minecraft/client/gui/screen/WorkingScreen;
[12:46:21] [main/DEBUG]: Skipping Lnet/minecraft/client/gui/screen/DownloadTerrainScreen;
[12:46:21] [main/DEBUG]: Skipping Lnet/minecraft/client/gui/screen/ShareToLanScreen;
[12:46:21] [main/DEBUG]: Skipping Lnet/minecraft/client/gui/screen/WithNarratorSettingsScreen;
[12:46:21] [main/DEBUG]: Skipping Lnet/minecraft/client/gui/screen/CustomizeSkinScreen;
[12:46:21] [main/DEBUG]: Skipping Lnet/minecraft/client/gui/screen/OptionsSoundsScreen;
[12:46:21] [main/DEBUG]: Skipping Lnet/minecraft/client/gui/screen/VideoSettingsScreen;
[12:46:21] [main/DEBUG]: Skipping Lnet/minecraft/client/gui/screen/WinGameScreen;
[12:46:21] [main/DEBUG]: Skipping Lnet/minecraft/client/gui/screen/StatsScreen;
[12:46:21] [main/DEBUG]: Skipping Lnet/minecraft/client/gui/screen/GamemodeSelectionScreen;
[12:46:21] [main/DEBUG]: Skipping Lnet/minecraft/client/gui/screen/AbstractCommandBlockScreen;
[12:46:21] [main/DEBUG]: Skipping Lnet/minecraft/client/gui/screen/EditBookScreen;
[12:46:21] [main/DEBUG]: Skipping Lnet/minecraft/client/gui/screen/ReadBookScreen;
[12:46:21] [main/DEBUG]: Skipping Lnet/minecraft/client/gui/screen/CommandBlockScreen;
[12:46:21] [main/DEBUG]: Skipping Lnet/minecraft/client/gui/screen/GrindstoneScreen;
[12:46:21] [main/DEBUG]: Skipping Lnet/minecraft/client/gui/screen/HopperScreen;
[12:46:21] [main/DEBUG]: Skipping Lnet/minecraft/client/gui/screen/JigsawScreen;
[12:46:21] [main/DEBUG]: Skipping Lnet/minecraft/client/gui/screen/LecternScreen;
[12:46:21] [main/DEBUG]: Skipping Lnet/minecraft/client/gui/screen/LoomScreen;
[12:46:21] [main/DEBUG]: Skipping Lnet/minecraft/client/gui/screen/EditMinecartCommandBlockScreen;
[12:46:21] [main/DEBUG]: Skipping Lnet/minecraft/client/gui/screen/EditSignScreen;
[12:46:21] [main/DEBUG]: Skipping Lnet/minecraft/client/gui/screen/EditStructureScreen;
[12:46:21] [main/DEBUG]: Skipping Lnet/minecraft/client/gui/screen/MultiplayerWarningScreen;
[12:46:21] [main/DEBUG]: Skipping Lnet/minecraft/client/gui/screen/ConnectingScreen$1;
[12:46:21] [main/DEBUG]: Skipping Lnet/minecraft/client/gui/screen/EditGamerulesScreen;
[12:46:21] [main/DEBUG]: Skipping Lnet/minecraft/client/gui/screen/EditWorldScreen;
[12:46:21] [main/DEBUG]: Skipping Lnet/minecraft/client/gui/screen/OptimizeWorldScreen;
[12:46:21] [main/DEBUG]: Skipping Lnet/minecraft/client/gui/screen/WorldSelectionScreen;
[12:46:21] [main/DEBUG]: Skipping Lnet/minecraft/client/gui/screen/WorldSelectionList;
[12:46:21] [main/DEBUG]: Skipping Lnet/minecraft/client/gui/screen/ReadBookScreen$1;
[12:46:21] [main/DEBUG]: Skipping Lnet/minecraft/client/gui/screen/ReadBookScreen$IBookInfo;
[12:46:21] [main/DEBUG]: Skipping Lnet/minecraft/client/gui/screen/ReadBookScreen$UnwrittenBookInfo;
[12:46:21] [main/DEBUG]: Skipping Lnet/minecraft/client/gui/screen/ReadBookScreen$WrittenBookInfo;
[12:46:21] [main/DEBUG]: Skipping Lnet/minecraft/client/gui/screen/EditGamerulesScreen$GamerulesList$1;
[12:46:21] [main/DEBUG]: Skipping Lnet/minecraft/client/gui/screen/CreateBuffetWorldScreen$1;
[12:46:21] [main/DEBUG]: Skipping Lnet/minecraft/client/gui/screen/CreateBuffetWorldScreen$BiomeList;
[12:46:21] [main/DEBUG]: Skipping Lnet/minecraft/client/gui/screen/EditGamerulesScreen$BooleanEntry;
[12:46:21] [main/DEBUG]: Skipping Lnet/minecraft/client/gui/screen/EditGamerulesScreen$NameEntry;
[12:46:21] [main/DEBUG]: Skipping Lnet/minecraft/client/gui/screen/EditGamerulesScreen$IRuleEntry;
[12:46:21] [main/DEBUG]: Skipping Lnet/minecraft/client/gui/screen/EditGamerulesScreen$ValueEntry;
[12:46:21] [main/DEBUG]: Skipping Lnet/minecraft/client/gui/screen/EditGamerulesScreen$IntegerEntry;
[12:46:21] [main/DEBUG]: Skipping Lnet/minecraft/client/gui/screen/EditGamerulesScreen$Gamerule;
[12:46:21] [main/DEBUG]: Skipping Lnet/minecraft/client/gui/screen/EditGamerulesScreen$GamerulesList;
[12:46:21] [main/DEBUG]: Skipping Lnet/minecraft/client/gui/screen/GPUWarningScreen$Option;
[12:46:21] [main/DEBUG]: Skipping Lnet/minecraft/client/gui/screen/FlatPresetsScreen$SlotList$PresetEntry;
[12:46:21] [main/DEBUG]: Skipping Lnet/minecraft/client/gui/screen/CreateFlatWorldScreen$1;
[12:46:21] [main/DEBUG]: Skipping Lnet/minecraft/client/gui/screen/CreateFlatWorldScreen$DetailsList;
[12:46:21] [main/DEBUG]: Skipping Lnet/minecraft/client/gui/screen/FlatPresetsScreen$LayerItem;
[12:46:21] [main/DEBUG]: Skipping Lnet/minecraft/client/gui/screen/FlatPresetsScreen$SlotList;
[12:46:21] [main/DEBUG]: Skipping Lnet/minecraft/client/gui/screen/CommandBlockScreen$1;
[12:46:21] [main/DEBUG]: Skipping Lnet/minecraft/client/gui/screen/GamemodeSelectionScreen$1;
[12:46:21] [main/DEBUG]: Skipping Lnet/minecraft/client/gui/screen/GamemodeSelectionScreen$Mode;
[12:46:21] [main/DEBUG]: Skipping Lnet/minecraft/client/gui/screen/GamemodeSelectionScreen$SelectorWidget;
[12:46:21] [main/DEBUG]: Skipping Lnet/minecraft/client/gui/screen/StatsScreen$1;
[12:46:21] [main/DEBUG]: Skipping Lnet/minecraft/client/gui/screen/StatsScreen$CustomStatsList;
[12:46:21] [main/DEBUG]: Skipping Lnet/minecraft/client/gui/screen/StatsScreen$StatsList;
[12:46:21] [main/DEBUG]: Skipping Lnet/minecraft/client/gui/screen/StatsScreen$MobStatsList;
[12:46:21] [main/DEBUG]: Skipping Lnet/minecraft/client/gui/screen/AbstractCommandBlockScreen$1;
[12:46:21] [main/DEBUG]: Skipping Lnet/minecraft/client/gui/screen/WorldSelectionList$Entry;
[12:46:21] [main/DEBUG]: Skipping Lnet/minecraft/client/gui/screen/EditGamerulesScreen$BooleanEntry$1;
[12:46:21] [main/DEBUG]: Skipping Lnet/minecraft/client/gui/screen/ConfirmBackupScreen$ICallback;
[12:46:21] [main/DEBUG]: Skipping Lnet/minecraft/client/gui/screen/StatsScreen$CustomStatsList$Entry;
[12:46:21] [main/DEBUG]: Skipping Lnet/minecraft/client/gui/screen/CreateBuffetWorldScreen$BiomeList$BiomeEntry;
[12:46:21] [main/DEBUG]: Skipping Lnet/minecraft/client/gui/screen/EditStructureScreen$1;
[12:46:21] [main/DEBUG]: Skipping Lnet/minecraft/client/gui/screen/EditStructureScreen$2;
[12:46:21] [main/DEBUG]: Skipping Lnet/minecraft/client/gui/screen/StatsScreen$StatsList$Comparator;
[12:46:21] [main/DEBUG]: Skipping Lnet/minecraft/client/gui/screen/StatsScreen$StatsList$Entry;
[12:46:21] [main/DEBUG]: Skipping Lnet/minecraft/client/gui/screen/ChatScreen$1;
[12:46:21] [main/DEBUG]: Skipping Lnet/minecraft/client/gui/screen/JigsawScreen$1;
[12:46:21] [main/DEBUG]: Skipping Lnet/minecraft/client/gui/screen/JigsawScreen$2;
[12:46:21] [main/DEBUG]: Skipping Lnet/minecraft/client/gui/screen/StatsScreen$MobStatsList$Entry;
[12:46:21] [main/DEBUG]: Skipping Lnet/minecraft/client/gui/screen/CreateFlatWorldScreen$DetailsList$LayerEntry;
[12:46:21] [main/DEBUG]: Skipping Lnet/minecraft/client/gui/screen/DeathScreen;
[12:46:21] [main/DEBUG]: Skipping Lnet/minecraft/client/gui/screen/LanguageScreen;
[12:46:21] [main/DEBUG]: Skipping Lnet/minecraft/client/gui/screen/OptionsScreen;
[12:46:21] [main/DEBUG]: Skipping Lnet/minecraft/client/gui/screen/Screen;
[12:46:21] [main/DEBUG]: Skipping Lnet/minecraft/client/gui/screen/MainMenuScreen;
[12:46:21] [main/DEBUG]: Skipping Lnet/minecraft/client/gui/screen/ControlsScreen;
[12:46:21] [main/DEBUG]: Skipping Lnet/minecraft/client/gui/screen/inventory/package-info;
[12:46:21] [main/DEBUG]: Skipping Lnet/minecraft/client/gui/screen/inventory/AbstractFurnaceScreen;
[12:46:21] [main/DEBUG]: Skipping Lnet/minecraft/client/gui/screen/inventory/AnvilScreen;
[12:46:21] [main/DEBUG]: Skipping Lnet/minecraft/client/gui/screen/inventory/BeaconScreen;
[12:46:21] [main/DEBUG]: Skipping Lnet/minecraft/client/gui/screen/inventory/BlastFurnaceScreen;
[12:46:21] [main/DEBUG]: Skipping Lnet/minecraft/client/gui/screen/inventory/BrewingStandScreen;
[12:46:21] [main/DEBUG]: Skipping Lnet/minecraft/client/gui/screen/inventory/CartographyTableScreen;
[12:46:21] [main/DEBUG]: Skipping Lnet/minecraft/client/gui/screen/inventory/ChestScreen;
[12:46:21] [main/DEBUG]: Skipping Lnet/minecraft/client/gui/screen/inventory/CraftingScreen;
[12:46:21] [main/DEBUG]: Skipping Lnet/minecraft/client/gui/screen/inventory/CreativeCraftingListener;
[12:46:21] [main/DEBUG]: Skipping Lnet/minecraft/client/gui/screen/inventory/DispenserScreen;
[12:46:21] [main/DEBUG]: Skipping Lnet/minecraft/client/gui/screen/inventory/FurnaceScreen;
[12:46:21] [main/DEBUG]: Skipping Lnet/minecraft/client/gui/screen/inventory/HorseInventoryScreen;
[12:46:21] [main/DEBUG]: Skipping Lnet/minecraft/client/gui/screen/inventory/InventoryScreen;
[12:46:21] [main/DEBUG]: Skipping Lnet/minecraft/client/gui/screen/inventory/AbstractRepairScreen;
[12:46:21] [main/DEBUG]: Skipping Lnet/minecraft/client/gui/screen/inventory/MerchantScreen;
[12:46:21] [main/DEBUG]: Skipping Lnet/minecraft/client/gui/screen/inventory/ShulkerBoxScreen;
[12:46:21] [main/DEBUG]: Skipping Lnet/minecraft/client/gui/screen/inventory/SmithingTableScreen;
[12:46:21] [main/DEBUG]: Skipping Lnet/minecraft/client/gui/screen/inventory/SmokerScreen;
[12:46:21] [main/DEBUG]: Skipping Lnet/minecraft/client/gui/screen/inventory/StonecutterScreen;
[12:46:21] [main/DEBUG]: Skipping Lnet/minecraft/client/gui/screen/inventory/MerchantScreen$TradeButton;
[12:46:21] [main/DEBUG]: Skipping Lnet/minecraft/client/gui/screen/inventory/BeaconScreen$1;
[12:46:21] [main/DEBUG]: Skipping Lnet/minecraft/client/gui/screen/inventory/BeaconScreen$CancelButton;
[12:46:21] [main/DEBUG]: Skipping Lnet/minecraft/client/gui/screen/inventory/BeaconScreen$ConfirmButton;
[12:46:21] [main/DEBUG]: Skipping Lnet/minecraft/client/gui/screen/inventory/BeaconScreen$PowerButton;
[12:46:21] [main/DEBUG]: Skipping Lnet/minecraft/client/gui/screen/inventory/BeaconScreen$Button;
[12:46:21] [main/DEBUG]: Skipping Lnet/minecraft/client/gui/screen/inventory/BeaconScreen$SpriteButton;
[12:46:21] [main/DEBUG]: Skipping Lnet/minecraft/client/gui/screen/inventory/CreativeScreen$LockedSlot;
[12:46:21] [main/DEBUG]: Skipping Lnet/minecraft/client/gui/screen/inventory/CreativeScreen$CreativeContainer;
[12:46:21] [main/DEBUG]: Skipping Lnet/minecraft/client/gui/screen/inventory/CreativeScreen$CreativeSlot;
[12:46:21] [main/DEBUG]: Skipping Lnet/minecraft/client/gui/screen/inventory/ContainerScreen;
[12:46:21] [main/DEBUG]: Skipping Lnet/minecraft/client/gui/screen/inventory/CreativeScreen;
[12:46:21] [main/DEBUG]: Skipping Lnet/minecraft/client/gui/screen/EnchantmentScreen;
[12:46:21] [main/DEBUG]: Skipping Lnet/minecraft/client/gui/screen/MultiplayerScreen;
[12:46:21] [main/DEBUG]: Skipping Lnet/minecraft/client/gui/screen/ServerSelectionList;
[12:46:21] [main/DEBUG]: Skipping Lnet/minecraft/client/gui/screen/PackLoadingManager;
[12:46:21] [main/DEBUG]: Skipping Lnet/minecraft/client/gui/screen/PackScreen;
[12:46:21] [main/DEBUG]: Skipping Lnet/minecraft/client/gui/screen/CreateWorldScreen;
[12:46:21] [main/DEBUG]: Transforming class Lnet/minecraft/client/gui/screen/WorldOptionsScreen;
[12:46:21] [main/DEBUG]: Transforming net.minecraft.client.gui.screen.WorldOptionsScreen METHOD func_239043_a_(Lnet/minecraft/world/gen/settings/DimensionGeneratorSettings;)V to access PUBLIC and LEAVE
[12:46:21] [main/DEBUG]: Skipping Lnet/minecraft/client/gui/screen/BiomeGeneratorTypeScreens;
[12:46:21] [main/DEBUG]: Skipping Lnet/minecraft/client/gui/screen/CreateWorldScreen$1;
[12:46:22] [main/DEBUG]: Skipping Lnet/minecraft/client/gui/screen/CreateWorldScreen$2;
[12:46:22] [main/DEBUG]: Skipping Lnet/minecraft/client/gui/screen/CreateWorldScreen$3;
[12:46:22] [main/DEBUG]: Skipping Lnet/minecraft/client/gui/screen/CreateWorldScreen$4;
[12:46:22] [main/DEBUG]: Skipping Lnet/minecraft/client/gui/screen/CreateWorldScreen$5;
[12:46:22] [main/DEBUG]: Skipping Lnet/minecraft/client/gui/screen/CreateWorldScreen$DatapackException;
[12:46:22] [main/DEBUG]: Skipping Lnet/minecraft/client/gui/screen/CreateWorldScreen$GameMode;
[12:46:22] [main/DEBUG]: Skipping Lnet/minecraft/client/gui/screen/LanguageScreen$List$LanguageEntry;
[12:46:22] [main/DEBUG]: Skipping Lnet/minecraft/client/gui/screen/LanguageScreen$List;
[12:46:22] [main/DEBUG]: Skipping Lnet/minecraft/client/gui/screen/WorldOptionsScreen$1;
[12:46:22] [main/DEBUG]: Skipping Lnet/minecraft/client/gui/screen/WorldOptionsScreen$2;
[12:46:22] [main/DEBUG]: Skipping Lnet/minecraft/client/gui/screen/WorldOptionsScreen$3;
[12:46:22] [main/DEBUG]: Skipping Lnet/minecraft/client/gui/screen/BiomeGeneratorTypeScreens$1;
[12:46:22] [main/DEBUG]: Skipping Lnet/minecraft/client/gui/screen/BiomeGeneratorTypeScreens$2;
[12:46:22] [main/DEBUG]: Skipping Lnet/minecraft/client/gui/screen/BiomeGeneratorTypeScreens$3;
[12:46:22] [main/DEBUG]: Skipping Lnet/minecraft/client/gui/screen/BiomeGeneratorTypeScreens$4;
[12:46:22] [main/DEBUG]: Skipping Lnet/minecraft/client/gui/screen/BiomeGeneratorTypeScreens$5;
[12:46:22] [main/DEBUG]: Skipping Lnet/minecraft/client/gui/screen/BiomeGeneratorTypeScreens$6;
[12:46:22] [main/DEBUG]: Skipping Lnet/minecraft/client/gui/screen/BiomeGeneratorTypeScreens$7;
[12:46:22] [main/DEBUG]: Skipping Lnet/minecraft/client/gui/screen/BiomeGeneratorTypeScreens$8;
[12:46:22] [main/DEBUG]: Skipping Lnet/minecraft/client/gui/screen/BiomeGeneratorTypeScreens$IFactory;
[12:46:22] [main/DEBUG]: Skipping Lnet/minecraft/client/gui/screen/ServerSelectionList$Entry;
[12:46:22] [main/DEBUG]: Skipping Lnet/minecraft/client/gui/screen/ServerSelectionList$LanScanEntry;
[12:46:22] [main/DEBUG]: Skipping Lnet/minecraft/client/gui/screen/ServerSelectionList$LanDetectedEntry;
[12:46:22] [main/DEBUG]: Skipping Lnet/minecraft/client/gui/screen/ServerSelectionList$NormalEntry;
[12:46:22] [main/DEBUG]: Skipping Lnet/minecraft/client/gui/screen/PackLoadingManager$IPack;
[12:46:22] [main/DEBUG]: Skipping Lnet/minecraft/client/gui/screen/PackLoadingManager$AbstractPack;
[12:46:22] [main/DEBUG]: Skipping Lnet/minecraft/client/gui/screen/PackLoadingManager$EnabledPack;
[12:46:22] [main/DEBUG]: Skipping Lnet/minecraft/client/gui/screen/PackLoadingManager$DisabledPack;
[12:46:22] [main/DEBUG]: Skipping Lnet/minecraft/client/gui/screen/PackScreen$PackDirectoryWatcher;
[12:46:22] [main/DEBUG]: Skipping Lnet/minecraft/util/package-info;
[12:46:22] [main/DEBUG]: Skipping Lnet/minecraft/util/SortedArraySet$Itr;
[12:46:22] [main/DEBUG]: Skipping Lnet/minecraft/util/AabbHelper;
[12:46:22] [main/DEBUG]: Skipping Lnet/minecraft/util/CachedBlockInfo;
[12:46:22] [main/DEBUG]: Skipping Lnet/minecraft/util/TriplePermutation;
[12:46:22] [main/DEBUG]: Skipping Lnet/minecraft/util/TeleportationRepositioner;
[12:46:22] [main/DEBUG]: Skipping Lnet/minecraft/util/DefaultUncaughtExceptionHandler;
[12:46:22] [main/DEBUG]: Skipping Lnet/minecraft/util/DefaultWithNameUncaughtExceptionHandler;
[12:46:22] [main/DEBUG]: Skipping Lnet/minecraft/util/MinecraftVersion;
[12:46:22] [main/DEBUG]: Skipping Lnet/minecraft/util/FileUtil;
[12:46:22] [main/DEBUG]: Skipping Lnet/minecraft/util/ResourceLocationException;
[12:46:22] [main/DEBUG]: Skipping Lnet/minecraft/util/SharedSeedRandom;
[12:46:22] [main/DEBUG]: Skipping Lnet/minecraft/util/CSVWriter$1;
[12:46:22] [main/DEBUG]: Skipping Lnet/minecraft/util/CSVWriter$Builder;
[12:46:22] [main/DEBUG]: Skipping Lnet/minecraft/util/CubicSampler;
[12:46:22] [main/DEBUG]: Skipping Lnet/minecraft/util/Timer;
[12:46:22] [main/DEBUG]: Skipping Lnet/minecraft/util/EnchantmentNameParts;
[12:46:22] [main/DEBUG]: Skipping Lnet/minecraft/util/IWorldPosCallable$1;
[12:46:22] [main/DEBUG]: Skipping Lnet/minecraft/util/IWorldPosCallable$2;
[12:46:22] [main/DEBUG]: Skipping Lnet/minecraft/util/MovementInput;
[12:46:22] [main/DEBUG]: Skipping Lnet/minecraft/util/MovementInputFromOptions;
[12:46:22] [main/DEBUG]: Skipping Lnet/minecraft/util/IStringSerializable$1;
[12:46:22] [main/DEBUG]: Skipping Lnet/minecraft/util/IStringSerializable$2;
[12:46:22] [main/DEBUG]: Skipping Lnet/minecraft/util/AxisRotation;
[12:46:22] [main/DEBUG]: Skipping Lnet/minecraft/util/Direction8;
[12:46:22] [main/DEBUG]: Skipping Lnet/minecraft/util/IObjectIntIterable;
[12:46:22] [main/DEBUG]: Transforming class Lnet/minecraft/util/ObjectIntIdentityMap;
[12:46:22] [main/DEBUG]: Transforming net.minecraft.util.ObjectIntIdentityMap FIELD field_195868_a to access PROTECTED and LEAVE
[12:46:22] [main/DEBUG]: Transforming net.minecraft.util.ObjectIntIdentityMap FIELD field_148749_a to access PROTECTED and LEAVE
[12:46:22] [main/DEBUG]: Transforming net.minecraft.util.ObjectIntIdentityMap FIELD field_148748_b to access PROTECTED and LEAVE
[12:46:22] [main/DEBUG]: Skipping Lnet/minecraft/util/NonNullList;
[12:46:22] [main/DEBUG]: Skipping Lnet/minecraft/util/UUIDCodec;
[12:46:22] [main/DEBUG]: Skipping Lnet/minecraft/util/ColorHelper$PackedColor;
[12:46:22] [main/DEBUG]: Skipping Lnet/minecraft/util/WeightedList$1;
[12:46:22] [main/DEBUG]: Skipping Lnet/minecraft/util/WeightedList$Entry;
[12:46:22] [main/DEBUG]: Skipping Lnet/minecraft/util/RandomObjectDescriptor;
[12:46:22] [main/DEBUG]: Skipping Lnet/minecraft/util/LoggingPrintStream;
[12:46:22] [main/DEBUG]: Skipping Lnet/minecraft/util/TeleportationRepositioner$Result;
[12:46:22] [main/DEBUG]: Skipping Lnet/minecraft/util/TeleportationRepositioner$IntBounds;
[12:46:22] [main/DEBUG]: Skipping Lnet/minecraft/util/CooldownTracker$1;
[12:46:22] [main/DEBUG]: Skipping Lnet/minecraft/util/CooldownTracker$Cooldown;
[12:46:22] [main/DEBUG]: Skipping Lnet/minecraft/util/Rotation$1;
[12:46:22] [main/DEBUG]: Skipping Lnet/minecraft/util/IntReferenceHolder$1;
[12:46:22] [main/DEBUG]: Skipping Lnet/minecraft/util/IntReferenceHolder$2;
[12:46:22] [main/DEBUG]: Skipping Lnet/minecraft/util/IntReferenceHolder$3;
[12:46:22] [main/DEBUG]: Skipping Lnet/minecraft/util/BlockVoxelShape$1;
[12:46:22] [main/DEBUG]: Skipping Lnet/minecraft/util/BlockVoxelShape$2;
[12:46:22] [main/DEBUG]: Skipping Lnet/minecraft/util/BlockVoxelShape$3;
[12:46:22] [main/DEBUG]: Skipping Lnet/minecraft/util/Mirror$1;
[12:46:22] [main/DEBUG]: Skipping Lnet/minecraft/util/CubicSampler$Vec3Fetcher;
[12:46:22] [main/DEBUG]: Skipping Lnet/minecraft/util/EnumTypeAdapterFactory$1;
[12:46:22] [main/DEBUG]: Skipping Lnet/minecraft/util/AxisRotation$1;
[12:46:22] [main/DEBUG]: Skipping Lnet/minecraft/util/AxisRotation$2;
[12:46:22] [main/DEBUG]: Skipping Lnet/minecraft/util/AxisRotation$3;
[12:46:22] [main/DEBUG]: Skipping Lnet/minecraft/util/EntityPredicates$ArmoredMob;
[12:46:22] [main/DEBUG]: Transforming class Lnet/minecraft/util/WeightedRandom$Item;
[12:46:22] [main/DEBUG]: Transforming net.minecraft.util.WeightedRandom$Item FIELD field_76292_a to access PUBLIC and LEAVE
[12:46:22] [main/DEBUG]: Skipping Lnet/minecraft/util/WeightedList$Entry$1;
[12:46:22] [main/DEBUG]: Skipping Lnet/minecraft/util/AabbHelper$1;
[12:46:22] [main/DEBUG]: Skipping Lnet/minecraft/util/SectionDistanceGraph;
[12:46:22] [main/DEBUG]: Skipping Lnet/minecraft/util/ReuseableStream$1;
[12:46:22] [main/DEBUG]: Skipping Lnet/minecraft/util/SoundCategory;
[12:46:22] [main/DEBUG]: Skipping Lnet/minecraft/util/BitArray;
[12:46:22] [main/DEBUG]: Skipping Lnet/minecraft/util/ClassInheritanceMultiMap;
[12:46:22] [main/DEBUG]: Skipping Lnet/minecraft/util/IntIdentityHashBiMap;
[12:46:22] [main/DEBUG]: Skipping Lnet/minecraft/util/CryptManager;
[12:46:22] [main/DEBUG]: Skipping Lnet/minecraft/util/CryptException;
[12:46:22] [main/DEBUG]: Skipping Lnet/minecraft/util/CSVWriter;
[12:46:22] [main/DEBUG]: Skipping Lnet/minecraft/util/ColorHelper;
[12:46:22] [main/DEBUG]: Skipping Lnet/minecraft/util/IReorderingProcessor;
[12:46:22] [main/DEBUG]: Skipping Lnet/minecraft/util/ICharacterConsumer;
[12:46:22] [main/DEBUG]: Skipping Lnet/minecraft/util/FrameTimer;
[12:46:22] [main/DEBUG]: Skipping Lnet/minecraft/util/JSONUtils;
[12:46:22] [main/DEBUG]: Skipping Lnet/minecraft/util/HTTPUtil;
[12:46:22] [main/DEBUG]: Skipping Lnet/minecraft/util/RangedInteger;
[12:46:22] [main/DEBUG]: Skipping Lnet/minecraft/util/LazyValue;
[12:46:22] [main/DEBUG]: Skipping Lnet/minecraft/util/FastRandom;
[12:46:22] [main/DEBUG]: Skipping Lnet/minecraft/util/EnumTypeAdapterFactory;
[12:46:22] [main/DEBUG]: Skipping Lnet/minecraft/util/IProgressUpdate;
[12:46:22] [main/DEBUG]: Skipping Lnet/minecraft/util/ReuseableStream;
[12:46:22] [main/DEBUG]: Skipping Lnet/minecraft/util/SortedArraySet;
[12:46:22] [main/DEBUG]: Skipping Lnet/minecraft/util/IStringSerializable;
[12:46:22] [main/DEBUG]: Skipping Lnet/minecraft/util/StringUtils;
[12:46:22] [main/DEBUG]: Skipping Lnet/minecraft/util/TickRangeConverter;
[12:46:22] [main/DEBUG]: Skipping Lnet/minecraft/util/Tuple;
[12:46:22] [main/DEBUG]: Skipping Lnet/minecraft/util/Unit;
[12:46:22] [main/DEBUG]: Skipping Lnet/minecraft/util/WeightedRandom;
[12:46:22] [main/DEBUG]: Skipping Lnet/minecraft/util/ArbitraryBitLengthIntArray;
[12:46:22] [main/DEBUG]: Skipping Lnet/minecraft/util/concurrent/package-info;
[12:46:22] [main/DEBUG]: Skipping Lnet/minecraft/util/concurrent/ITaskQueue$Priority;
[12:46:22] [main/DEBUG]: Skipping Lnet/minecraft/util/concurrent/ITaskQueue$RunnableWithPriority;
[12:46:22] [main/DEBUG]: Skipping Lnet/minecraft/util/concurrent/ITaskQueue$Single;
[12:46:22] [main/DEBUG]: Skipping Lnet/minecraft/util/concurrent/TickDelayedTask;
[12:46:22] [main/DEBUG]: Skipping Lnet/minecraft/util/concurrent/ITaskExecutor$1;
[12:46:22] [main/DEBUG]: Transforming class Lnet/minecraft/util/concurrent/ThreadTaskExecutor;
[12:46:22] [main/DEBUG]: Transforming net.minecraft.util.concurrent.ThreadTaskExecutor METHOD func_213165_a(Ljava/lang/Runnable;)Ljava/util/concurrent/CompletableFuture; to access PUBLIC and LEAVE
[12:46:22] [main/DEBUG]: Skipping Lnet/minecraft/util/concurrent/ITaskExecutor;
[12:46:22] [main/DEBUG]: Skipping Lnet/minecraft/util/concurrent/DelegatedTaskExecutor;
[12:46:22] [main/DEBUG]: Skipping Lnet/minecraft/util/concurrent/RecursiveEventLoop;
[12:46:22] [main/DEBUG]: Skipping Lnet/minecraft/util/concurrent/ITaskQueue;
[12:46:22] [main/DEBUG]: Skipping Lnet/minecraft/util/WorldOptimizer;
[12:46:22] [main/DEBUG]: Skipping Lnet/minecraft/util/Hand;
[12:46:22] [main/DEBUG]: Skipping Lnet/minecraft/util/ActionResultType;
[12:46:22] [main/DEBUG]: Skipping Lnet/minecraft/util/ActionResult;
[12:46:22] [main/DEBUG]: Skipping Lnet/minecraft/util/INameable;
[12:46:22] [main/DEBUG]: Skipping Lnet/minecraft/util/ShulkerAABBHelper;
[12:46:22] [main/DEBUG]: Skipping Lnet/minecraft/util/BedExplosionDamageSource;
[12:46:22] [main/DEBUG]: Skipping Lnet/minecraft/util/CombatEntry;
[12:46:22] [main/DEBUG]: Skipping Lnet/minecraft/util/CombatRules;
[12:46:22] [main/DEBUG]: Skipping Lnet/minecraft/util/CombatTracker;
[12:46:22] [main/DEBUG]: Transforming class Lnet/minecraft/util/DamageSource;
[12:46:22] [main/DEBUG]: Transforming net.minecraft.util.DamageSource METHOD <init>(Ljava/lang/String;)V to access PUBLIC and LEAVE
[12:46:22] [main/DEBUG]: Transforming net.minecraft.util.DamageSource METHOD func_76348_h()Lnet/minecraft/util/DamageSource; to access PUBLIC and LEAVE
[12:46:22] [main/DEBUG]: Transforming net.minecraft.util.DamageSource METHOD func_76359_i()Lnet/minecraft/util/DamageSource; to access PUBLIC and LEAVE
[12:46:22] [main/DEBUG]: Transforming net.minecraft.util.DamageSource METHOD func_151518_m()Lnet/minecraft/util/DamageSource; to access PUBLIC and LEAVE
[12:46:22] [main/DEBUG]: Transforming net.minecraft.util.DamageSource METHOD func_76361_j()Lnet/minecraft/util/DamageSource; to access PUBLIC and LEAVE
[12:46:22] [main/DEBUG]: Skipping Lnet/minecraft/util/EntityDamageSource;
[12:46:22] [main/DEBUG]: Skipping Lnet/minecraft/util/IndirectEntityDamageSource;
[12:46:22] [main/DEBUG]: Skipping Lnet/minecraft/util/EntityPredicates;
[12:46:22] [main/DEBUG]: Skipping Lnet/minecraft/util/HandSide;
[12:46:22] [main/DEBUG]: Skipping Lnet/minecraft/util/WeightedList;
[12:46:22] [main/DEBUG]: Skipping Lnet/minecraft/util/GroundPathHelper;
[12:46:22] [main/DEBUG]: Skipping Lnet/minecraft/util/TransportationHelper;
[12:46:22] [main/DEBUG]: Skipping Lnet/minecraft/util/FoodStats;
[12:46:22] [main/DEBUG]: Skipping Lnet/minecraft/util/IIntArray;
[12:46:22] [main/DEBUG]: Skipping Lnet/minecraft/util/IWorldPosCallable;
[12:46:22] [main/DEBUG]: Skipping Lnet/minecraft/util/IntReferenceHolder;
[12:46:22] [main/DEBUG]: Skipping Lnet/minecraft/util/IntArray;
[12:46:22] [main/DEBUG]: Skipping Lnet/minecraft/util/CooldownTracker;
[12:46:22] [main/DEBUG]: Skipping Lnet/minecraft/util/DrinkHelper;
[12:46:22] [main/DEBUG]: Skipping Lnet/minecraft/util/ServerCooldownTracker;
[12:46:22] [main/DEBUG]: Skipping Lnet/minecraft/util/IItemProvider;
[12:46:22] [main/DEBUG]: Skipping Lnet/minecraft/util/WeightedSpawnerEntity;
[12:46:22] [main/DEBUG]: Skipping Lnet/minecraft/util/Mirror;
[12:46:22] [main/DEBUG]: Skipping Lnet/minecraft/util/Rotation;
[12:46:22] [main/DEBUG]: Skipping Lnet/minecraft/util/BlockVoxelShape;
[12:46:22] [main/DEBUG]: Skipping Lnet/minecraft/util/SortedArraySet$1;
[12:46:22] [main/DEBUG]: Skipping Lnet/minecraft/util/SharedConstants;
[12:46:22] [main/DEBUG]: Skipping Lnet/minecraft/util/Util;
[12:46:22] [main/DEBUG]: Skipping Lnet/minecraft/util/ScreenShotHelper;
[12:46:22] [main/DEBUG]: Skipping Lnet/minecraft/util/Session;
[12:46:22] [main/DEBUG]: Skipping Lnet/minecraft/util/Direction;
[12:46:22] [main/DEBUG]: Skipping Lnet/minecraft/util/Session$Type;
[12:46:22] [main/DEBUG]: Skipping Lnet/minecraft/util/RegistryKey;
[12:46:22] [main/DEBUG]: Skipping Lnet/minecraft/util/ResourceLocation;
[12:46:22] [main/DEBUG]: Skipping Lnet/minecraft/util/Util$1;
[12:46:22] [main/DEBUG]: Skipping Lnet/minecraft/util/Util$2;
[12:46:22] [main/DEBUG]: Skipping Lnet/minecraft/util/Util$3;
[12:46:22] [main/DEBUG]: Skipping Lnet/minecraft/util/Util$4;
[12:46:22] [main/DEBUG]: Skipping Lnet/minecraft/util/Util$5;
[12:46:22] [main/DEBUG]: Skipping Lnet/minecraft/util/Util$6;
[12:46:22] [main/DEBUG]: Skipping Lnet/minecraft/util/Util$IdentityStrategy;
[12:46:22] [main/DEBUG]: Skipping Lnet/minecraft/util/Util$OS;
[12:46:22] [main/DEBUG]: Skipping Lnet/minecraft/util/Util$OS$1;
[12:46:22] [main/DEBUG]: Skipping Lnet/minecraft/util/Util$OS$2;
[12:46:22] [main/DEBUG]: Skipping Lnet/minecraft/util/ResourceLocation$Serializer;
[12:46:22] [main/DEBUG]: Skipping Lnet/minecraft/util/Direction$1;
[12:46:22] [main/DEBUG]: Skipping Lnet/minecraft/util/Direction$Axis;
[12:46:22] [main/DEBUG]: Skipping Lnet/minecraft/util/Direction$AxisDirection;
[12:46:22] [main/DEBUG]: Skipping Lnet/minecraft/util/Direction$Plane;
[12:46:22] [main/DEBUG]: Skipping Lnet/minecraft/util/palette/package-info;
[12:46:22] [main/DEBUG]: Skipping Lnet/minecraft/util/palette/IdentityPalette;
[12:46:22] [main/DEBUG]: Skipping Lnet/minecraft/util/palette/HashMapPalette;
[12:46:22] [main/DEBUG]: Skipping Lnet/minecraft/util/palette/ArrayPalette;
[12:46:22] [main/DEBUG]: Skipping Lnet/minecraft/util/palette/IPalette;
[12:46:22] [main/DEBUG]: Skipping Lnet/minecraft/util/palette/IResizeCallback;
[12:46:22] [main/DEBUG]: Skipping Lnet/minecraft/util/palette/UpgradeData;
[12:46:22] [main/DEBUG]: Skipping Lnet/minecraft/util/palette/UpgradeData$BlockFixers$1;
[12:46:22] [main/DEBUG]: Skipping Lnet/minecraft/util/palette/UpgradeData$BlockFixers$2;
[12:46:22] [main/DEBUG]: Skipping Lnet/minecraft/util/palette/UpgradeData$BlockFixers$3;
[12:46:22] [main/DEBUG]: Skipping Lnet/minecraft/util/palette/UpgradeData$BlockFixers$4;
[12:46:22] [main/DEBUG]: Skipping Lnet/minecraft/util/palette/UpgradeData$BlockFixers$5;
[12:46:22] [main/DEBUG]: Skipping Lnet/minecraft/util/palette/UpgradeData$1;
[12:46:22] [main/DEBUG]: Skipping Lnet/minecraft/util/palette/UpgradeData$IBlockFixer;
[12:46:22] [main/DEBUG]: Skipping Lnet/minecraft/util/palette/UpgradeData$BlockFixers;
[12:46:22] [main/DEBUG]: Skipping Lnet/minecraft/util/palette/PalettedContainer;
[12:46:22] [main/DEBUG]: Skipping Lnet/minecraft/util/palette/PalettedContainer$ICountConsumer;
[12:46:22] [main/DEBUG]: Skipping Lnet/minecraft/util/registry/package-info;
[12:46:22] [main/DEBUG]: Skipping Lnet/minecraft/util/registry/DefaultedRegistry;
[12:46:22] [main/DEBUG]: Skipping Lnet/minecraft/util/registry/MutableRegistry;
[12:46:22] [main/DEBUG]: Skipping Lnet/minecraft/util/registry/SimpleRegistryCodec;
[12:46:22] [main/DEBUG]: Skipping Lnet/minecraft/util/registry/RegistryKeyCodec;
[12:46:22] [main/DEBUG]: Skipping Lnet/minecraft/util/registry/RegistryLookupCodec;
[12:46:22] [main/DEBUG]: Skipping Lnet/minecraft/util/registry/WorldGenSettingsExport;
[12:46:22] [main/DEBUG]: Skipping Lnet/minecraft/util/registry/SimpleRegistry$Entry;
[12:46:22] [main/DEBUG]: Skipping Lnet/minecraft/util/registry/SimpleRegistry;
[12:46:22] [main/DEBUG]: Skipping Lnet/minecraft/util/registry/Registry;
[12:46:22] [main/DEBUG]: Skipping Lnet/minecraft/util/registry/DynamicRegistries;
[12:46:22] [main/DEBUG]: Skipping Lnet/minecraft/util/registry/WorldGenRegistries;
[12:46:22] [main/DEBUG]: Skipping Lnet/minecraft/util/registry/WorldSettingsImport$IResourceAccess$1;
[12:46:22] [main/DEBUG]: Skipping Lnet/minecraft/util/registry/WorldSettingsImport$IResourceAccess$RegistryAccess;
[12:46:22] [main/DEBUG]: Skipping Lnet/minecraft/util/registry/WorldSettingsImport;
[12:46:22] [main/DEBUG]: Skipping Lnet/minecraft/util/registry/Bootstrap;
[12:46:22] [main/DEBUG]: Skipping Lnet/minecraft/util/registry/WorldSettingsImport$1;
[12:46:22] [main/DEBUG]: Skipping Lnet/minecraft/util/registry/WorldSettingsImport$ResultMap;
[12:46:22] [main/DEBUG]: Skipping Lnet/minecraft/util/registry/WorldSettingsImport$IResourceAccess;
[12:46:22] [main/DEBUG]: Skipping Lnet/minecraft/util/registry/DynamicRegistries$CodecHolder;
[12:46:22] [main/DEBUG]: Skipping Lnet/minecraft/util/registry/DynamicRegistries$Impl;
[12:46:22] [main/DEBUG]: Skipping Lnet/minecraft/util/registry/Bootstrap$1;
[12:46:22] [main/DEBUG]: Skipping Lnet/minecraft/util/SoundEvent;
[12:46:22] [main/DEBUG]: Skipping Lnet/minecraft/util/SoundEvents;
[12:46:22] [main/DEBUG]: Skipping Lnet/minecraft/util/Direction$Axis$1;
[12:46:22] [main/DEBUG]: Skipping Lnet/minecraft/util/Direction$Axis$2;
[12:46:22] [main/DEBUG]: Skipping Lnet/minecraft/util/Direction$Axis$3;
[12:46:22] [main/DEBUG]: Skipping Lnet/minecraft/util/text/package-info;
[12:46:22] [main/DEBUG]: Skipping Lnet/minecraft/util/text/TextFormatting;
[12:46:22] [main/DEBUG]: Skipping Lnet/minecraft/util/text/CharacterManager$1;
[12:46:22] [main/DEBUG]: Skipping Lnet/minecraft/util/text/CharacterManager$SubstyledText;
[12:46:22] [main/DEBUG]: Skipping Lnet/minecraft/util/text/CharacterManager$MultilineProcessor;
[12:46:22] [main/DEBUG]: Skipping Lnet/minecraft/util/text/CharacterManager$StyleOverridingTextComponent;
[12:46:22] [main/DEBUG]: Skipping Lnet/minecraft/util/text/CharacterManager$ISliceAcceptor;
[12:46:22] [main/DEBUG]: Skipping Lnet/minecraft/util/text/CharacterManager$StringWidthProcessor;
[12:46:22] [main/DEBUG]: Skipping Lnet/minecraft/util/text/CharacterManager$ICharWidthProvider;
[12:46:22] [main/DEBUG]: Skipping Lnet/minecraft/util/text/TextPropertiesManager;
[12:46:22] [main/DEBUG]: Skipping Lnet/minecraft/util/text/CharacterManager;
[12:46:22] [main/DEBUG]: Skipping Lnet/minecraft/util/text/NBTTextComponent$Block;
[12:46:22] [main/DEBUG]: Skipping Lnet/minecraft/util/text/NBTTextComponent$Entity;
[12:46:22] [main/DEBUG]: Skipping Lnet/minecraft/util/text/NBTTextComponent$Storage;
[12:46:22] [main/DEBUG]: Skipping Lnet/minecraft/util/text/TextComponent;
[12:46:22] [main/DEBUG]: Skipping Lnet/minecraft/util/text/ChatType;
[12:46:22] [main/DEBUG]: Skipping Lnet/minecraft/util/text/ITextComponent;
[12:46:22] [main/DEBUG]: Skipping Lnet/minecraft/util/text/TextComponentUtils;
[12:46:22] [main/DEBUG]: Skipping Lnet/minecraft/util/text/ITargetedTextComponent;
[12:46:22] [main/DEBUG]: Skipping Lnet/minecraft/util/text/ITextProperties;
[12:46:22] [main/DEBUG]: Skipping Lnet/minecraft/util/text/KeybindTextComponent;
[12:46:22] [main/DEBUG]: Skipping Lnet/minecraft/util/text/IFormattableTextComponent;
[12:46:22] [main/DEBUG]: Skipping Lnet/minecraft/util/text/NBTTextComponent;
[12:46:22] [main/DEBUG]: Skipping Lnet/minecraft/util/text/ScoreTextComponent;
[12:46:22] [main/DEBUG]: Skipping Lnet/minecraft/util/text/SelectorTextComponent;
[12:46:22] [main/DEBUG]: Skipping Lnet/minecraft/util/text/Color;
[12:46:22] [main/DEBUG]: Skipping Lnet/minecraft/util/text/StringTextComponent;
[12:46:22] [main/DEBUG]: Skipping Lnet/minecraft/util/text/TranslationTextComponentFormatException;
[12:46:22] [main/DEBUG]: Skipping Lnet/minecraft/util/text/event/package-info;
[12:46:22] [main/DEBUG]: Skipping Lnet/minecraft/util/text/event/HoverEvent$Action;
[12:46:22] [main/DEBUG]: Skipping Lnet/minecraft/util/text/event/HoverEvent$EntityHover;
[12:46:22] [main/DEBUG]: Skipping Lnet/minecraft/util/text/event/HoverEvent$ItemHover;
[12:46:22] [main/DEBUG]: Skipping Lnet/minecraft/util/text/event/ClickEvent;
[12:46:22] [main/DEBUG]: Skipping Lnet/minecraft/util/text/event/HoverEvent;
[12:46:22] [main/DEBUG]: Skipping Lnet/minecraft/util/text/event/ClickEvent$Action;
[12:46:22] [main/DEBUG]: Skipping Lnet/minecraft/util/text/ITextComponent$Serializer;
[12:46:22] [main/DEBUG]: Skipping Lnet/minecraft/util/text/filter/package-info;
[12:46:22] [main/DEBUG]: Skipping Lnet/minecraft/util/text/filter/ChatFilterClient$1;
[12:46:22] [main/DEBUG]: Skipping Lnet/minecraft/util/text/filter/ChatFilterClient$IIgnoreTest;
[12:46:22] [main/DEBUG]: Skipping Lnet/minecraft/util/text/filter/ChatFilterClient$ProfileFilter;
[12:46:22] [main/DEBUG]: Skipping Lnet/minecraft/util/text/filter/ChatFilterClient$ConnectionException;
[12:46:22] [main/DEBUG]: Skipping Lnet/minecraft/util/text/filter/IChatFilter;
[12:46:22] [main/DEBUG]: Skipping Lnet/minecraft/util/text/filter/ChatFilterClient;
[12:46:22] [main/DEBUG]: Skipping Lnet/minecraft/util/text/TextProcessing;
[12:46:22] [main/DEBUG]: Skipping Lnet/minecraft/util/text/ITextProperties$1;
[12:46:22] [main/DEBUG]: Skipping Lnet/minecraft/util/text/ITextProperties$2;
[12:46:22] [main/DEBUG]: Skipping Lnet/minecraft/util/text/ITextProperties$3;
[12:46:22] [main/DEBUG]: Skipping Lnet/minecraft/util/text/ITextProperties$4;
[12:46:22] [main/DEBUG]: Skipping Lnet/minecraft/util/text/ITextProperties$ITextAcceptor;
[12:46:22] [main/DEBUG]: Skipping Lnet/minecraft/util/text/ITextProperties$IStyledTextAcceptor;
[12:46:22] [main/DEBUG]: Skipping Lnet/minecraft/util/text/LanguageMap;
[12:46:22] [main/DEBUG]: Skipping Lnet/minecraft/util/text/Style;
[12:46:22] [main/DEBUG]: Skipping Lnet/minecraft/util/text/TranslationTextComponent;
[12:46:22] [main/DEBUG]: Skipping Lnet/minecraft/util/text/LanguageMap$1;
[12:46:22] [main/DEBUG]: Skipping Lnet/minecraft/util/text/Style$1;
[12:46:22] [main/DEBUG]: Skipping Lnet/minecraft/util/text/Style$Serializer;
[12:46:22] [main/DEBUG]: Skipping Lnet/minecraft/util/math/package-info;
[12:46:22] [main/DEBUG]: Skipping Lnet/minecraft/util/math/MutableBoundingBox;
[12:46:22] [main/DEBUG]: Skipping Lnet/minecraft/util/math/AxisAlignedBB;
[12:46:22] [main/DEBUG]: Skipping Lnet/minecraft/util/math/BlockRayTraceResult;
[12:46:22] [main/DEBUG]: Skipping Lnet/minecraft/util/math/EntityRayTraceResult;
[12:46:22] [main/DEBUG]: Skipping Lnet/minecraft/util/math/Tuple3d;
[12:46:22] [main/DEBUG]: Skipping Lnet/minecraft/util/math/MutableBoundingBox$1;
[12:46:22] [main/DEBUG]: Skipping Lnet/minecraft/util/math/ChunkPos$1;
[12:46:22] [main/DEBUG]: Skipping Lnet/minecraft/util/math/BlockPos;
[12:46:22] [main/DEBUG]: Skipping Lnet/minecraft/util/math/CubeCoordinateIterator;
[12:46:22] [main/DEBUG]: Skipping Lnet/minecraft/util/math/GlobalPos;
[12:46:22] [main/DEBUG]: Skipping Lnet/minecraft/util/math/Rotations;
[12:46:22] [main/DEBUG]: Skipping Lnet/minecraft/util/math/SectionPos;
[12:46:22] [main/DEBUG]: Skipping Lnet/minecraft/util/math/ColumnPos;
[12:46:22] [main/DEBUG]: Skipping Lnet/minecraft/util/math/SectionPos$1;
[12:46:22] [main/DEBUG]: Skipping Lnet/minecraft/util/math/BlockPos$1;
[12:46:22] [main/DEBUG]: Skipping Lnet/minecraft/util/math/BlockPos$2;
[12:46:22] [main/DEBUG]: Skipping Lnet/minecraft/util/math/BlockPos$3;
[12:46:22] [main/DEBUG]: Skipping Lnet/minecraft/util/math/BlockPos$4;
[12:46:22] [main/DEBUG]: Skipping Lnet/minecraft/util/math/BlockPos$5;
[12:46:22] [main/DEBUG]: Skipping Lnet/minecraft/util/math/BlockPos$Mutable;
[12:46:22] [main/DEBUG]: Skipping Lnet/minecraft/util/math/MathHelper;
[12:46:22] [main/DEBUG]: Skipping Lnet/minecraft/util/math/BlockPosWrapper;
[12:46:22] [main/DEBUG]: Skipping Lnet/minecraft/util/math/EntityPosWrapper;
[12:46:22] [main/DEBUG]: Skipping Lnet/minecraft/util/math/IPosWrapper;
[12:46:22] [main/DEBUG]: Skipping Lnet/minecraft/util/math/ChunkPos;
[12:46:22] [main/DEBUG]: Skipping Lnet/minecraft/util/math/RayTraceResult;
[12:46:22] [main/DEBUG]: Skipping Lnet/minecraft/util/math/vector/package-info;
[12:46:22] [main/DEBUG]: Skipping Lnet/minecraft/util/math/vector/Orientation;
[12:46:22] [main/DEBUG]: Skipping Lnet/minecraft/util/math/vector/Quaternion;
[12:46:22] [main/DEBUG]: Skipping Lnet/minecraft/util/math/vector/Vector2f;
[12:46:22] [main/DEBUG]: Skipping Lnet/minecraft/util/math/vector/Vector3i;
[12:46:22] [main/DEBUG]: Skipping Lnet/minecraft/util/math/vector/Orientation$1;
[12:46:22] [main/DEBUG]: Skipping Lnet/minecraft/util/math/vector/Matrix3f;
[12:46:22] [main/DEBUG]: Skipping Lnet/minecraft/util/math/vector/Matrix4f;
[12:46:22] [main/DEBUG]: Skipping Lnet/minecraft/util/math/vector/TransformationMatrix;
[12:46:22] [main/DEBUG]: Skipping Lnet/minecraft/util/math/vector/Vector3f;
[12:46:22] [main/DEBUG]: Skipping Lnet/minecraft/util/math/vector/Vector4f;
[12:46:22] [main/DEBUG]: Skipping Lnet/minecraft/util/math/vector/Vector3d;
[12:46:22] [main/DEBUG]: Skipping Lnet/minecraft/util/math/RayTraceContext$BlockMode;
[12:46:22] [main/DEBUG]: Skipping Lnet/minecraft/util/math/RayTraceContext$FluidMode;
[12:46:22] [main/DEBUG]: Skipping Lnet/minecraft/util/math/RayTraceContext$IVoxelProvider;
[12:46:22] [main/DEBUG]: Skipping Lnet/minecraft/util/math/shapes/package-info;
[12:46:22] [main/DEBUG]: Skipping Lnet/minecraft/util/math/shapes/VoxelShapeArray;
[12:46:22] [main/DEBUG]: Skipping Lnet/minecraft/util/math/shapes/BitSetVoxelShapePart;
[12:46:22] [main/DEBUG]: Skipping Lnet/minecraft/util/math/shapes/IBooleanFunction;
[12:46:22] [main/DEBUG]: Skipping Lnet/minecraft/util/math/shapes/DoubleRangeList;
[12:46:22] [main/DEBUG]: Skipping Lnet/minecraft/util/math/shapes/VoxelShapeCube;
[12:46:22] [main/DEBUG]: Skipping Lnet/minecraft/util/math/shapes/DoubleCubeMergingList;
[12:46:22] [main/DEBUG]: Skipping Lnet/minecraft/util/math/shapes/VoxelShapePart;
[12:46:22] [main/DEBUG]: Skipping Lnet/minecraft/util/math/shapes/SimpleDoubleMerger;
[12:46:22] [main/DEBUG]: Skipping Lnet/minecraft/util/math/shapes/IDoubleListMerger;
[12:46:22] [main/DEBUG]: Skipping Lnet/minecraft/util/math/shapes/IndirectMerger;
[12:46:22] [main/DEBUG]: Skipping Lnet/minecraft/util/math/shapes/NonOverlappingMerger;
[12:46:22] [main/DEBUG]: Skipping Lnet/minecraft/util/math/shapes/OffsetDoubleList;
[12:46:22] [main/DEBUG]: Skipping Lnet/minecraft/util/math/shapes/VoxelShapes;
[12:46:22] [main/DEBUG]: Skipping Lnet/minecraft/util/math/shapes/SplitVoxelShape;
[12:46:22] [main/DEBUG]: Skipping Lnet/minecraft/util/math/shapes/PartSplitVoxelShape;
[12:46:22] [main/DEBUG]: Skipping Lnet/minecraft/util/math/shapes/VoxelShape;
[12:46:22] [main/DEBUG]: Skipping Lnet/minecraft/util/math/shapes/VoxelShapeArray$1;
[12:46:22] [main/DEBUG]: Skipping Lnet/minecraft/util/math/shapes/VoxelShapePart$IFaceConsumer;
[12:46:22] [main/DEBUG]: Skipping Lnet/minecraft/util/math/shapes/VoxelShapePart$ILineConsumer;
[12:46:22] [main/DEBUG]: Skipping Lnet/minecraft/util/math/shapes/VoxelShapes$ILineConsumer;
[12:46:22] [main/DEBUG]: Skipping Lnet/minecraft/util/math/shapes/IDoubleListMerger$IConsumer;
[12:46:22] [main/DEBUG]: Skipping Lnet/minecraft/util/math/shapes/VoxelShapeSpliterator;
[12:46:22] [main/DEBUG]: Skipping Lnet/minecraft/util/math/shapes/ISelectionContext;
[12:46:22] [main/DEBUG]: Skipping Lnet/minecraft/util/math/shapes/EntitySelectionContext;
[12:46:22] [main/DEBUG]: Skipping Lnet/minecraft/util/math/shapes/EntitySelectionContext$1;
[12:46:22] [main/DEBUG]: Skipping Lnet/minecraft/util/math/RayTraceResult$Type;
[12:46:22] [main/DEBUG]: Skipping Lnet/minecraft/util/math/RayTraceContext;
[12:46:22] [main/DEBUG]: Skipping Lnet/minecraft/util/datafix/package-info;
[12:46:22] [main/DEBUG]: Skipping Lnet/minecraft/util/datafix/DataFixesManager$1;
[12:46:22] [main/DEBUG]: Skipping Lnet/minecraft/util/datafix/DataFixesManager$2;
[12:46:22] [main/DEBUG]: Skipping Lnet/minecraft/util/datafix/DelegatingDynamicOps;
[12:46:22] [main/DEBUG]: Skipping Lnet/minecraft/util/datafix/NamespacedSchema$1;
[12:46:22] [main/DEBUG]: Skipping Lnet/minecraft/util/datafix/DefaultTypeReferences;
[12:46:22] [main/DEBUG]: Skipping Lnet/minecraft/util/datafix/DataFixesManager;
[12:46:22] [main/DEBUG]: Skipping Lnet/minecraft/util/datafix/TypeReferences;
[12:46:22] [main/DEBUG]: Skipping Lnet/minecraft/util/datafix/WriteAndReadDataFix;
[12:46:22] [main/DEBUG]: Skipping Lnet/minecraft/util/datafix/NamespacedSchema;
[12:46:22] [main/DEBUG]: Skipping Lnet/minecraft/util/datafix/versions/package-info;
[12:46:22] [main/DEBUG]: Skipping Lnet/minecraft/util/datafix/versions/V0099$1;
[12:46:22] [main/DEBUG]: Skipping Lnet/minecraft/util/datafix/versions/V0704$1;
[12:46:22] [main/DEBUG]: Skipping Lnet/minecraft/util/datafix/versions/V0705$1;
[12:46:22] [main/DEBUG]: Skipping Lnet/minecraft/util/datafix/versions/V0100;
[12:46:22] [main/DEBUG]: Skipping Lnet/minecraft/util/datafix/versions/V0102;
[12:46:22] [main/DEBUG]: Skipping Lnet/minecraft/util/datafix/versions/V1022;
[12:46:22] [main/DEBUG]: Skipping Lnet/minecraft/util/datafix/versions/V0106;
[12:46:22] [main/DEBUG]: Skipping Lnet/minecraft/util/datafix/versions/V0107;
[12:46:22] [main/DEBUG]: Skipping Lnet/minecraft/util/datafix/versions/V1125;
[12:46:22] [main/DEBUG]: Skipping Lnet/minecraft/util/datafix/versions/V0135;
[12:46:22] [main/DEBUG]: Skipping Lnet/minecraft/util/datafix/versions/V0143;
[12:46:22] [main/DEBUG]: Skipping Lnet/minecraft/util/datafix/versions/V1451;
[12:46:22] [main/DEBUG]: Skipping Lnet/minecraft/util/datafix/versions/V1451_1;
[12:46:22] [main/DEBUG]: Skipping Lnet/minecraft/util/datafix/versions/V1451_2;
[12:46:22] [main/DEBUG]: Skipping Lnet/minecraft/util/datafix/versions/V1451_3;
[12:46:22] [main/DEBUG]: Skipping Lnet/minecraft/util/datafix/versions/V1451_4;
[12:46:22] [main/DEBUG]: Skipping Lnet/minecraft/util/datafix/versions/V1451_5;
[12:46:22] [main/DEBUG]: Skipping Lnet/minecraft/util/datafix/versions/V1451_6;
[12:46:22] [main/DEBUG]: Skipping Lnet/minecraft/util/datafix/versions/V1451_7;
[12:46:22] [main/DEBUG]: Skipping Lnet/minecraft/util/datafix/versions/V1460;
[12:46:22] [main/DEBUG]: Skipping Lnet/minecraft/util/datafix/versions/V1466;
[12:46:22] [main/DEBUG]: Skipping Lnet/minecraft/util/datafix/versions/V1470;
[12:46:22] [main/DEBUG]: Skipping Lnet/minecraft/util/datafix/versions/V1481;
[12:46:22] [main/DEBUG]: Skipping Lnet/minecraft/util/datafix/versions/V1483;
[12:46:22] [main/DEBUG]: Skipping Lnet/minecraft/util/datafix/versions/V1486;
[12:46:22] [main/DEBUG]: Skipping Lnet/minecraft/util/datafix/versions/V1510;
[12:46:22] [main/DEBUG]: Skipping Lnet/minecraft/util/datafix/versions/V1800;
[12:46:22] [main/DEBUG]: Skipping Lnet/minecraft/util/datafix/versions/V1801;
[12:46:22] [main/DEBUG]: Skipping Lnet/minecraft/util/datafix/versions/V1904;
[12:46:22] [main/DEBUG]: Skipping Lnet/minecraft/util/datafix/versions/V1906;
[12:46:22] [main/DEBUG]: Skipping Lnet/minecraft/util/datafix/versions/V1909;
[12:46:22] [main/DEBUG]: Skipping Lnet/minecraft/util/datafix/versions/V1920;
[12:46:22] [main/DEBUG]: Skipping Lnet/minecraft/util/datafix/versions/V1928;
[12:46:22] [main/DEBUG]: Skipping Lnet/minecraft/util/datafix/versions/V1929;
[12:46:22] [main/DEBUG]: Skipping Lnet/minecraft/util/datafix/versions/V1931;
[12:46:22] [main/DEBUG]: Skipping Lnet/minecraft/util/datafix/versions/V2100;
[12:46:22] [main/DEBUG]: Skipping Lnet/minecraft/util/datafix/versions/V2501;
[12:46:22] [main/DEBUG]: Skipping Lnet/minecraft/util/datafix/versions/V2502;
[12:46:22] [main/DEBUG]: Skipping Lnet/minecraft/util/datafix/versions/V2505;
[12:46:22] [main/DEBUG]: Skipping Lnet/minecraft/util/datafix/versions/V2509;
[12:46:22] [main/DEBUG]: Skipping Lnet/minecraft/util/datafix/versions/V2519;
[12:46:22] [main/DEBUG]: Skipping Lnet/minecraft/util/datafix/versions/V2522;
[12:46:22] [main/DEBUG]: Skipping Lnet/minecraft/util/datafix/versions/V2551;
[12:46:22] [main/DEBUG]: Skipping Lnet/minecraft/util/datafix/versions/V2568;
[12:46:22] [main/DEBUG]: Skipping Lnet/minecraft/util/datafix/versions/V0501;
[12:46:22] [main/DEBUG]: Skipping Lnet/minecraft/util/datafix/versions/V0700;
[12:46:22] [main/DEBUG]: Skipping Lnet/minecraft/util/datafix/versions/V0701;
[12:46:22] [main/DEBUG]: Skipping Lnet/minecraft/util/datafix/versions/V0702;
[12:46:22] [main/DEBUG]: Skipping Lnet/minecraft/util/datafix/versions/V0703;
[12:46:22] [main/DEBUG]: Skipping Lnet/minecraft/util/datafix/versions/V0704;
[12:46:22] [main/DEBUG]: Skipping Lnet/minecraft/util/datafix/versions/V0705;
[12:46:22] [main/DEBUG]: Skipping Lnet/minecraft/util/datafix/versions/V0808;
[12:46:22] [main/DEBUG]: Skipping Lnet/minecraft/util/datafix/versions/V0099;
[12:46:22] [main/DEBUG]: Skipping Lnet/minecraft/util/datafix/fixes/package-info;
[12:46:22] [main/DEBUG]: Skipping Lnet/minecraft/util/datafix/fixes/TrappedChestTileEntitySplit$Section;
[12:46:22] [main/DEBUG]: Skipping Lnet/minecraft/util/datafix/fixes/LeavesFix$LeavesSection;
[12:46:22] [main/DEBUG]: Skipping Lnet/minecraft/util/datafix/fixes/LeavesFix$Section;
[12:46:22] [main/DEBUG]: Skipping Lnet/minecraft/util/datafix/fixes/ItemRename$1;
[12:46:22] [main/DEBUG]: Skipping Lnet/minecraft/util/datafix/fixes/ChunkPaletteFormat$Direction$Axis;
[12:46:22] [main/DEBUG]: Skipping Lnet/minecraft/util/datafix/fixes/ChunkPaletteFormat$Direction$Offset;
[12:46:22] [main/DEBUG]: Skipping Lnet/minecraft/util/datafix/fixes/SignStrictJSON$1;
[12:46:22] [main/DEBUG]: Skipping Lnet/minecraft/util/datafix/fixes/AbstractUUIDFix;
[12:46:22] [main/DEBUG]: Skipping Lnet/minecraft/util/datafix/fixes/AddNewChoices;
[12:46:22] [main/DEBUG]: Skipping Lnet/minecraft/util/datafix/fixes/AdvancementRenamer1501;
[12:46:22] [main/DEBUG]: Skipping Lnet/minecraft/util/datafix/fixes/AdvancementRenamer;
[12:46:22] [main/DEBUG]: Skipping Lnet/minecraft/util/datafix/fixes/AttributesFix;
[12:46:22] [main/DEBUG]: Skipping Lnet/minecraft/util/datafix/fixes/AddBedTileEntity;
[12:46:22] [main/DEBUG]: Skipping Lnet/minecraft/util/datafix/fixes/BedItemColor;
[12:46:22] [main/DEBUG]: Skipping Lnet/minecraft/util/datafix/fixes/RenameBeehivePointOfInterest;
[12:46:22] [main/DEBUG]: Skipping Lnet/minecraft/util/datafix/fixes/BiomeRenames;
[12:46:22] [main/DEBUG]: Skipping Lnet/minecraft/util/datafix/fixes/BitStorageAlignFix;
[12:46:22] [main/DEBUG]: Skipping Lnet/minecraft/util/datafix/fixes/BlockEntityBannerColor;
[12:46:22] [main/DEBUG]: Skipping Lnet/minecraft/util/datafix/fixes/PistonPushedBlock;
[12:46:22] [main/DEBUG]: Skipping Lnet/minecraft/util/datafix/fixes/CustomNameStringToComponentFixTileEntity;
[12:46:22] [main/DEBUG]: Skipping Lnet/minecraft/util/datafix/fixes/TileEntityId;
[12:46:22] [main/DEBUG]: Skipping Lnet/minecraft/util/datafix/fixes/JukeboxRecordItem;
[12:46:22] [main/DEBUG]: Skipping Lnet/minecraft/util/datafix/fixes/BlockEntityKeepPacked;
[12:46:22] [main/DEBUG]: Skipping Lnet/minecraft/util/datafix/fixes/ShulkerBoxTileColor;
[12:46:22] [main/DEBUG]: Skipping Lnet/minecraft/util/datafix/fixes/SignStrictJSON;
[12:46:22] [main/DEBUG]: Skipping Lnet/minecraft/util/datafix/fixes/BlockEntityUUID;
[12:46:22] [main/DEBUG]: Skipping Lnet/minecraft/util/datafix/fixes/BlockNameFlattening;
[12:46:22] [main/DEBUG]: Skipping Lnet/minecraft/util/datafix/fixes/BlockRename;
[12:46:22] [main/DEBUG]: Skipping Lnet/minecraft/util/datafix/fixes/BlockStateFlatteningMap;
[12:46:22] [main/DEBUG]: Skipping Lnet/minecraft/util/datafix/fixes/BlockStateFlattenStructures;
[12:46:22] [main/DEBUG]: Skipping Lnet/minecraft/util/datafix/fixes/CatTypeFix;
[12:46:22] [main/DEBUG]: Skipping Lnet/minecraft/util/datafix/fixes/BiomeIdFix;
[12:46:22] [main/DEBUG]: Skipping Lnet/minecraft/util/datafix/fixes/ChunkLightRemoveFix;
[12:46:22] [main/DEBUG]: Skipping Lnet/minecraft/util/datafix/fixes/ChunkPaletteFormat;
[12:46:22] [main/DEBUG]: Skipping Lnet/minecraft/util/datafix/fixes/ChunkStatusFix;
[12:46:22] [main/DEBUG]: Skipping Lnet/minecraft/util/datafix/fixes/ChunkStatusFix2;
[12:46:22] [main/DEBUG]: Skipping Lnet/minecraft/util/datafix/fixes/ChunkStructuresTemplateRenameFix;
[12:46:22] [main/DEBUG]: Skipping Lnet/minecraft/util/datafix/fixes/ChunkGenStatus;
[12:46:22] [main/DEBUG]: Skipping Lnet/minecraft/util/datafix/fixes/ColorlessShulkerEntityFix;
[12:46:22] [main/DEBUG]: Skipping Lnet/minecraft/util/datafix/fixes/DyeRenameMap;
[12:46:22] [main/DEBUG]: Skipping Lnet/minecraft/util/datafix/fixes/ArmorStandSilent;
[12:46:22] [main/DEBUG]: Skipping Lnet/minecraft/util/datafix/fixes/BlockStateFlatternEntities;
[12:46:22] [main/DEBUG]: Skipping Lnet/minecraft/util/datafix/fixes/EntityCatSplitFix;
[12:46:22] [main/DEBUG]: Skipping Lnet/minecraft/util/datafix/fixes/EntityCodSalmonFix;
[12:46:22] [main/DEBUG]: Skipping Lnet/minecraft/util/datafix/fixes/CustomNameStringToComponentEntity;
[12:46:22] [main/DEBUG]: Skipping Lnet/minecraft/util/datafix/fixes/ElderGuardianSplit;
[12:46:22] [main/DEBUG]: Skipping Lnet/minecraft/util/datafix/fixes/EntityArmorAndHeld;
[12:46:22] [main/DEBUG]: Skipping Lnet/minecraft/util/datafix/fixes/EntityHealth;
[12:46:22] [main/DEBUG]: Skipping Lnet/minecraft/util/datafix/fixes/HorseSaddle;
[12:46:22] [main/DEBUG]: Skipping Lnet/minecraft/util/datafix/fixes/HorseSplit;
[12:46:22] [main/DEBUG]: Skipping Lnet/minecraft/util/datafix/fixes/EntityId;
[12:46:22] [main/DEBUG]: Skipping Lnet/minecraft/util/datafix/fixes/EntityItemFrameFacing;
[12:46:22] [main/DEBUG]: Skipping Lnet/minecraft/util/datafix/fixes/MinecartEntityTypes;
[12:46:22] [main/DEBUG]: Skipping Lnet/minecraft/util/datafix/fixes/PaintingDirection;
[12:46:22] [main/DEBUG]: Skipping Lnet/minecraft/util/datafix/fixes/PaintingMotive;
[12:46:22] [main/DEBUG]: Skipping Lnet/minecraft/util/datafix/fixes/ProjectileOwner;
[12:46:22] [main/DEBUG]: Skipping Lnet/minecraft/util/datafix/fixes/PufferfishRename;
[12:46:22] [main/DEBUG]: Skipping Lnet/minecraft/util/datafix/fixes/EntityRavagerRenameFix;
[12:46:22] [main/DEBUG]: Skipping Lnet/minecraft/util/datafix/fixes/RedundantChanceTags;
[12:46:22] [main/DEBUG]: Skipping Lnet/minecraft/util/datafix/fixes/EntityRename;
[12:46:22] [main/DEBUG]: Skipping Lnet/minecraft/util/datafix/fixes/RidingToPassengers;
[12:46:22] [main/DEBUG]: Skipping Lnet/minecraft/util/datafix/fixes/ShulkerBoxEntityColor;
[12:46:22] [main/DEBUG]: Skipping Lnet/minecraft/util/datafix/fixes/ShulkerRotation;
[12:46:22] [main/DEBUG]: Skipping Lnet/minecraft/util/datafix/fixes/SkeletonSplit;
[12:46:22] [main/DEBUG]: Skipping Lnet/minecraft/util/datafix/fixes/StringToUUID;
[12:46:22] [main/DEBUG]: Skipping Lnet/minecraft/util/datafix/fixes/EntityRenaming1510;
[12:46:22] [main/DEBUG]: Skipping Lnet/minecraft/util/datafix/fixes/TippedArrow;
[12:46:22] [main/DEBUG]: Skipping Lnet/minecraft/util/datafix/fixes/EntityUUID;
[12:46:22] [main/DEBUG]: Skipping Lnet/minecraft/util/datafix/fixes/WolfCollarColor;
[12:46:22] [main/DEBUG]: Skipping Lnet/minecraft/util/datafix/fixes/ZombieSplit;
[12:46:22] [main/DEBUG]: Skipping Lnet/minecraft/util/datafix/fixes/ZombieProfToType;
[12:46:22] [main/DEBUG]: Skipping Lnet/minecraft/util/datafix/fixes/ZombifiedPiglinRename;
[12:46:22] [main/DEBUG]: Skipping Lnet/minecraft/util/datafix/fixes/PointOfInterestRebuild;
[12:46:22] [main/DEBUG]: Skipping Lnet/minecraft/util/datafix/fixes/FurnaceRecipes;
[12:46:22] [main/DEBUG]: Skipping Lnet/minecraft/util/datafix/fixes/Gossip;
[12:46:22] [main/DEBUG]: Skipping Lnet/minecraft/util/datafix/fixes/HeightmapRenamingFix;
[12:46:22] [main/DEBUG]: Skipping Lnet/minecraft/util/datafix/fixes/IglooMetadataRemoval;
[12:46:22] [main/DEBUG]: Skipping Lnet/minecraft/util/datafix/fixes/BannerItemColor;
[12:46:22] [main/DEBUG]: Skipping Lnet/minecraft/util/datafix/fixes/CustomNameStringToComponentItem;
[12:46:22] [main/DEBUG]: Skipping Lnet/minecraft/util/datafix/fixes/ItemIntIDToString;
[12:46:22] [main/DEBUG]: Skipping Lnet/minecraft/util/datafix/fixes/ItemLoreComponentizeFix;
[12:46:22] [main/DEBUG]: Skipping Lnet/minecraft/util/datafix/fixes/PotionItems;
[12:46:22] [main/DEBUG]: Skipping Lnet/minecraft/util/datafix/fixes/ItemRename;
[12:46:22] [main/DEBUG]: Skipping Lnet/minecraft/util/datafix/fixes/ShulkerBoxItemColor;
[12:46:22] [main/DEBUG]: Skipping Lnet/minecraft/util/datafix/fixes/SpawnEggNames;
[12:46:22] [main/DEBUG]: Skipping Lnet/minecraft/util/datafix/fixes/ItemStackEnchantmentFix;
[12:46:22] [main/DEBUG]: Skipping Lnet/minecraft/util/datafix/fixes/ItemFilledMapMetadata;
[12:46:22] [main/DEBUG]: Skipping Lnet/minecraft/util/datafix/fixes/ItemSpawnEggSplit;
[12:46:22] [main/DEBUG]: Skipping Lnet/minecraft/util/datafix/fixes/ItemStackDataFlattening;
[12:46:22] [main/DEBUG]: Skipping Lnet/minecraft/util/datafix/fixes/ItemStackUUID;
[12:46:22] [main/DEBUG]: Skipping Lnet/minecraft/util/datafix/fixes/PotionWater;
[12:46:22] [main/DEBUG]: Skipping Lnet/minecraft/util/datafix/fixes/BookPagesStrictJSON;
[12:46:22] [main/DEBUG]: Skipping Lnet/minecraft/util/datafix/fixes/JigsawProperties;
[12:46:22] [main/DEBUG]: Skipping Lnet/minecraft/util/datafix/fixes/JigsawRotation;
[12:46:22] [main/DEBUG]: Skipping Lnet/minecraft/util/datafix/fixes/LeavesFix;
[12:46:22] [main/DEBUG]: Skipping Lnet/minecraft/util/datafix/fixes/LevelDataGeneratorOptionsFix;
[12:46:22] [main/DEBUG]: Skipping Lnet/minecraft/util/datafix/fixes/BlockStateFlattenGenOptions;
[12:46:22] [main/DEBUG]: Skipping Lnet/minecraft/util/datafix/fixes/LevelUUID;
[12:46:22] [main/DEBUG]: Skipping Lnet/minecraft/util/datafix/fixes/MapIdFix;
[12:46:22] [main/DEBUG]: Skipping Lnet/minecraft/util/datafix/fixes/MemoryExpiry;
[12:46:22] [main/DEBUG]: Skipping Lnet/minecraft/util/datafix/fixes/MissingDimensionFix;
[12:46:22] [main/DEBUG]: Skipping Lnet/minecraft/util/datafix/fixes/SpawnerEntityTypes;
[12:46:22] [main/DEBUG]: Skipping Lnet/minecraft/util/datafix/fixes/NamedEntityFix;
[12:46:22] [main/DEBUG]: Skipping Lnet/minecraft/util/datafix/fixes/NewVillageFix;
[12:46:22] [main/DEBUG]: Skipping Lnet/minecraft/util/datafix/fixes/ObjectiveDisplayName;
[12:46:22] [main/DEBUG]: Skipping Lnet/minecraft/util/datafix/fixes/ObjectiveRenderType;
[12:46:22] [main/DEBUG]: Skipping Lnet/minecraft/util/datafix/fixes/OminousBannerTileEntityRenameFix;
[12:46:22] [main/DEBUG]: Skipping Lnet/minecraft/util/datafix/fixes/OminousBannerRenameFix;
[12:46:22] [main/DEBUG]: Skipping Lnet/minecraft/util/datafix/fixes/OptionsAddTextBackgroundFix;
[12:46:22] [main/DEBUG]: Skipping Lnet/minecraft/util/datafix/fixes/ForceVBOOn;
[12:46:22] [main/DEBUG]: Skipping Lnet/minecraft/util/datafix/fixes/LWJGL3KeyOptions;
[12:46:22] [main/DEBUG]: Skipping Lnet/minecraft/util/datafix/fixes/KeyOptionsTranslation;
[12:46:22] [main/DEBUG]: Skipping Lnet/minecraft/util/datafix/fixes/OptionsLowerCaseLanguage;
[12:46:22] [main/DEBUG]: Skipping Lnet/minecraft/util/datafix/fixes/SwapHandsFix;
[12:46:22] [main/DEBUG]: Skipping Lnet/minecraft/util/datafix/fixes/PlayerUUID;
[12:46:22] [main/DEBUG]: Skipping Lnet/minecraft/util/datafix/fixes/PointOfInterestRename;
[12:46:22] [main/DEBUG]: Skipping Lnet/minecraft/util/datafix/fixes/RecipeRenamer1502;
[12:46:22] [main/DEBUG]: Skipping Lnet/minecraft/util/datafix/fixes/RecipeRenamer;
[12:46:22] [main/DEBUG]: Skipping Lnet/minecraft/util/datafix/fixes/RecipeRenamer1510;
[12:46:22] [main/DEBUG]: Skipping Lnet/minecraft/util/datafix/fixes/RedstoneConnections;
[12:46:22] [main/DEBUG]: Skipping Lnet/minecraft/util/datafix/fixes/RemoveGolemGossip;
[12:46:22] [main/DEBUG]: Skipping Lnet/minecraft/util/datafix/fixes/BiomeName;
[12:46:22] [main/DEBUG]: Skipping Lnet/minecraft/util/datafix/fixes/CoralFansRenameList;
[12:46:22] [main/DEBUG]: Skipping Lnet/minecraft/util/datafix/fixes/RenamedCoral;
[12:46:22] [main/DEBUG]: Skipping Lnet/minecraft/util/datafix/fixes/PointOfInterestReorganizationFix;
[12:46:22] [main/DEBUG]: Skipping Lnet/minecraft/util/datafix/fixes/SavedDataUUID;
[12:46:22] [main/DEBUG]: Skipping Lnet/minecraft/util/datafix/fixes/BlockStateFlattenVillageCrops;
[12:46:22] [main/DEBUG]: Skipping Lnet/minecraft/util/datafix/fixes/EntityRenameHelper;
[12:46:22] [main/DEBUG]: Skipping Lnet/minecraft/util/datafix/fixes/TypedEntityRenameHelper;
[12:46:22] [main/DEBUG]: Skipping Lnet/minecraft/util/datafix/fixes/StatsRenaming;
[12:46:22] [main/DEBUG]: Skipping Lnet/minecraft/util/datafix/fixes/StriderGravity;
[12:46:22] [main/DEBUG]: Skipping Lnet/minecraft/util/datafix/fixes/StructureReferenceFix;
[12:46:22] [main/DEBUG]: Skipping Lnet/minecraft/util/datafix/fixes/SwimStatsRename;
[12:46:22] [main/DEBUG]: Skipping Lnet/minecraft/util/datafix/fixes/TeamDisplayName;
[12:46:22] [main/DEBUG]: Skipping Lnet/minecraft/util/datafix/fixes/TrappedChestTileEntitySplit;
[12:46:22] [main/DEBUG]: Skipping Lnet/minecraft/util/datafix/fixes/VillagerProfessionFix;
[12:46:22] [main/DEBUG]: Skipping Lnet/minecraft/util/datafix/fixes/VillagerFollowRange;
[12:46:22] [main/DEBUG]: Skipping Lnet/minecraft/util/datafix/fixes/VillagerLevelAndXpFix;
[12:46:22] [main/DEBUG]: Skipping Lnet/minecraft/util/datafix/fixes/VillagerTrades;
[12:46:22] [main/DEBUG]: Skipping Lnet/minecraft/util/datafix/fixes/WallProperty;
[12:46:22] [main/DEBUG]: Skipping Lnet/minecraft/util/datafix/fixes/WorldGenSettings;
[12:46:22] [main/DEBUG]: Skipping Lnet/minecraft/util/datafix/fixes/ZombieVillagerXpFix;
[12:46:22] [main/DEBUG]: Skipping Lnet/minecraft/util/datafix/fixes/ChunkPaletteFormat$1;
[12:46:22] [main/DEBUG]: Skipping Lnet/minecraft/util/datafix/fixes/ChunkPaletteFormat$NibbleArray;
[12:46:22] [main/DEBUG]: Skipping Lnet/minecraft/util/datafix/fixes/ChunkPaletteFormat$Direction;
[12:46:22] [main/DEBUG]: Skipping Lnet/minecraft/util/datafix/fixes/ChunkPaletteFormat$Section;
[12:46:22] [main/DEBUG]: Skipping Lnet/minecraft/util/datafix/fixes/ChunkPaletteFormat$UpgradeChunk;
[12:46:22] [main/DEBUG]: Skipping Lnet/minecraft/util/datafix/fixes/WorldGenSettings$StructureSeparationSettingsCodec;
[12:46:22] [main/DEBUG]: Skipping Lnet/minecraft/util/datafix/fixes/BlockRename$1;
[12:46:22] [main/DEBUG]: Skipping Lnet/minecraft/util/datafix/codec/package-info;
[12:46:22] [main/DEBUG]: Skipping Lnet/minecraft/util/datafix/codec/DatapackCodec;
[12:46:22] [main/DEBUG]: Skipping Lnet/minecraft/item/package-info;
[12:46:22] [main/DEBUG]: Skipping Lnet/minecraft/item/ItemModelsProperties$1;
[12:46:22] [main/DEBUG]: Skipping Lnet/minecraft/item/ItemModelsProperties$2;
[12:46:22] [main/DEBUG]: Skipping Lnet/minecraft/item/ItemModelsProperties$Angle;
[12:46:22] [main/DEBUG]: Transforming class Lnet/minecraft/item/ItemModelsProperties;
[12:46:22] [main/DEBUG]: Transforming net.minecraft.item.ItemModelsProperties METHOD func_239418_a_(Lnet/minecraft/item/Item;Lnet/minecraft/util/ResourceLocation;Lnet/minecraft/item/IItemPropertyGetter;)V to access PUBLIC and LEAVE
[12:46:22] [main/DEBUG]: Skipping Lnet/minecraft/item/IItemPropertyGetter;
[12:46:22] [main/DEBUG]: Skipping Lnet/minecraft/item/DirectionalPlaceContext$1;
[12:46:22] [main/DEBUG]: Skipping Lnet/minecraft/item/FireworkRocketItem$Shape;
[12:46:22] [main/DEBUG]: Skipping Lnet/minecraft/item/Foods;
[12:46:22] [main/DEBUG]: Skipping Lnet/minecraft/item/AirItem;
[12:46:22] [main/DEBUG]: Skipping Lnet/minecraft/item/IArmorMaterial;
[12:46:22] [main/DEBUG]: Skipping Lnet/minecraft/item/ArmorMaterial;
[12:46:22] [main/DEBUG]: Skipping Lnet/minecraft/item/ArmorStandItem;
[12:46:22] [main/DEBUG]: Skipping Lnet/minecraft/item/BannerItem;
[12:46:22] [main/DEBUG]: Skipping Lnet/minecraft/item/BannerPatternItem;
[12:46:22] [main/DEBUG]: Skipping Lnet/minecraft/item/BedItem;
[12:46:22] [main/DEBUG]: Skipping Lnet/minecraft/item/BoatItem;
[12:46:22] [main/DEBUG]: Skipping Lnet/minecraft/item/BookItem;
[12:46:22] [main/DEBUG]: Skipping Lnet/minecraft/item/GlassBottleItem;
[12:46:22] [main/DEBUG]: Skipping Lnet/minecraft/item/SoupItem;
[12:46:22] [main/DEBUG]: Skipping Lnet/minecraft/item/CompassItem;
[12:46:22] [main/DEBUG]: Skipping Lnet/minecraft/item/AbstractMapItem;
[12:46:22] [main/DEBUG]: Skipping Lnet/minecraft/item/CrossbowItem;
[12:46:22] [main/DEBUG]: Skipping Lnet/minecraft/item/DebugStickItem;
[12:46:22] [main/DEBUG]: Skipping Lnet/minecraft/item/TallBlockItem;
[12:46:22] [main/DEBUG]: Skipping Lnet/minecraft/item/DyeItem;
[12:46:22] [main/DEBUG]: Skipping Lnet/minecraft/item/DyeableArmorItem;
[12:46:22] [main/DEBUG]: Skipping Lnet/minecraft/item/IDyeableArmorItem;
[12:46:22] [main/DEBUG]: Skipping Lnet/minecraft/item/EggItem;
[12:46:22] [main/DEBUG]: Skipping Lnet/minecraft/item/MapItem;
[12:46:22] [main/DEBUG]: Skipping Lnet/minecraft/item/EnchantedBookItem;
[12:46:22] [main/DEBUG]: Skipping Lnet/minecraft/item/EnchantedGoldenAppleItem;
[12:46:22] [main/DEBUG]: Skipping Lnet/minecraft/item/EnderCrystalItem;
[12:46:22] [main/DEBUG]: Skipping Lnet/minecraft/item/EnderEyeItem;
[12:46:22] [main/DEBUG]: Skipping Lnet/minecraft/item/EnderPearlItem;
[12:46:22] [main/DEBUG]: Skipping Lnet/minecraft/item/ExperienceBottleItem;
[12:46:22] [main/DEBUG]: Skipping Lnet/minecraft/item/FireChargeItem;
[12:46:22] [main/DEBUG]: Skipping Lnet/minecraft/item/FireworkRocketItem;
[12:46:22] [main/DEBUG]: Skipping Lnet/minecraft/item/FireworkStarItem;
[12:46:22] [main/DEBUG]: Skipping Lnet/minecraft/item/FishingRodItem;
[12:46:22] [main/DEBUG]: Skipping Lnet/minecraft/item/FlintAndSteelItem;
[12:46:22] [main/DEBUG]: Skipping Lnet/minecraft/item/OnAStickItem;
[12:46:22] [main/DEBUG]: Skipping Lnet/minecraft/item/OperatorOnlyItem;
[12:46:22] [main/DEBUG]: Skipping Lnet/minecraft/item/HangingEntityItem;
[12:46:22] [main/DEBUG]: Skipping Lnet/minecraft/item/HoneyBottleItem;
[12:46:22] [main/DEBUG]: Skipping Lnet/minecraft/item/ItemFrameItem;
[12:46:22] [main/DEBUG]: Skipping Lnet/minecraft/item/BlockNamedItem;
[12:46:22] [main/DEBUG]: Skipping Lnet/minecraft/item/KnowledgeBookItem;
[12:46:22] [main/DEBUG]: Skipping Lnet/minecraft/item/LeadItem;
[12:46:22] [main/DEBUG]: Skipping Lnet/minecraft/item/LingeringPotionItem;
[12:46:22] [main/DEBUG]: Skipping Lnet/minecraft/item/NameTagItem;
[12:46:22] [main/DEBUG]: Skipping Lnet/minecraft/item/SkullItem;
[12:46:22] [main/DEBUG]: Skipping Lnet/minecraft/item/PotionItem;
[12:46:22] [main/DEBUG]: Skipping Lnet/minecraft/item/ShootableItem;
[12:46:22] [main/DEBUG]: Skipping Lnet/minecraft/item/SaddleItem;
[12:46:22] [main/DEBUG]: Skipping Lnet/minecraft/item/ScaffoldingItem;
[12:46:22] [main/DEBUG]: Skipping Lnet/minecraft/item/ShieldItem;
[12:46:22] [main/DEBUG]: Skipping Lnet/minecraft/item/SignItem;
[12:46:22] [main/DEBUG]: Skipping Lnet/minecraft/item/SimpleFoiledItem;
[12:46:22] [main/DEBUG]: Skipping Lnet/minecraft/item/SnowballItem;
[12:46:22] [main/DEBUG]: Skipping Lnet/minecraft/item/SpectralArrowItem;
[12:46:22] [main/DEBUG]: Skipping Lnet/minecraft/item/SplashPotionItem;
[12:46:22] [main/DEBUG]: Skipping Lnet/minecraft/item/SuspiciousStewItem;
[12:46:22] [main/DEBUG]: Skipping Lnet/minecraft/item/SwordItem;
[12:46:22] [main/DEBUG]: Skipping Lnet/minecraft/item/ThrowablePotionItem;
[12:46:22] [main/DEBUG]: Skipping Lnet/minecraft/item/IItemTier;
[12:46:22] [main/DEBUG]: Skipping Lnet/minecraft/item/TieredItem;
[12:46:22] [main/DEBUG]: Skipping Lnet/minecraft/item/ItemTier;
[12:46:22] [main/DEBUG]: Skipping Lnet/minecraft/item/TippedArrowItem;
[12:46:22] [main/DEBUG]: Skipping Lnet/minecraft/item/TridentItem;
[12:46:22] [main/DEBUG]: Skipping Lnet/minecraft/item/UseAction;
[12:46:22] [main/DEBUG]: Skipping Lnet/minecraft/item/LilyPadItem;
[12:46:22] [main/DEBUG]: Skipping Lnet/minecraft/item/WritableBookItem;
[12:46:22] [main/DEBUG]: Skipping Lnet/minecraft/item/WrittenBookItem;
[12:46:22] [main/DEBUG]: Transforming class Lnet/minecraft/item/BlockItemUseContext;
[12:46:22] [main/DEBUG]: Transforming net.minecraft.item.BlockItemUseContext METHOD <init>(Lnet/minecraft/world/World;Lnet/minecraft/entity/player/PlayerEntity;Lnet/minecraft/util/Hand;Lnet/minecraft/item/ItemStack;Lnet/minecraft/util/math/BlockRayTraceResult;)V to access PUBLIC and LEAVE
[12:46:22] [main/DEBUG]: Skipping Lnet/minecraft/item/DirectionalPlaceContext;
[12:46:22] [main/DEBUG]: Transforming class Lnet/minecraft/item/ItemUseContext;
[12:46:22] [main/DEBUG]: Transforming net.minecraft.item.ItemUseContext METHOD <init>(Lnet/minecraft/world/World;Lnet/minecraft/entity/player/PlayerEntity;Lnet/minecraft/util/Hand;Lnet/minecraft/item/ItemStack;Lnet/minecraft/util/math/BlockRayTraceResult;)V to access PUBLIC and LEAVE
[12:46:22] [main/DEBUG]: Skipping Lnet/minecraft/item/MerchantOffers;
[12:46:22] [main/DEBUG]: Skipping Lnet/minecraft/item/Item$1;
[12:46:22] [main/DEBUG]: Skipping Lnet/minecraft/item/Item$Properties;
[12:46:22] [main/DEBUG]: Skipping Lnet/minecraft/item/ItemGroup$1;
[12:46:22] [main/DEBUG]: Skipping Lnet/minecraft/item/ItemGroup$10;
[12:46:22] [main/DEBUG]: Skipping Lnet/minecraft/item/ItemGroup$11;
[12:46:22] [main/DEBUG]: Skipping Lnet/minecraft/item/ItemGroup$12;
[12:46:22] [main/DEBUG]: Skipping Lnet/minecraft/item/ItemGroup$2;
[12:46:22] [main/DEBUG]: Skipping Lnet/minecraft/item/ItemGroup$3;
[12:46:22] [main/DEBUG]: Skipping Lnet/minecraft/item/ItemGroup$4;
[12:46:22] [main/DEBUG]: Skipping Lnet/minecraft/item/ItemGroup$5;
[12:46:22] [main/DEBUG]: Skipping Lnet/minecraft/item/ItemGroup$6;
[12:46:22] [main/DEBUG]: Skipping Lnet/minecraft/item/ArmorItem$1;
[12:46:22] [main/DEBUG]: Skipping Lnet/minecraft/item/MinecartItem$1;
[12:46:22] [main/DEBUG]: Skipping Lnet/minecraft/item/Food$1;
[12:46:22] [main/DEBUG]: Skipping Lnet/minecraft/item/Food$Builder;
[12:46:22] [main/DEBUG]: Skipping Lnet/minecraft/item/ItemGroup$7;
[12:46:22] [main/DEBUG]: Skipping Lnet/minecraft/item/ItemGroup$8;
[12:46:22] [main/DEBUG]: Skipping Lnet/minecraft/item/ItemGroup$9;
[12:46:22] [main/DEBUG]: Skipping Lnet/minecraft/item/Food;
[12:46:22] [main/DEBUG]: Skipping Lnet/minecraft/item/ArmorItem;
[12:46:22] [main/DEBUG]: Skipping Lnet/minecraft/item/ArrowItem;
[12:46:22] [main/DEBUG]: Transforming class Lnet/minecraft/item/AxeItem;
[12:46:22] [main/DEBUG]: Transforming net.minecraft.item.AxeItem METHOD <init>(Lnet/minecraft/item/IItemTier;FFLnet/minecraft/item/Item$Properties;)V to access PUBLIC and LEAVE
[12:46:22] [main/DEBUG]: Skipping Lnet/minecraft/item/BlockItem;
[12:46:22] [main/DEBUG]: Skipping Lnet/minecraft/item/BoneMealItem;
[12:46:22] [main/DEBUG]: Skipping Lnet/minecraft/item/BowItem;
[12:46:22] [main/DEBUG]: Skipping Lnet/minecraft/item/BucketItem;
[12:46:22] [main/DEBUG]: Skipping Lnet/minecraft/item/ChorusFruitItem;
[12:46:22] [main/DEBUG]: Transforming class Lnet/minecraft/item/ItemGroup;
[12:46:22] [main/DEBUG]: Transforming net.minecraft.item.ItemGroup FIELD field_78032_a to access PUBLIC and REMOVEFINAL
[12:46:22] [main/DEBUG]: Transforming class Lnet/minecraft/item/ToolItem;
[12:46:22] [main/DEBUG]: Transforming net.minecraft.item.ToolItem METHOD <init>(FFLnet/minecraft/item/IItemTier;Ljava/util/Set;Lnet/minecraft/item/Item$Properties;)V to access PUBLIC and LEAVE
[12:46:22] [main/DEBUG]: Skipping Lnet/minecraft/item/DyeColor;
[12:46:22] [main/DEBUG]: Skipping Lnet/minecraft/item/DyeableHorseArmorItem;
[12:46:22] [main/DEBUG]: Skipping Lnet/minecraft/item/ElytraItem;
[12:46:22] [main/DEBUG]: Skipping Lnet/minecraft/item/FishBucketItem;
[12:46:22] [main/DEBUG]: Transforming class Lnet/minecraft/item/HoeItem;
[12:46:22] [main/DEBUG]: Transforming net.minecraft.item.HoeItem METHOD <init>(Lnet/minecraft/item/IItemTier;IFLnet/minecraft/item/Item$Properties;)V to access PUBLIC and LEAVE
[12:46:22] [main/DEBUG]: Skipping Lnet/minecraft/item/HorseArmorItem;
[12:46:22] [main/DEBUG]: Skipping Lnet/minecraft/item/Item;
[12:46:22] [main/DEBUG]: Skipping Lnet/minecraft/item/ItemStack;
[12:46:22] [main/DEBUG]: Skipping Lnet/minecraft/item/Items;
[12:46:22] [main/DEBUG]: Skipping Lnet/minecraft/item/FilledMapItem;
[12:46:22] [main/DEBUG]: Skipping Lnet/minecraft/item/MilkBucketItem;
[12:46:22] [main/DEBUG]: Skipping Lnet/minecraft/item/MinecartItem;
[12:46:22] [main/DEBUG]: Transforming class Lnet/minecraft/item/PickaxeItem;
[12:46:22] [main/DEBUG]: Transforming net.minecraft.item.PickaxeItem METHOD <init>(Lnet/minecraft/item/IItemTier;IFLnet/minecraft/item/Item$Properties;)V to access PUBLIC and LEAVE
[12:46:22] [main/DEBUG]: Skipping Lnet/minecraft/item/Rarity;
[12:46:22] [main/DEBUG]: Transforming class Lnet/minecraft/item/MusicDiscItem;
[12:46:22] [main/DEBUG]: Transforming net.minecraft.item.MusicDiscItem METHOD <init>(ILnet/minecraft/util/SoundEvent;Lnet/minecraft/item/Item$Properties;)V to access PUBLIC and LEAVE
[12:46:22] [main/DEBUG]: Skipping Lnet/minecraft/item/ShearsItem;
[12:46:22] [main/DEBUG]: Skipping Lnet/minecraft/item/ShovelItem;
[12:46:22] [main/DEBUG]: Skipping Lnet/minecraft/item/SpawnEggItem;
[12:46:22] [main/DEBUG]: Skipping Lnet/minecraft/item/WallOrFloorItem;
[12:46:22] [main/DEBUG]: Skipping Lnet/minecraft/item/crafting/package-info;
[12:46:22] [main/DEBUG]: Skipping Lnet/minecraft/item/crafting/IRecipeType$1;
[12:46:22] [main/DEBUG]: Skipping Lnet/minecraft/item/crafting/ServerRecipePlacer;
[12:46:22] [main/DEBUG]: Skipping Lnet/minecraft/item/crafting/ServerRecipePlacerFurnace;
[12:46:22] [main/DEBUG]: Skipping Lnet/minecraft/item/crafting/RecipeBookStatus$CategoryStatus;
[12:46:22] [main/DEBUG]: Skipping Lnet/minecraft/item/crafting/Ingredient$1;
[12:46:22] [main/DEBUG]: Skipping Lnet/minecraft/item/crafting/RecipeItemHelper$RecipePicker;
[12:46:22] [main/DEBUG]: Skipping Lnet/minecraft/item/crafting/RecipeBook;
[12:46:22] [main/DEBUG]: Skipping Lnet/minecraft/item/crafting/RecipeBookStatus;
[12:46:22] [main/DEBUG]: Skipping Lnet/minecraft/item/crafting/ServerRecipeBook;
[12:46:22] [main/DEBUG]: Skipping Lnet/minecraft/item/crafting/RecipeItemHelper;
[12:46:22] [main/DEBUG]: Skipping Lnet/minecraft/item/crafting/RecipeBookCategory;
[12:46:22] [main/DEBUG]: Skipping Lnet/minecraft/item/crafting/ICraftingRecipe;
[12:46:22] [main/DEBUG]: Skipping Lnet/minecraft/item/crafting/SpecialRecipe;
[12:46:22] [main/DEBUG]: Skipping Lnet/minecraft/item/crafting/MapExtendingRecipe;
[12:46:22] [main/DEBUG]: Skipping Lnet/minecraft/item/crafting/IRecipeType;
[12:46:22] [main/DEBUG]: Skipping Lnet/minecraft/item/crafting/SingleItemRecipe$Serializer;
[12:46:22] [main/DEBUG]: Skipping Lnet/minecraft/item/crafting/IRecipePlacer;
[12:46:22] [main/DEBUG]: Skipping Lnet/minecraft/item/crafting/ShapedRecipe$Serializer;
[12:46:22] [main/DEBUG]: Skipping Lnet/minecraft/item/crafting/ShapelessRecipe$Serializer;
[12:46:22] [main/DEBUG]: Skipping Lnet/minecraft/item/crafting/SingleItemRecipe$Serializer$IRecipeFactory;
[12:46:22] [main/DEBUG]: Skipping Lnet/minecraft/item/crafting/CookingRecipeSerializer$IFactory;
[12:46:22] [main/DEBUG]: Skipping Lnet/minecraft/item/crafting/SmithingRecipe$Serializer;
[12:46:22] [main/DEBUG]: Transforming class Lnet/minecraft/item/crafting/Ingredient$SingleItemList;
[12:46:22] [main/DEBUG]: Transforming net.minecraft.item.crafting.Ingredient$SingleItemList CLASS to access PUBLIC and LEAVE
[12:46:22] [main/DEBUG]: Transforming net.minecraft.item.crafting.Ingredient$SingleItemList METHOD <init>(Lnet/minecraft/item/ItemStack;)V to access PUBLIC and LEAVE
[12:46:22] [main/DEBUG]: Transforming class Lnet/minecraft/item/crafting/Ingredient$TagList;
[12:46:22] [main/DEBUG]: Transforming net.minecraft.item.crafting.Ingredient$TagList CLASS to access PUBLIC and LEAVE
[12:46:22] [main/DEBUG]: Transforming net.minecraft.item.crafting.Ingredient$TagList METHOD <init>(Lnet/minecraft/tags/ITag;)V to access PUBLIC and LEAVE
[12:46:22] [main/DEBUG]: Transforming class Lnet/minecraft/item/crafting/Ingredient$IItemList;
[12:46:22] [main/DEBUG]: Transforming net.minecraft.item.crafting.Ingredient$IItemList CLASS to access PUBLIC and LEAVE
[12:46:22] [main/DEBUG]: Skipping Lnet/minecraft/item/crafting/AbstractCookingRecipe;
[12:46:22] [main/DEBUG]: Skipping Lnet/minecraft/item/crafting/ArmorDyeRecipe;
[12:46:22] [main/DEBUG]: Skipping Lnet/minecraft/item/crafting/BannerDuplicateRecipe;
[12:46:22] [main/DEBUG]: Skipping Lnet/minecraft/item/crafting/BlastingRecipe;
[12:46:22] [main/DEBUG]: Skipping Lnet/minecraft/item/crafting/BookCloningRecipe;
[12:46:22] [main/DEBUG]: Skipping Lnet/minecraft/item/crafting/CampfireCookingRecipe;
[12:46:22] [main/DEBUG]: Skipping Lnet/minecraft/item/crafting/FireworkRocketRecipe;
[12:46:22] [main/DEBUG]: Skipping Lnet/minecraft/item/crafting/FireworkStarFadeRecipe;
[12:46:22] [main/DEBUG]: Skipping Lnet/minecraft/item/crafting/FireworkStarRecipe;
[12:46:22] [main/DEBUG]: Transforming class Lnet/minecraft/item/crafting/Ingredient;
[12:46:22] [main/DEBUG]: Transforming net.minecraft.item.crafting.Ingredient CLASS to access PUBLIC and REMOVEFINAL
[12:46:22] [main/DEBUG]: Transforming net.minecraft.item.crafting.Ingredient INNERCLASS TagList to access PUBLIC and LEAVE
[12:46:22] [main/DEBUG]: Transforming net.minecraft.item.crafting.Ingredient INNERCLASS IItemList to access PUBLIC and LEAVE
[12:46:22] [main/DEBUG]: Transforming net.minecraft.item.crafting.Ingredient INNERCLASS SingleItemList to access PUBLIC and LEAVE
[12:46:22] [main/DEBUG]: Transforming net.minecraft.item.crafting.Ingredient METHOD <init>(Ljava/util/stream/Stream;)V to access PROTECTED and LEAVE
[12:46:22] [main/DEBUG]: Transforming net.minecraft.item.crafting.Ingredient METHOD func_199564_a(Lnet/minecraft/network/PacketBuffer;)V to access PUBLIC and MAKEFINAL
[12:46:22] [main/DEBUG]: Transforming net.minecraft.item.crafting.Ingredient METHOD func_209357_a(Ljava/util/stream/Stream;)Lnet/minecraft/item/crafting/Ingredient; to access PUBLIC and LEAVE
[12:46:22] [main/DEBUG]: Transforming net.minecraft.item.crafting.Ingredient METHOD func_199803_a(Lcom/google/gson/JsonObject;)Lnet/minecraft/item/crafting/Ingredient$IItemList; to access PUBLIC and LEAVE
[12:46:22] [main/DEBUG]: Skipping Lnet/minecraft/item/crafting/MapCloningRecipe;
[12:46:22] [main/DEBUG]: Skipping Lnet/minecraft/item/crafting/IRecipe;
[12:46:22] [main/DEBUG]: Skipping Lnet/minecraft/item/crafting/RecipeManager;
[12:46:22] [main/DEBUG]: Skipping Lnet/minecraft/item/crafting/IRecipeSerializer;
[12:46:22] [main/DEBUG]: Skipping Lnet/minecraft/item/crafting/RepairItemRecipe;
[12:46:22] [main/DEBUG]: Skipping Lnet/minecraft/item/crafting/ShapedRecipe;
[12:46:22] [main/DEBUG]: Skipping Lnet/minecraft/item/crafting/ShapelessRecipe;
[12:46:22] [main/DEBUG]: Skipping Lnet/minecraft/item/crafting/ShieldRecipes;
[12:46:22] [main/DEBUG]: Skipping Lnet/minecraft/item/crafting/ShulkerBoxColoringRecipe;
[12:46:22] [main/DEBUG]: Skipping Lnet/minecraft/item/crafting/CookingRecipeSerializer;
[12:46:22] [main/DEBUG]: Skipping Lnet/minecraft/item/crafting/SpecialRecipeSerializer;
[12:46:22] [main/DEBUG]: Skipping Lnet/minecraft/item/crafting/SingleItemRecipe;
[12:46:22] [main/DEBUG]: Skipping Lnet/minecraft/item/crafting/FurnaceRecipe;
[12:46:22] [main/DEBUG]: Skipping Lnet/minecraft/item/crafting/SmokingRecipe;
[12:46:22] [main/DEBUG]: Skipping Lnet/minecraft/item/crafting/StonecuttingRecipe;
[12:46:22] [main/DEBUG]: Skipping Lnet/minecraft/item/crafting/SuspiciousStewRecipe;
[12:46:22] [main/DEBUG]: Skipping Lnet/minecraft/item/crafting/TippedArrowRecipe;
[12:46:22] [main/DEBUG]: Skipping Lnet/minecraft/item/crafting/SmithingRecipe;
[12:46:22] [main/DEBUG]: Skipping Lnet/minecraft/item/MerchantOffer;
[12:46:22] [main/DEBUG]: Skipping Lnet/minecraft/item/ItemStack$TooltipDisplayFlags;
[12:46:22] [main/DEBUG]: Skipping Lnet/minecraft/entity/package-info;
[12:46:22] [main/DEBUG]: Skipping Lnet/minecraft/entity/AgeableEntity$AgeableData;
[12:46:22] [main/DEBUG]: Skipping Lnet/minecraft/entity/AgeableEntity;
[12:46:22] [main/DEBUG]: Skipping Lnet/minecraft/entity/AreaEffectCloudEntity;
[12:46:22] [main/DEBUG]: Skipping Lnet/minecraft/entity/EntitySize;
[12:46:22] [main/DEBUG]: Skipping Lnet/minecraft/entity/BoostHelper;
[12:46:22] [main/DEBUG]: Skipping Lnet/minecraft/entity/IRideable;
[12:46:22] [main/DEBUG]: Skipping Lnet/minecraft/entity/SpawnReason;
[12:46:22] [main/DEBUG]: Skipping Lnet/minecraft/entity/CreatureAttribute;
[12:46:22] [main/DEBUG]: Skipping Lnet/minecraft/entity/MoverType;
[12:46:22] [main/DEBUG]: Skipping Lnet/minecraft/entity/IAngerable;
[12:46:22] [main/DEBUG]: Skipping Lnet/minecraft/entity/CreatureEntity;
[12:46:22] [main/DEBUG]: Skipping Lnet/minecraft/entity/IJumpingMount;
[12:46:22] [main/DEBUG]: Skipping Lnet/minecraft/entity/Pose;
[12:46:22] [main/DEBUG]: Skipping Lnet/minecraft/entity/IChargeableMob;
[12:46:22] [main/DEBUG]: Skipping Lnet/minecraft/entity/IEquipable;
[12:46:22] [main/DEBUG]: Skipping Lnet/minecraft/entity/ILivingEntityData;
[12:46:22] [main/DEBUG]: Skipping Lnet/minecraft/entity/EntityPredicate;
[12:46:22] [main/DEBUG]: Skipping Lnet/minecraft/entity/IRangedAttackMob;
[12:46:22] [main/DEBUG]: Skipping Lnet/minecraft/entity/NPCMerchant;
[12:46:22] [main/DEBUG]: Skipping Lnet/minecraft/entity/INPC;
[12:46:22] [main/DEBUG]: Skipping Lnet/minecraft/entity/villager/package-info;
[12:46:22] [main/DEBUG]: Skipping Lnet/minecraft/entity/villager/IVillagerDataHolder;
[12:46:22] [main/DEBUG]: Skipping Lnet/minecraft/entity/villager/VillagerType;
[12:46:22] [main/DEBUG]: Skipping Lnet/minecraft/entity/IRendersAsItem;
[12:46:22] [main/DEBUG]: Skipping Lnet/minecraft/entity/EntitySpawnPlacementRegistry$Entry;
[12:46:22] [main/DEBUG]: Skipping Lnet/minecraft/entity/EntitySpawnPlacementRegistry$IPlacementPredicate;
[12:46:22] [main/DEBUG]: Skipping Lnet/minecraft/entity/EntitySpawnPlacementRegistry$PlacementType;
[12:46:22] [main/DEBUG]: Skipping Lnet/minecraft/entity/LivingEntity$1;
[12:46:22] [main/DEBUG]: Skipping Lnet/minecraft/entity/Entity$1;
[12:46:22] [main/DEBUG]: Skipping Lnet/minecraft/entity/Entity$IMoveCallback;
[12:46:22] [main/DEBUG]: Skipping Lnet/minecraft/entity/MobEntity$1;
[12:46:22] [main/DEBUG]: Skipping Lnet/minecraft/entity/EntityType$Builder;
[12:46:22] [main/DEBUG]: Skipping Lnet/minecraft/entity/EntityType$IFactory;
[12:46:22] [main/DEBUG]: Transforming class Lnet/minecraft/entity/Entity;
[12:46:22] [main/DEBUG]: Transforming net.minecraft.entity.Entity FIELD field_213331_b to access PROTECTED and LEAVE
[12:46:22] [main/DEBUG]: Transforming net.minecraft.entity.Entity METHOD func_70022_Q()Ljava/lang/String; to access PUBLIC and LEAVE
[12:46:22] [main/DEBUG]: Skipping Lnet/minecraft/entity/EntityType;
[12:46:22] [main/DEBUG]: Skipping Lnet/minecraft/entity/FlyingEntity;
[12:46:22] [main/DEBUG]: Skipping Lnet/minecraft/entity/effect/package-info;
[12:46:22] [main/DEBUG]: Skipping Lnet/minecraft/entity/effect/LightningBoltEntity;
[12:46:22] [main/DEBUG]: Skipping Lnet/minecraft/entity/LivingEntity;
[12:46:22] [main/DEBUG]: Transforming class Lnet/minecraft/entity/MobEntity;
[12:46:22] [main/DEBUG]: Transforming net.minecraft.entity.MobEntity FIELD field_70714_bg to access PUBLIC and LEAVE
[12:46:22] [main/DEBUG]: Transforming net.minecraft.entity.MobEntity FIELD field_70715_bh to access PUBLIC and LEAVE
[12:46:22] [main/DEBUG]: Skipping Lnet/minecraft/entity/EntityClassification;
[12:46:22] [main/DEBUG]: Skipping Lnet/minecraft/entity/IShearable;
[12:46:22] [main/DEBUG]: Transforming class Lnet/minecraft/entity/EntitySpawnPlacementRegistry;
[12:46:22] [main/DEBUG]: Transforming net.minecraft.entity.EntitySpawnPlacementRegistry METHOD func_209343_a(Lnet/minecraft/entity/EntityType;Lnet/minecraft/entity/EntitySpawnPlacementRegistry$PlacementType;Lnet/minecraft/world/gen/Heightmap$Type;Lnet/minecraft/entity/EntitySpawnPlacementRegistry$IPlacementPredicate;)V to access PUBLIC and LEAVE
[12:46:22] [main/DEBUG]: Skipping Lnet/minecraft/entity/passive/package-info;
[12:46:22] [main/DEBUG]: Skipping Lnet/minecraft/entity/passive/DolphinEntity$1;
[12:46:22] [main/DEBUG]: Skipping Lnet/minecraft/entity/passive/DolphinEntity$MoveHelperController;
[12:46:22] [main/DEBUG]: Skipping Lnet/minecraft/entity/passive/DolphinEntity$SwimToTreasureGoal;
[12:46:22] [main/DEBUG]: Skipping Lnet/minecraft/entity/passive/DolphinEntity$SwimWithPlayerGoal;
[12:46:22] [main/DEBUG]: Skipping Lnet/minecraft/entity/passive/DolphinEntity$PlayWithItemsGoal;
[12:46:22] [main/DEBUG]: Skipping Lnet/minecraft/entity/passive/SquidEntity$1;
[12:46:22] [main/DEBUG]: Skipping Lnet/minecraft/entity/passive/SquidEntity$FleeGoal;
[12:46:22] [main/DEBUG]: Skipping Lnet/minecraft/entity/passive/SquidEntity$MoveRandomGoal;
[12:46:22] [main/DEBUG]: Skipping Lnet/minecraft/entity/passive/TurtleEntity$1;
[12:46:22] [main/DEBUG]: Skipping Lnet/minecraft/entity/passive/TurtleEntity$MateGoal;
[12:46:22] [main/DEBUG]: Skipping Lnet/minecraft/entity/passive/TurtleEntity$GoHomeGoal;
[12:46:22] [main/DEBUG]: Skipping Lnet/minecraft/entity/passive/TurtleEntity$GoToWaterGoal;
[12:46:22] [main/DEBUG]: Skipping Lnet/minecraft/entity/passive/TurtleEntity$LayEggGoal;
[12:46:22] [main/DEBUG]: Skipping Lnet/minecraft/entity/passive/TurtleEntity$MoveHelperController;
[12:46:22] [main/DEBUG]: Skipping Lnet/minecraft/entity/passive/TurtleEntity$PanicGoal;
[12:46:22] [main/DEBUG]: Skipping Lnet/minecraft/entity/passive/TurtleEntity$Navigator;
[12:46:22] [main/DEBUG]: Skipping Lnet/minecraft/entity/passive/TurtleEntity$WanderGoal;
[12:46:22] [main/DEBUG]: Skipping Lnet/minecraft/entity/passive/TurtleEntity$PlayerTemptGoal;
[12:46:22] [main/DEBUG]: Skipping Lnet/minecraft/entity/passive/TurtleEntity$TravelGoal;
[12:46:22] [main/DEBUG]: Skipping Lnet/minecraft/entity/passive/PandaEntity$Gene;
[12:46:22] [main/DEBUG]: Skipping Lnet/minecraft/entity/passive/PandaEntity$AttackGoal;
[12:46:22] [main/DEBUG]: Skipping Lnet/minecraft/entity/passive/PandaEntity$AvoidGoal;
[12:46:22] [main/DEBUG]: Skipping Lnet/minecraft/entity/passive/PandaEntity$MateGoal;
[12:46:22] [main/DEBUG]: Skipping Lnet/minecraft/entity/passive/PandaEntity$RevengeGoal;
[12:46:22] [main/DEBUG]: Skipping Lnet/minecraft/entity/passive/PandaEntity$LieBackGoal;
[12:46:22] [main/DEBUG]: Skipping Lnet/minecraft/entity/passive/PandaEntity$WatchGoal;
[12:46:22] [main/DEBUG]: Skipping Lnet/minecraft/entity/passive/PandaEntity$MoveHelperController;
[12:46:22] [main/DEBUG]: Skipping Lnet/minecraft/entity/passive/PandaEntity$PanicGoal;
[12:46:22] [main/DEBUG]: Skipping Lnet/minecraft/entity/passive/PandaEntity$RollGoal;
[12:46:22] [main/DEBUG]: Skipping Lnet/minecraft/entity/passive/PandaEntity$SitGoal;
[12:46:22] [main/DEBUG]: Skipping Lnet/minecraft/entity/passive/PandaEntity$ChildPlayGoal;
[12:46:22] [main/DEBUG]: Skipping Lnet/minecraft/entity/passive/StriderEntity$1;
[12:46:22] [main/DEBUG]: Skipping Lnet/minecraft/entity/passive/StriderEntity$MoveToLavaGoal;
[12:46:22] [main/DEBUG]: Skipping Lnet/minecraft/entity/passive/StriderEntity$LavaPathNavigator;
[12:46:22] [main/DEBUG]: Skipping Lnet/minecraft/entity/passive/TameableEntity;
[12:46:22] [main/DEBUG]: Skipping Lnet/minecraft/entity/passive/AmbientEntity;
[12:46:22] [main/DEBUG]: Skipping Lnet/minecraft/entity/passive/BatEntity;
[12:46:22] [main/DEBUG]: Skipping Lnet/minecraft/entity/passive/GolemEntity;
[12:46:22] [main/DEBUG]: Skipping Lnet/minecraft/entity/passive/ChickenEntity;
[12:46:22] [main/DEBUG]: Skipping Lnet/minecraft/entity/passive/CowEntity;
[12:46:22] [main/DEBUG]: Skipping Lnet/minecraft/entity/passive/DolphinEntity;
[12:46:22] [main/DEBUG]: Skipping Lnet/minecraft/entity/passive/IFlyingAnimal;
[12:46:22] [main/DEBUG]: Skipping Lnet/minecraft/entity/passive/PandaEntity;
[12:46:22] [main/DEBUG]: Skipping Lnet/minecraft/entity/passive/ShoulderRidingEntity;
[12:46:22] [main/DEBUG]: Skipping Lnet/minecraft/entity/passive/SquidEntity;
[12:46:22] [main/DEBUG]: Skipping Lnet/minecraft/entity/passive/TurtleEntity;
[12:46:22] [main/DEBUG]: Skipping Lnet/minecraft/entity/passive/WaterMobEntity;
[12:46:22] [main/DEBUG]: Skipping Lnet/minecraft/entity/passive/StriderEntity;
[12:46:22] [main/DEBUG]: Skipping Lnet/minecraft/entity/passive/fish/package-info;
[12:46:22] [main/DEBUG]: Skipping Lnet/minecraft/entity/passive/fish/AbstractGroupFishEntity$GroupData;
[12:46:22] [main/DEBUG]: Skipping Lnet/minecraft/entity/passive/fish/TropicalFishEntity$1;
[12:46:22] [main/DEBUG]: Skipping Lnet/minecraft/entity/passive/fish/TropicalFishEntity$Type;
[12:46:22] [main/DEBUG]: Skipping Lnet/minecraft/entity/passive/fish/TropicalFishEntity$TropicalFishData;
[12:46:22] [main/DEBUG]: Skipping Lnet/minecraft/entity/passive/fish/AbstractFishEntity;
[12:46:22] [main/DEBUG]: Skipping Lnet/minecraft/entity/passive/fish/AbstractGroupFishEntity;
[12:46:22] [main/DEBUG]: Skipping Lnet/minecraft/entity/passive/fish/CodEntity;
[12:46:22] [main/DEBUG]: Skipping Lnet/minecraft/entity/passive/fish/PufferfishEntity;
[12:46:22] [main/DEBUG]: Skipping Lnet/minecraft/entity/passive/fish/SalmonEntity;
[12:46:22] [main/DEBUG]: Skipping Lnet/minecraft/entity/passive/fish/TropicalFishEntity;
[12:46:22] [main/DEBUG]: Skipping Lnet/minecraft/entity/passive/fish/AbstractFishEntity$MoveHelperController;
[12:46:22] [main/DEBUG]: Skipping Lnet/minecraft/entity/passive/fish/PufferfishEntity$PuffGoal;
[12:46:22] [main/DEBUG]: Skipping Lnet/minecraft/entity/passive/fish/AbstractFishEntity$SwimGoal;
[12:46:22] [main/DEBUG]: Skipping Lnet/minecraft/entity/passive/RabbitEntity$EvilAttackGoal;
[12:46:22] [main/DEBUG]: Skipping Lnet/minecraft/entity/passive/RabbitEntity$AvoidEntityGoal;
[12:46:22] [main/DEBUG]: Skipping Lnet/minecraft/entity/passive/RabbitEntity$RabbitData;
[12:46:22] [main/DEBUG]: Skipping Lnet/minecraft/entity/passive/RabbitEntity$JumpHelperController;
[12:46:22] [main/DEBUG]: Skipping Lnet/minecraft/entity/passive/RabbitEntity$MoveHelperController;
[12:46:22] [main/DEBUG]: Skipping Lnet/minecraft/entity/passive/RabbitEntity$PanicGoal;
[12:46:22] [main/DEBUG]: Skipping Lnet/minecraft/entity/passive/RabbitEntity$RaidFarmGoal;
[12:46:22] [main/DEBUG]: Skipping Lnet/minecraft/entity/passive/SheepEntity$1;
[12:46:22] [main/DEBUG]: Skipping Lnet/minecraft/entity/passive/SheepEntity$2;
[12:46:22] [main/DEBUG]: Skipping Lnet/minecraft/entity/passive/FoxEntity$1;
[12:46:22] [main/DEBUG]: Skipping Lnet/minecraft/entity/passive/FoxEntity$RevengeGoal;
[12:46:22] [main/DEBUG]: Skipping Lnet/minecraft/entity/passive/FoxEntity$JumpGoal;
[12:46:22] [main/DEBUG]: Skipping Lnet/minecraft/entity/passive/FoxEntity$AlertablePredicate;
[12:46:22] [main/DEBUG]: Skipping Lnet/minecraft/entity/passive/FoxEntity$BaseGoal;
[12:46:22] [main/DEBUG]: Skipping Lnet/minecraft/entity/passive/FoxEntity$MateGoal;
[12:46:22] [main/DEBUG]: Skipping Lnet/minecraft/entity/passive/FoxEntity$EatBerriesGoal;
[12:46:22] [main/DEBUG]: Skipping Lnet/minecraft/entity/passive/FoxEntity$SwimGoal;
[12:46:22] [main/DEBUG]: Skipping Lnet/minecraft/entity/passive/FoxEntity$FollowGoal;
[12:46:22] [main/DEBUG]: Skipping Lnet/minecraft/entity/passive/FoxEntity$FoxData;
[12:46:22] [main/DEBUG]: Skipping Lnet/minecraft/entity/passive/FoxEntity$WatchGoal;
[12:46:22] [main/DEBUG]: Skipping Lnet/minecraft/entity/passive/FoxEntity$LookHelperController;
[12:46:22] [main/DEBUG]: Skipping Lnet/minecraft/entity/passive/FoxEntity$BiteGoal;
[12:46:22] [main/DEBUG]: Skipping Lnet/minecraft/entity/passive/FoxEntity$MoveHelperController;
[12:46:22] [main/DEBUG]: Skipping Lnet/minecraft/entity/passive/FoxEntity$PanicGoal;
[12:46:22] [main/DEBUG]: Skipping Lnet/minecraft/entity/passive/FoxEntity$PounceGoal;
[12:46:22] [main/DEBUG]: Skipping Lnet/minecraft/entity/passive/FoxEntity$FindItemsGoal;
[12:46:22] [main/DEBUG]: Skipping Lnet/minecraft/entity/passive/FoxEntity$StrollGoal;
[12:46:22] [main/DEBUG]: Skipping Lnet/minecraft/entity/passive/FoxEntity$SitAndLookGoal;
[12:46:22] [main/DEBUG]: Skipping Lnet/minecraft/entity/passive/FoxEntity$FindShelterGoal;
[12:46:22] [main/DEBUG]: Skipping Lnet/minecraft/entity/passive/FoxEntity$SleepGoal;
[12:46:22] [main/DEBUG]: Skipping Lnet/minecraft/entity/passive/FoxEntity$FollowTargetGoal;
[12:46:22] [main/DEBUG]: Skipping Lnet/minecraft/entity/passive/FoxEntity$Type;
[12:46:22] [main/DEBUG]: Skipping Lnet/minecraft/entity/passive/IronGolemEntity$Cracks;
[12:46:22] [main/DEBUG]: Skipping Lnet/minecraft/entity/passive/MooshroomEntity$Type;
[12:46:22] [main/DEBUG]: Skipping Lnet/minecraft/entity/passive/OcelotEntity$AvoidEntityGoal;
[12:46:22] [main/DEBUG]: Skipping Lnet/minecraft/entity/passive/OcelotEntity$TemptGoal;
[12:46:22] [main/DEBUG]: Skipping Lnet/minecraft/entity/passive/ParrotEntity$1;
[12:46:22] [main/DEBUG]: Skipping Lnet/minecraft/entity/passive/WolfEntity$AvoidEntityGoal;
[12:46:22] [main/DEBUG]: Skipping Lnet/minecraft/entity/passive/BeeEntity$1;
[12:46:22] [main/DEBUG]: Skipping Lnet/minecraft/entity/passive/BeeEntity$PassiveGoal;
[12:46:22] [main/DEBUG]: Skipping Lnet/minecraft/entity/passive/BeeEntity$StingGoal;
[12:46:22] [main/DEBUG]: Skipping Lnet/minecraft/entity/passive/BeeEntity$AttackPlayerGoal;
[12:46:22] [main/DEBUG]: Skipping Lnet/minecraft/entity/passive/BeeEntity$EnterBeehiveGoal;
[12:46:22] [main/DEBUG]: Skipping Lnet/minecraft/entity/passive/BeeEntity$FindBeehiveGoal;
[12:46:22] [main/DEBUG]: Skipping Lnet/minecraft/entity/passive/BeeEntity$FindFlowerGoal;
[12:46:22] [main/DEBUG]: Skipping Lnet/minecraft/entity/passive/BeeEntity$FindPollinationTargetGoal;
[12:46:22] [main/DEBUG]: Skipping Lnet/minecraft/entity/passive/BeeEntity$AngerGoal;
[12:46:22] [main/DEBUG]: Skipping Lnet/minecraft/entity/passive/BeeEntity$UpdateBeehiveGoal;
[12:46:22] [main/DEBUG]: Skipping Lnet/minecraft/entity/passive/BeeEntity$BeeLookController;
[12:46:22] [main/DEBUG]: Skipping Lnet/minecraft/entity/passive/BeeEntity$PollinateGoal;
[12:46:22] [main/DEBUG]: Skipping Lnet/minecraft/entity/passive/BeeEntity$WanderGoal;
[12:46:22] [main/DEBUG]: Skipping Lnet/minecraft/entity/passive/CatEntity$AvoidPlayerGoal;
[12:46:22] [main/DEBUG]: Skipping Lnet/minecraft/entity/passive/CatEntity$MorningGiftGoal;
[12:46:22] [main/DEBUG]: Skipping Lnet/minecraft/entity/passive/CatEntity$TemptGoal;
[12:46:22] [main/DEBUG]: Skipping Lnet/minecraft/entity/passive/PolarBearEntity$AttackPlayerGoal;
[12:46:22] [main/DEBUG]: Skipping Lnet/minecraft/entity/passive/PolarBearEntity$HurtByTargetGoal;
[12:46:22] [main/DEBUG]: Skipping Lnet/minecraft/entity/passive/PolarBearEntity$MeleeAttackGoal;
[12:46:22] [main/DEBUG]: Skipping Lnet/minecraft/entity/passive/PolarBearEntity$PanicGoal;
[12:46:22] [main/DEBUG]: Skipping Lnet/minecraft/entity/passive/AnimalEntity;
[12:46:22] [main/DEBUG]: Skipping Lnet/minecraft/entity/passive/BeeEntity;
[12:46:22] [main/DEBUG]: Skipping Lnet/minecraft/entity/passive/CatEntity;
[12:46:22] [main/DEBUG]: Skipping Lnet/minecraft/entity/passive/FoxEntity;
[12:46:22] [main/DEBUG]: Skipping Lnet/minecraft/entity/passive/IronGolemEntity;
[12:46:22] [main/DEBUG]: Skipping Lnet/minecraft/entity/passive/MooshroomEntity;
[12:46:22] [main/DEBUG]: Skipping Lnet/minecraft/entity/passive/OcelotEntity;
[12:46:22] [main/DEBUG]: Skipping Lnet/minecraft/entity/passive/ParrotEntity;
[12:46:22] [main/DEBUG]: Skipping Lnet/minecraft/entity/passive/PigEntity;
[12:46:22] [main/DEBUG]: Skipping Lnet/minecraft/entity/passive/PolarBearEntity;
[12:46:22] [main/DEBUG]: Skipping Lnet/minecraft/entity/passive/RabbitEntity;
[12:46:22] [main/DEBUG]: Skipping Lnet/minecraft/entity/passive/SheepEntity;
[12:46:22] [main/DEBUG]: Skipping Lnet/minecraft/entity/passive/SnowGolemEntity;
[12:46:22] [main/DEBUG]: Skipping Lnet/minecraft/entity/passive/WolfEntity;
[12:46:22] [main/DEBUG]: Skipping Lnet/minecraft/entity/passive/horse/package-info;
[12:46:22] [main/DEBUG]: Skipping Lnet/minecraft/entity/passive/horse/LlamaEntity$1;
[12:46:22] [main/DEBUG]: Skipping Lnet/minecraft/entity/passive/horse/LlamaEntity$DefendTargetGoal;
[12:46:22] [main/DEBUG]: Skipping Lnet/minecraft/entity/passive/horse/LlamaEntity$LlamaData;
[12:46:22] [main/DEBUG]: Skipping Lnet/minecraft/entity/passive/horse/LlamaEntity$HurtByTargetGoal;
[12:46:22] [main/DEBUG]: Skipping Lnet/minecraft/entity/passive/horse/TraderLlamaEntity$FollowTraderGoal;
[12:46:22] [main/DEBUG]: Skipping Lnet/minecraft/entity/passive/horse/AbstractChestedHorseEntity;
[12:46:22] [main/DEBUG]: Skipping Lnet/minecraft/entity/passive/horse/DonkeyEntity;
[12:46:22] [main/DEBUG]: Skipping Lnet/minecraft/entity/passive/horse/LlamaEntity;
[12:46:22] [main/DEBUG]: Skipping Lnet/minecraft/entity/passive/horse/CoatTypes;
[12:46:22] [main/DEBUG]: Skipping Lnet/minecraft/entity/passive/horse/MuleEntity;
[12:46:22] [main/DEBUG]: Skipping Lnet/minecraft/entity/passive/horse/SkeletonHorseEntity;
[12:46:22] [main/DEBUG]: Skipping Lnet/minecraft/entity/passive/horse/TraderLlamaEntity;
[12:46:22] [main/DEBUG]: Skipping Lnet/minecraft/entity/passive/horse/CoatColors;
[12:46:22] [main/DEBUG]: Skipping Lnet/minecraft/entity/passive/horse/ZombieHorseEntity;
[12:46:22] [main/DEBUG]: Skipping Lnet/minecraft/entity/passive/horse/HorseEntity$HorseData;
[12:46:22] [main/DEBUG]: Skipping Lnet/minecraft/entity/passive/horse/AbstractHorseEntity;
[12:46:22] [main/DEBUG]: Skipping Lnet/minecraft/entity/passive/horse/HorseEntity;
[12:46:22] [main/DEBUG]: Skipping Lnet/minecraft/entity/boss/package-info;
[12:46:22] [main/DEBUG]: Skipping Lnet/minecraft/entity/boss/WitherEntity$DoNothingGoal;
[12:46:22] [main/DEBUG]: Skipping Lnet/minecraft/entity/boss/dragon/package-info;
[12:46:22] [main/DEBUG]: Skipping Lnet/minecraft/entity/boss/dragon/phase/package-info;
[12:46:22] [main/DEBUG]: Skipping Lnet/minecraft/entity/boss/dragon/phase/Phase;
[12:46:22] [main/DEBUG]: Skipping Lnet/minecraft/entity/boss/dragon/phase/SittingPhase;
[12:46:22] [main/DEBUG]: Skipping Lnet/minecraft/entity/boss/dragon/phase/ChargingPlayerPhase;
[12:46:22] [main/DEBUG]: Skipping Lnet/minecraft/entity/boss/dragon/phase/DyingPhase;
[12:46:22] [main/DEBUG]: Skipping Lnet/minecraft/entity/boss/dragon/phase/HoldingPatternPhase;
[12:46:22] [main/DEBUG]: Skipping Lnet/minecraft/entity/boss/dragon/phase/HoverPhase;
[12:46:22] [main/DEBUG]: Skipping Lnet/minecraft/entity/boss/dragon/phase/LandingApproachPhase;
[12:46:22] [main/DEBUG]: Skipping Lnet/minecraft/entity/boss/dragon/phase/LandingPhase;
[12:46:22] [main/DEBUG]: Skipping Lnet/minecraft/entity/boss/dragon/phase/IPhase;
[12:46:22] [main/DEBUG]: Skipping Lnet/minecraft/entity/boss/dragon/phase/AttackingSittingPhase;
[12:46:22] [main/DEBUG]: Skipping Lnet/minecraft/entity/boss/dragon/phase/FlamingSittingPhase;
[12:46:22] [main/DEBUG]: Skipping Lnet/minecraft/entity/boss/dragon/phase/ScanningSittingPhase;
[12:46:22] [main/DEBUG]: Skipping Lnet/minecraft/entity/boss/dragon/phase/StrafePlayerPhase;
[12:46:22] [main/DEBUG]: Skipping Lnet/minecraft/entity/boss/dragon/phase/TakeoffPhase;
[12:46:22] [main/DEBUG]: Skipping Lnet/minecraft/entity/boss/dragon/phase/PhaseType;
[12:46:22] [main/DEBUG]: Skipping Lnet/minecraft/entity/boss/dragon/phase/PhaseManager;
[12:46:22] [main/DEBUG]: Skipping Lnet/minecraft/entity/boss/dragon/EnderDragonPartEntity;
[12:46:22] [main/DEBUG]: Skipping Lnet/minecraft/entity/boss/dragon/EnderDragonEntity;
[12:46:22] [main/DEBUG]: Skipping Lnet/minecraft/entity/boss/WitherEntity;
[12:46:22] [main/DEBUG]: Skipping Lnet/minecraft/entity/ICrossbowUser;
[12:46:22] [main/DEBUG]: Skipping Lnet/minecraft/entity/monster/package-info;
[12:46:22] [main/DEBUG]: Skipping Lnet/minecraft/entity/monster/GuardianEntity$AttackGoal;
[12:46:22] [main/DEBUG]: Skipping Lnet/minecraft/entity/monster/GuardianEntity$TargetPredicate;
[12:46:22] [main/DEBUG]: Skipping Lnet/minecraft/entity/monster/GuardianEntity$MoveHelperController;
[12:46:22] [main/DEBUG]: Skipping Lnet/minecraft/entity/monster/BlazeEntity$FireballAttackGoal;
[12:46:22] [main/DEBUG]: Skipping Lnet/minecraft/entity/monster/DrownedEntity$AttackGoal;
[12:46:22] [main/DEBUG]: Skipping Lnet/minecraft/entity/monster/DrownedEntity$GoToBeachGoal;
[12:46:22] [main/DEBUG]: Skipping Lnet/minecraft/entity/monster/DrownedEntity$GoToWaterGoal;
[12:46:22] [main/DEBUG]: Skipping Lnet/minecraft/entity/monster/DrownedEntity$MoveHelperController;
[12:46:22] [main/DEBUG]: Skipping Lnet/minecraft/entity/monster/DrownedEntity$SwimUpGoal;
[12:46:22] [main/DEBUG]: Skipping Lnet/minecraft/entity/monster/DrownedEntity$TridentAttackGoal;
[12:46:22] [main/DEBUG]: Skipping Lnet/minecraft/entity/monster/PatrollerEntity$PatrolGoal;
[12:46:22] [main/DEBUG]: Skipping Lnet/minecraft/entity/monster/PhantomEntity$1;
[12:46:22] [main/DEBUG]: Skipping Lnet/minecraft/entity/monster/PhantomEntity$AttackPhase;
[12:46:22] [main/DEBUG]: Skipping Lnet/minecraft/entity/monster/PhantomEntity$AttackPlayerGoal;
[12:46:22] [main/DEBUG]: Skipping Lnet/minecraft/entity/monster/PhantomEntity$PickAttackGoal;
[12:46:22] [main/DEBUG]: Skipping Lnet/minecraft/entity/monster/PhantomEntity$BodyHelperController;
[12:46:22] [main/DEBUG]: Skipping Lnet/minecraft/entity/monster/PhantomEntity$OrbitPointGoal;
[12:46:22] [main/DEBUG]: Skipping Lnet/minecraft/entity/monster/PhantomEntity$LookHelperController;
[12:46:22] [main/DEBUG]: Skipping Lnet/minecraft/entity/monster/PhantomEntity$MoveHelperController;
[12:46:22] [main/DEBUG]: Skipping Lnet/minecraft/entity/monster/PhantomEntity$MoveGoal;
[12:46:22] [main/DEBUG]: Skipping Lnet/minecraft/entity/monster/PhantomEntity$SweepAttackGoal;
[12:46:22] [main/DEBUG]: Skipping Lnet/minecraft/entity/monster/SpellcastingIllagerEntity$SpellType;
[12:46:22] [main/DEBUG]: Skipping Lnet/minecraft/entity/monster/SpellcastingIllagerEntity$CastingASpellGoal;
[12:46:22] [main/DEBUG]: Skipping Lnet/minecraft/entity/monster/SpellcastingIllagerEntity$UseSpellGoal;
[12:46:22] [main/DEBUG]: Skipping Lnet/minecraft/entity/monster/AbstractIllagerEntity$ArmPose;
[12:46:22] [main/DEBUG]: Skipping Lnet/minecraft/entity/monster/AbstractIllagerEntity$RaidOpenDoorGoal;
[12:46:22] [main/DEBUG]: Skipping Lnet/minecraft/entity/monster/VexEntity$ChargeAttackGoal;
[12:46:22] [main/DEBUG]: Skipping Lnet/minecraft/entity/monster/VexEntity$CopyOwnerTargetGoal;
[12:46:22] [main/DEBUG]: Skipping Lnet/minecraft/entity/monster/VexEntity$MoveHelperController;
[12:46:22] [main/DEBUG]: Skipping Lnet/minecraft/entity/monster/VexEntity$MoveRandomGoal;
[12:46:22] [main/DEBUG]: Skipping Lnet/minecraft/entity/monster/GhastEntity$LookAroundGoal;
[12:46:22] [main/DEBUG]: Skipping Lnet/minecraft/entity/monster/GhastEntity$MoveHelperController;
[12:46:22] [main/DEBUG]: Skipping Lnet/minecraft/entity/monster/GhastEntity$FireballAttackGoal;
[12:46:22] [main/DEBUG]: Skipping Lnet/minecraft/entity/monster/GhastEntity$RandomFlyGoal;
[12:46:22] [main/DEBUG]: Skipping Lnet/minecraft/entity/monster/VindicatorEntity$BreakDoorGoal;
[12:46:22] [main/DEBUG]: Skipping Lnet/minecraft/entity/monster/VindicatorEntity$JohnnyAttackGoal;
[12:46:22] [main/DEBUG]: Skipping Lnet/minecraft/entity/monster/VindicatorEntity$AttackGoal;
[12:46:22] [main/DEBUG]: Skipping Lnet/minecraft/entity/monster/AbstractRaiderEntity$FindTargetGoal;
[12:46:22] [main/DEBUG]: Skipping Lnet/minecraft/entity/monster/AbstractRaiderEntity$PromoteLeaderGoal;
[12:46:22] [main/DEBUG]: Skipping Lnet/minecraft/entity/monster/AbstractRaiderEntity$CelebrateRaidLossGoal;
[12:46:22] [main/DEBUG]: Skipping Lnet/minecraft/entity/monster/AbstractRaiderEntity$InvadeHomeGoal;
[12:46:22] [main/DEBUG]: Skipping Lnet/minecraft/entity/monster/AbstractIllagerEntity;
[12:46:22] [main/DEBUG]: Skipping Lnet/minecraft/entity/monster/BlazeEntity;
[12:46:22] [main/DEBUG]: Skipping Lnet/minecraft/entity/monster/CaveSpiderEntity;
[12:46:22] [main/DEBUG]: Skipping Lnet/minecraft/entity/monster/DrownedEntity;
[12:46:22] [main/DEBUG]: Skipping Lnet/minecraft/entity/monster/ElderGuardianEntity;
[12:46:22] [main/DEBUG]: Skipping Lnet/minecraft/entity/monster/EndermiteEntity;
[12:46:22] [main/DEBUG]: Skipping Lnet/minecraft/entity/monster/IMob;
[12:46:22] [main/DEBUG]: Skipping Lnet/minecraft/entity/monster/GhastEntity;
[12:46:22] [main/DEBUG]: Skipping Lnet/minecraft/entity/monster/GiantEntity;
[12:46:22] [main/DEBUG]: Skipping Lnet/minecraft/entity/monster/GuardianEntity;
[12:46:22] [main/DEBUG]: Skipping Lnet/minecraft/entity/monster/HuskEntity;
[12:46:22] [main/DEBUG]: Skipping Lnet/minecraft/entity/monster/MonsterEntity;
[12:46:22] [main/DEBUG]: Skipping Lnet/minecraft/entity/monster/PatrollerEntity;
[12:46:22] [main/DEBUG]: Skipping Lnet/minecraft/entity/monster/PhantomEntity;
[12:46:22] [main/DEBUG]: Transforming class Lnet/minecraft/entity/monster/SkeletonEntity;
[12:46:22] [main/DEBUG]: Transforming net.minecraft.entity.monster.SkeletonEntity METHOD func_190727_o()Lnet/minecraft/util/SoundEvent; to access PROTECTED and LEAVE
[12:46:22] [main/DEBUG]: Skipping Lnet/minecraft/entity/monster/SpellcastingIllagerEntity;
[12:46:22] [main/DEBUG]: Transforming class Lnet/minecraft/entity/monster/StrayEntity;
[12:46:22] [main/DEBUG]: Transforming net.minecraft.entity.monster.StrayEntity METHOD func_190727_o()Lnet/minecraft/util/SoundEvent; to access PROTECTED and LEAVE
[12:46:22] [main/DEBUG]: Skipping Lnet/minecraft/entity/monster/VexEntity;
[12:46:22] [main/DEBUG]: Skipping Lnet/minecraft/entity/monster/VindicatorEntity;
[12:46:22] [main/DEBUG]: Skipping Lnet/minecraft/entity/monster/WitchEntity;
[12:46:22] [main/DEBUG]: Transforming class Lnet/minecraft/entity/monster/WitherSkeletonEntity;
[12:46:22] [main/DEBUG]: Transforming net.minecraft.entity.monster.WitherSkeletonEntity METHOD func_190727_o()Lnet/minecraft/util/SoundEvent; to access PROTECTED and LEAVE
[12:46:22] [main/DEBUG]: Skipping Lnet/minecraft/entity/monster/ZoglinEntity;
[12:46:22] [main/DEBUG]: Skipping Lnet/minecraft/entity/monster/HoglinTasks;
[12:46:22] [main/DEBUG]: Skipping Lnet/minecraft/entity/monster/IFlinging;
[12:46:22] [main/DEBUG]: Skipping Lnet/minecraft/entity/monster/AbstractRaiderEntity;
[12:46:22] [main/DEBUG]: Skipping Lnet/minecraft/entity/monster/SlimeEntity$AttackGoal;
[12:46:22] [main/DEBUG]: Skipping Lnet/minecraft/entity/monster/SlimeEntity$FloatGoal;
[12:46:22] [main/DEBUG]: Skipping Lnet/minecraft/entity/monster/SlimeEntity$HopGoal;
[12:46:22] [main/DEBUG]: Skipping Lnet/minecraft/entity/monster/SlimeEntity$MoveHelperController;
[12:46:22] [main/DEBUG]: Skipping Lnet/minecraft/entity/monster/SlimeEntity$FaceRandomGoal;
[12:46:22] [main/DEBUG]: Skipping Lnet/minecraft/entity/monster/IllusionerEntity$1;
[12:46:22] [main/DEBUG]: Skipping Lnet/minecraft/entity/monster/IllusionerEntity$BlindnessSpellGoal;
[12:46:22] [main/DEBUG]: Skipping Lnet/minecraft/entity/monster/IllusionerEntity$MirrorSpellGoal;
[12:46:22] [main/DEBUG]: Skipping Lnet/minecraft/entity/monster/ZombieEntity$AttackTurtleEggGoal;
[12:46:22] [main/DEBUG]: Skipping Lnet/minecraft/entity/monster/ZombieEntity$GroupData;
[12:46:22] [main/DEBUG]: Skipping Lnet/minecraft/entity/monster/EndermanEntity$StareGoal;
[12:46:22] [main/DEBUG]: Skipping Lnet/minecraft/entity/monster/EndermanEntity$PlaceBlockGoal;
[12:46:22] [main/DEBUG]: Skipping Lnet/minecraft/entity/monster/EndermanEntity$FindPlayerGoal;
[12:46:22] [main/DEBUG]: Skipping Lnet/minecraft/entity/monster/EndermanEntity$TakeBlockGoal;
[12:46:22] [main/DEBUG]: Skipping Lnet/minecraft/entity/monster/SpiderEntity$AttackGoal;
[12:46:22] [main/DEBUG]: Skipping Lnet/minecraft/entity/monster/SpiderEntity$GroupData;
[12:46:22] [main/DEBUG]: Skipping Lnet/minecraft/entity/monster/SpiderEntity$TargetGoal;
[12:46:22] [main/DEBUG]: Skipping Lnet/minecraft/entity/monster/AbstractSkeletonEntity$1;
[12:46:22] [main/DEBUG]: Skipping Lnet/minecraft/entity/monster/RavagerEntity$1;
[12:46:22] [main/DEBUG]: Skipping Lnet/minecraft/entity/monster/RavagerEntity$AttackGoal;
[12:46:22] [main/DEBUG]: Skipping Lnet/minecraft/entity/monster/RavagerEntity$Navigator;
[12:46:22] [main/DEBUG]: Skipping Lnet/minecraft/entity/monster/RavagerEntity$Processor;
[12:46:22] [main/DEBUG]: Skipping Lnet/minecraft/entity/monster/EvokerEntity$1;
[12:46:22] [main/DEBUG]: Skipping Lnet/minecraft/entity/monster/EvokerEntity$AttackSpellGoal;
[12:46:22] [main/DEBUG]: Skipping Lnet/minecraft/entity/monster/EvokerEntity$CastingSpellGoal;
[12:46:22] [main/DEBUG]: Skipping Lnet/minecraft/entity/monster/EvokerEntity$SummonSpellGoal;
[12:46:22] [main/DEBUG]: Skipping Lnet/minecraft/entity/monster/EvokerEntity$WololoSpellGoal;
[12:46:22] [main/DEBUG]: Skipping Lnet/minecraft/entity/monster/ShulkerEntity$1;
[12:46:22] [main/DEBUG]: Skipping Lnet/minecraft/entity/monster/ShulkerEntity$AttackGoal;
[12:46:22] [main/DEBUG]: Skipping Lnet/minecraft/entity/monster/ShulkerEntity$BodyHelperController;
[12:46:22] [main/DEBUG]: Skipping Lnet/minecraft/entity/monster/ShulkerEntity$DefenseAttackGoal;
[12:46:22] [main/DEBUG]: Skipping Lnet/minecraft/entity/monster/ShulkerEntity$AttackNearestGoal;
[12:46:22] [main/DEBUG]: Skipping Lnet/minecraft/entity/monster/ShulkerEntity$PeekGoal;
[12:46:22] [main/DEBUG]: Skipping Lnet/minecraft/entity/monster/SilverfishEntity$HideInStoneGoal;
[12:46:22] [main/DEBUG]: Skipping Lnet/minecraft/entity/monster/SilverfishEntity$SummonSilverfishGoal;
[12:46:22] [main/DEBUG]: Transforming class Lnet/minecraft/entity/monster/AbstractSkeletonEntity;
[12:46:22] [main/DEBUG]: Transforming net.minecraft.entity.monster.AbstractSkeletonEntity METHOD func_190727_o()Lnet/minecraft/util/SoundEvent; to access PROTECTED and LEAVE
[12:46:22] [main/DEBUG]: Skipping Lnet/minecraft/entity/monster/CreeperEntity;
[12:46:22] [main/DEBUG]: Skipping Lnet/minecraft/entity/monster/EndermanEntity;
[12:46:22] [main/DEBUG]: Skipping Lnet/minecraft/entity/monster/EvokerEntity;
[12:46:22] [main/DEBUG]: Skipping Lnet/minecraft/entity/monster/IllusionerEntity;
[12:46:22] [main/DEBUG]: Skipping Lnet/minecraft/entity/monster/MagmaCubeEntity;
[12:46:22] [main/DEBUG]: Skipping Lnet/minecraft/entity/monster/PillagerEntity;
[12:46:22] [main/DEBUG]: Skipping Lnet/minecraft/entity/monster/RavagerEntity;
[12:46:22] [main/DEBUG]: Skipping Lnet/minecraft/entity/monster/ShulkerEntity;
[12:46:22] [main/DEBUG]: Skipping Lnet/minecraft/entity/monster/SilverfishEntity;
[12:46:22] [main/DEBUG]: Skipping Lnet/minecraft/entity/monster/SlimeEntity;
[12:46:22] [main/DEBUG]: Skipping Lnet/minecraft/entity/monster/SpiderEntity;
[12:46:22] [main/DEBUG]: Skipping Lnet/minecraft/entity/monster/ZombieEntity;
[12:46:22] [main/DEBUG]: Skipping Lnet/minecraft/entity/monster/ZombieVillagerEntity;
[12:46:22] [main/DEBUG]: Skipping Lnet/minecraft/entity/monster/ZombifiedPiglinEntity;
[12:46:22] [main/DEBUG]: Skipping Lnet/minecraft/entity/monster/HoglinEntity;
[12:46:22] [main/DEBUG]: Skipping Lnet/minecraft/entity/monster/piglin/package-info;
[12:46:22] [main/DEBUG]: Skipping Lnet/minecraft/entity/monster/piglin/PiglinAction;
[12:46:22] [main/DEBUG]: Skipping Lnet/minecraft/entity/monster/piglin/PiglinBruteEntity;
[12:46:22] [main/DEBUG]: Skipping Lnet/minecraft/entity/monster/piglin/PiglinBruteBrain;
[12:46:22] [main/DEBUG]: Skipping Lnet/minecraft/entity/monster/piglin/FinishedHuntTask;
[12:46:22] [main/DEBUG]: Skipping Lnet/minecraft/entity/monster/piglin/AdmireItemTask;
[12:46:22] [main/DEBUG]: Skipping Lnet/minecraft/entity/monster/piglin/StartHuntTask;
[12:46:22] [main/DEBUG]: Skipping Lnet/minecraft/entity/monster/piglin/ForgetAdmiredItemTask;
[12:46:22] [main/DEBUG]: Skipping Lnet/minecraft/entity/monster/piglin/StopReachingItemTask;
[12:46:22] [main/DEBUG]: Skipping Lnet/minecraft/entity/monster/piglin/AbstractPiglinEntity;
[12:46:22] [main/DEBUG]: Skipping Lnet/minecraft/entity/monster/piglin/PiglinEntity;
[12:46:22] [main/DEBUG]: Skipping Lnet/minecraft/entity/monster/piglin/PiglinTasks;
[12:46:22] [main/DEBUG]: Skipping Lnet/minecraft/entity/monster/piglin/StartAdmiringItemTask;
[12:46:22] [main/DEBUG]: Skipping Lnet/minecraft/entity/merchant/package-info;
[12:46:22] [main/DEBUG]: Skipping Lnet/minecraft/entity/merchant/IReputationType$1;
[12:46:22] [main/DEBUG]: Skipping Lnet/minecraft/entity/merchant/IReputationTracking;
[12:46:22] [main/DEBUG]: Skipping Lnet/minecraft/entity/merchant/IReputationType;
[12:46:22] [main/DEBUG]: Skipping Lnet/minecraft/entity/merchant/IMerchant;
[12:46:22] [main/DEBUG]: Skipping Lnet/minecraft/entity/merchant/villager/package-info;
[12:46:22] [main/DEBUG]: Skipping Lnet/minecraft/entity/merchant/villager/WanderingTraderEntity$MoveToGoal;
[12:46:22] [main/DEBUG]: Skipping Lnet/minecraft/entity/merchant/villager/VillagerTrades$DyedArmorForEmeraldsTrade;
[12:46:22] [main/DEBUG]: Skipping Lnet/minecraft/entity/merchant/villager/VillagerTrades$EmeraldForItemsTrade;
[12:46:22] [main/DEBUG]: Skipping Lnet/minecraft/entity/merchant/villager/VillagerData;
[12:46:22] [main/DEBUG]: Skipping Lnet/minecraft/entity/merchant/villager/VillagerTrades$EmeraldForVillageTypeItemTrade;
[12:46:22] [main/DEBUG]: Skipping Lnet/minecraft/entity/merchant/villager/VillagerTrades$EnchantedBookForEmeraldsTrade;
[12:46:22] [main/DEBUG]: Skipping Lnet/minecraft/entity/merchant/villager/VillagerTrades$EnchantedItemForEmeraldsTrade;
[12:46:22] [main/DEBUG]: Skipping Lnet/minecraft/entity/merchant/villager/VillagerTrades;
[12:46:22] [main/DEBUG]: Skipping Lnet/minecraft/entity/merchant/villager/VillagerTrades$ITrade;
[12:46:22] [main/DEBUG]: Skipping Lnet/minecraft/entity/merchant/villager/VillagerTrades$ItemsForEmeraldsAndItemsTrade;
[12:46:22] [main/DEBUG]: Skipping Lnet/minecraft/entity/merchant/villager/WanderingTraderEntity;
[12:46:22] [main/DEBUG]: Skipping Lnet/minecraft/entity/merchant/villager/VillagerTrades$ItemsForEmeraldsTrade;
[12:46:22] [main/DEBUG]: Skipping Lnet/minecraft/entity/merchant/villager/VillagerTrades$SuspiciousStewForEmeraldTrade;
[12:46:22] [main/DEBUG]: Skipping Lnet/minecraft/entity/merchant/villager/VillagerTrades$ItemWithPotionForEmeraldsAndItemsTrade;
[12:46:22] [main/DEBUG]: Skipping Lnet/minecraft/entity/merchant/villager/VillagerTrades$EmeraldForMapTrade;
[12:46:22] [main/DEBUG]: Skipping Lnet/minecraft/entity/merchant/villager/AbstractVillagerEntity;
[12:46:22] [main/DEBUG]: Skipping Lnet/minecraft/entity/merchant/villager/VillagerEntity;
[12:46:22] [main/DEBUG]: Transforming class Lnet/minecraft/entity/merchant/villager/VillagerProfession;
[12:46:22] [main/DEBUG]: Transforming net.minecraft.entity.merchant.villager.VillagerProfession METHOD <init>(Ljava/lang/String;Lnet/minecraft/village/PointOfInterestType;Lcom/google/common/collect/ImmutableSet;Lcom/google/common/collect/ImmutableSet;Lnet/minecraft/util/SoundEvent;)V to access PUBLIC and LEAVE
[12:46:22] [main/DEBUG]: Skipping Lnet/minecraft/entity/player/package-info;
[12:46:22] [main/DEBUG]: Skipping Lnet/minecraft/entity/player/SpawnLocationHelper;
[12:46:22] [main/DEBUG]: Skipping Lnet/minecraft/entity/player/PlayerAbilities;
[12:46:22] [main/DEBUG]: Skipping Lnet/minecraft/entity/player/ChatVisibility;
[12:46:22] [main/DEBUG]: Skipping Lnet/minecraft/entity/player/PlayerModelPart;
[12:46:22] [main/DEBUG]: Skipping Lnet/minecraft/entity/player/PlayerEntity$1;
[12:46:22] [main/DEBUG]: Skipping Lnet/minecraft/entity/player/PlayerEntity$SleepResult;
[12:46:22] [main/DEBUG]: Transforming class Lnet/minecraft/entity/player/ServerPlayerEntity;
[12:46:22] [main/DEBUG]: Transforming net.minecraft.entity.player.ServerPlayerEntity FIELD field_71139_cq to access PUBLIC and LEAVE
[12:46:22] [main/DEBUG]: Transforming net.minecraft.entity.player.ServerPlayerEntity METHOD func_71117_bO()V to access PUBLIC and LEAVE
[12:46:22] [main/DEBUG]: Skipping Lnet/minecraft/entity/player/PlayerInventory;
[12:46:22] [main/DEBUG]: Transforming class Lnet/minecraft/entity/player/PlayerEntity;
[12:46:22] [main/DEBUG]: Transforming net.minecraft.entity.player.PlayerEntity METHOD func_71053_j()V to access PUBLIC and LEAVE
[12:46:22] [main/DEBUG]: Skipping Lnet/minecraft/entity/ai/package-info;
[12:46:22] [main/DEBUG]: Skipping Lnet/minecraft/entity/ai/controller/package-info;
[12:46:22] [main/DEBUG]: Skipping Lnet/minecraft/entity/ai/controller/MovementController$Action;
[12:46:22] [main/DEBUG]: Skipping Lnet/minecraft/entity/ai/controller/BodyController;
[12:46:22] [main/DEBUG]: Skipping Lnet/minecraft/entity/ai/controller/DolphinLookController;
[12:46:22] [main/DEBUG]: Skipping Lnet/minecraft/entity/ai/controller/FlyingMovementController;
[12:46:22] [main/DEBUG]: Skipping Lnet/minecraft/entity/ai/controller/JumpController;
[12:46:22] [main/DEBUG]: Skipping Lnet/minecraft/entity/ai/controller/LookController;
[12:46:22] [main/DEBUG]: Skipping Lnet/minecraft/entity/ai/controller/MovementController;
[12:46:22] [main/DEBUG]: Skipping Lnet/minecraft/entity/ai/EntitySenses;
[12:46:22] [main/DEBUG]: Skipping Lnet/minecraft/entity/ai/RandomPositionGenerator;
[12:46:22] [main/DEBUG]: Skipping Lnet/minecraft/entity/ai/attributes/package-info;
[12:46:22] [main/DEBUG]: Skipping Lnet/minecraft/entity/ai/attributes/AttributeModifier$Operation;
[12:46:22] [main/DEBUG]: Skipping Lnet/minecraft/entity/ai/attributes/ModifiableAttributeInstance;
[12:46:22] [main/DEBUG]: Skipping Lnet/minecraft/entity/ai/attributes/AttributeModifierManager;
[12:46:22] [main/DEBUG]: Skipping Lnet/minecraft/entity/ai/attributes/AttributeModifier;
[12:46:22] [main/DEBUG]: Skipping Lnet/minecraft/entity/ai/attributes/Attributes;
[12:46:22] [main/DEBUG]: Skipping Lnet/minecraft/entity/ai/attributes/RangedAttribute;
[12:46:22] [main/DEBUG]: Skipping Lnet/minecraft/entity/ai/attributes/AttributeModifierMap$MutableAttribute;
[12:46:22] [main/DEBUG]: Skipping Lnet/minecraft/entity/ai/attributes/Attribute;
[12:46:22] [main/DEBUG]: Skipping Lnet/minecraft/entity/ai/attributes/AttributeModifierMap;
[12:46:22] [main/DEBUG]: Skipping Lnet/minecraft/entity/ai/attributes/GlobalEntityTypeAttributes;
[12:46:22] [main/DEBUG]: Skipping Lnet/minecraft/entity/ai/goal/package-info;
[12:46:22] [main/DEBUG]: Skipping Lnet/minecraft/entity/ai/goal/Goal$Flag;
[12:46:22] [main/DEBUG]: Skipping Lnet/minecraft/entity/ai/goal/GoalSelector$1;
[12:46:22] [main/DEBUG]: Skipping Lnet/minecraft/entity/ai/goal/GoalSelector$2;
[12:46:22] [main/DEBUG]: Skipping Lnet/minecraft/entity/ai/goal/AvoidEntityGoal;
[12:46:22] [main/DEBUG]: Skipping Lnet/minecraft/entity/ai/goal/BegGoal;
[12:46:22] [main/DEBUG]: Skipping Lnet/minecraft/entity/ai/goal/BoatGoals;
[12:46:22] [main/DEBUG]: Skipping Lnet/minecraft/entity/ai/goal/BreatheAirGoal;
[12:46:22] [main/DEBUG]: Skipping Lnet/minecraft/entity/ai/goal/BreedGoal;
[12:46:22] [main/DEBUG]: Skipping Lnet/minecraft/entity/ai/goal/CatLieOnBedGoal;
[12:46:22] [main/DEBUG]: Skipping Lnet/minecraft/entity/ai/goal/CatSitOnBlockGoal;
[12:46:22] [main/DEBUG]: Skipping Lnet/minecraft/entity/ai/goal/DolphinJumpGoal;
[12:46:22] [main/DEBUG]: Skipping Lnet/minecraft/entity/ai/goal/InteractDoorGoal;
[12:46:22] [main/DEBUG]: Skipping Lnet/minecraft/entity/ai/goal/FleeSunGoal;
[12:46:22] [main/DEBUG]: Skipping Lnet/minecraft/entity/ai/goal/SwimGoal;
[12:46:22] [main/DEBUG]: Skipping Lnet/minecraft/entity/ai/goal/FollowBoatGoal;
[12:46:22] [main/DEBUG]: Skipping Lnet/minecraft/entity/ai/goal/FollowSchoolLeaderGoal;
[12:46:22] [main/DEBUG]: Skipping Lnet/minecraft/entity/ai/goal/FollowMobGoal;
[12:46:22] [main/DEBUG]: Skipping Lnet/minecraft/entity/ai/goal/FollowOwnerGoal;
[12:46:22] [main/DEBUG]: Skipping Lnet/minecraft/entity/ai/goal/FollowParentGoal;
[12:46:22] [main/DEBUG]: Skipping Lnet/minecraft/entity/ai/goal/Goal;
[12:46:22] [main/DEBUG]: Skipping Lnet/minecraft/entity/ai/goal/GoalSelector;
[12:46:22] [main/DEBUG]: Skipping Lnet/minecraft/entity/ai/goal/PatrolVillageGoal;
[12:46:22] [main/DEBUG]: Skipping Lnet/minecraft/entity/ai/goal/LookAtWithoutMovingGoal;
[12:46:22] [main/DEBUG]: Skipping Lnet/minecraft/entity/ai/goal/JumpGoal;
[12:46:22] [main/DEBUG]: Skipping Lnet/minecraft/entity/ai/goal/LandOnOwnersShoulderGoal;
[12:46:22] [main/DEBUG]: Skipping Lnet/minecraft/entity/ai/goal/LeapAtTargetGoal;
[12:46:22] [main/DEBUG]: Skipping Lnet/minecraft/entity/ai/goal/LlamaFollowCaravanGoal;
[12:46:22] [main/DEBUG]: Skipping Lnet/minecraft/entity/ai/goal/LookAtGoal;
[12:46:22] [main/DEBUG]: Skipping Lnet/minecraft/entity/ai/goal/LookAtCustomerGoal;
[12:46:22] [main/DEBUG]: Skipping Lnet/minecraft/entity/ai/goal/ReturnToVillageGoal;
[12:46:22] [main/DEBUG]: Skipping Lnet/minecraft/entity/ai/goal/MoveThroughVillageGoal;
[12:46:22] [main/DEBUG]: Skipping Lnet/minecraft/entity/ai/goal/MoveToBlockGoal;
[12:46:22] [main/DEBUG]: Skipping Lnet/minecraft/entity/ai/goal/MoveTowardsRestrictionGoal;
[12:46:22] [main/DEBUG]: Skipping Lnet/minecraft/entity/ai/goal/MoveTowardsTargetGoal;
[12:46:22] [main/DEBUG]: Skipping Lnet/minecraft/entity/ai/goal/OcelotAttackGoal;
[12:46:22] [main/DEBUG]: Skipping Lnet/minecraft/entity/ai/goal/ShowVillagerFlowerGoal;
[12:46:22] [main/DEBUG]: Skipping Lnet/minecraft/entity/ai/goal/OpenDoorGoal;
[12:46:22] [main/DEBUG]: Skipping Lnet/minecraft/entity/ai/goal/PanicGoal;
[12:46:22] [main/DEBUG]: Skipping Lnet/minecraft/entity/ai/goal/MoveTowardsRaidGoal;
[12:46:22] [main/DEBUG]: Skipping Lnet/minecraft/entity/ai/goal/LookRandomlyGoal;
[12:46:22] [main/DEBUG]: Skipping Lnet/minecraft/entity/ai/goal/RandomWalkingGoal;
[12:46:22] [main/DEBUG]: Skipping Lnet/minecraft/entity/ai/goal/RandomSwimmingGoal;
[12:46:22] [main/DEBUG]: Skipping Lnet/minecraft/entity/ai/goal/RangedAttackGoal;
[12:46:22] [main/DEBUG]: Skipping Lnet/minecraft/entity/ai/goal/RestrictSunGoal;
[12:46:22] [main/DEBUG]: Skipping Lnet/minecraft/entity/ai/goal/SitGoal;
[12:46:22] [main/DEBUG]: Skipping Lnet/minecraft/entity/ai/goal/MoveThroughVillageAtNightGoal;
[12:46:22] [main/DEBUG]: Skipping Lnet/minecraft/entity/ai/goal/CreeperSwellGoal;
[12:46:22] [main/DEBUG]: Skipping Lnet/minecraft/entity/ai/goal/TemptGoal;
[12:46:22] [main/DEBUG]: Skipping Lnet/minecraft/entity/ai/goal/TradeWithPlayerGoal;
[12:46:22] [main/DEBUG]: Skipping Lnet/minecraft/entity/ai/goal/FindWaterGoal;
[12:46:22] [main/DEBUG]: Skipping Lnet/minecraft/entity/ai/goal/UseItemGoal;
[12:46:22] [main/DEBUG]: Skipping Lnet/minecraft/entity/ai/goal/WaterAvoidingRandomFlyingGoal;
[12:46:22] [main/DEBUG]: Skipping Lnet/minecraft/entity/ai/goal/WaterAvoidingRandomWalkingGoal;
[12:46:22] [main/DEBUG]: Skipping Lnet/minecraft/entity/ai/goal/PrioritizedGoal;
[12:46:22] [main/DEBUG]: Skipping Lnet/minecraft/entity/ai/goal/ZombieAttackGoal;
[12:46:22] [main/DEBUG]: Skipping Lnet/minecraft/entity/ai/goal/DefendVillageTargetGoal;
[12:46:22] [main/DEBUG]: Skipping Lnet/minecraft/entity/ai/goal/HurtByTargetGoal;
[12:46:22] [main/DEBUG]: Skipping Lnet/minecraft/entity/ai/goal/NearestAttackableTargetGoal;
[12:46:22] [main/DEBUG]: Skipping Lnet/minecraft/entity/ai/goal/ToggleableNearestAttackableTargetGoal;
[12:46:22] [main/DEBUG]: Skipping Lnet/minecraft/entity/ai/goal/NearestAttackableTargetExpiringGoal;
[12:46:22] [main/DEBUG]: Skipping Lnet/minecraft/entity/ai/goal/NonTamedTargetGoal;
[12:46:22] [main/DEBUG]: Skipping Lnet/minecraft/entity/ai/goal/OwnerHurtByTargetGoal;
[12:46:22] [main/DEBUG]: Skipping Lnet/minecraft/entity/ai/goal/OwnerHurtTargetGoal;
[12:46:22] [main/DEBUG]: Skipping Lnet/minecraft/entity/ai/goal/ResetAngerGoal;
[12:46:22] [main/DEBUG]: Skipping Lnet/minecraft/entity/ai/goal/TargetGoal;
[12:46:22] [main/DEBUG]: Skipping Lnet/minecraft/entity/ai/goal/RangedCrossbowAttackGoal$CrossbowState;
[12:46:22] [main/DEBUG]: Skipping Lnet/minecraft/entity/ai/goal/BreakDoorGoal;
[12:46:22] [main/DEBUG]: Skipping Lnet/minecraft/entity/ai/goal/EatGrassGoal;
[12:46:22] [main/DEBUG]: Skipping Lnet/minecraft/entity/ai/goal/MeleeAttackGoal;
[12:46:22] [main/DEBUG]: Skipping Lnet/minecraft/entity/ai/goal/RangedBowAttackGoal;
[12:46:22] [main/DEBUG]: Skipping Lnet/minecraft/entity/ai/goal/RangedCrossbowAttackGoal;
[12:46:22] [main/DEBUG]: Skipping Lnet/minecraft/entity/ai/goal/BreakBlockGoal;
[12:46:22] [main/DEBUG]: Skipping Lnet/minecraft/entity/ai/goal/RunAroundLikeCrazyGoal;
[12:46:22] [main/DEBUG]: Skipping Lnet/minecraft/entity/ai/goal/TriggerSkeletonTrapGoal;
[12:46:22] [main/DEBUG]: Skipping Lnet/minecraft/entity/ai/brain/package-info;
[12:46:22] [main/DEBUG]: Skipping Lnet/minecraft/entity/ai/brain/Brain$1;
[12:46:22] [main/DEBUG]: Skipping Lnet/minecraft/entity/ai/brain/Brain$MemoryCodec;
[12:46:22] [main/DEBUG]: Skipping Lnet/minecraft/entity/ai/brain/Brain$BrainCodec;
[12:46:22] [main/DEBUG]: Skipping Lnet/minecraft/entity/ai/brain/Brain;
[12:46:22] [main/DEBUG]: Skipping Lnet/minecraft/entity/ai/brain/BrainUtil;
[12:46:22] [main/DEBUG]: Skipping Lnet/minecraft/entity/ai/brain/Memory;
[12:46:22] [main/DEBUG]: Skipping Lnet/minecraft/entity/ai/brain/task/package-info;
[12:46:22] [main/DEBUG]: Skipping Lnet/minecraft/entity/ai/brain/task/GatherPOITask$RetryMarker;
[12:46:22] [main/DEBUG]: Skipping Lnet/minecraft/entity/ai/brain/task/MultiTask$RunType$1;
[12:46:22] [main/DEBUG]: Skipping Lnet/minecraft/entity/ai/brain/task/MultiTask$RunType$2;
[12:46:22] [main/DEBUG]: Skipping Lnet/minecraft/entity/ai/brain/task/Task$Status;
[12:46:22] [main/DEBUG]: Skipping Lnet/minecraft/entity/ai/brain/task/MultiTask$1;
[12:46:22] [main/DEBUG]: Skipping Lnet/minecraft/entity/ai/brain/task/MultiTask$Ordering;
[12:46:22] [main/DEBUG]: Skipping Lnet/minecraft/entity/ai/brain/task/MultiTask$RunType;
[12:46:22] [main/DEBUG]: Skipping Lnet/minecraft/entity/ai/brain/task/GatherPOITask;
[12:46:22] [main/DEBUG]: Skipping Lnet/minecraft/entity/ai/brain/task/AnimalBreedTask;
[12:46:22] [main/DEBUG]: Skipping Lnet/minecraft/entity/ai/brain/task/AssignProfessionTask;
[12:46:22] [main/DEBUG]: Skipping Lnet/minecraft/entity/ai/brain/task/ChildFollowNearestAdultTask;
[12:46:22] [main/DEBUG]: Skipping Lnet/minecraft/entity/ai/brain/task/AttackStrafingTask;
[12:46:22] [main/DEBUG]: Skipping Lnet/minecraft/entity/ai/brain/task/RandomlyStopAttackingTask;
[12:46:22] [main/DEBUG]: Skipping Lnet/minecraft/entity/ai/brain/task/Task;
[12:46:22] [main/DEBUG]: Skipping Lnet/minecraft/entity/ai/brain/task/CelebrateRaidVictoryTask;
[12:46:22] [main/DEBUG]: Skipping Lnet/minecraft/entity/ai/brain/task/PiglinIdleActivityTask;
[12:46:22] [main/DEBUG]: Skipping Lnet/minecraft/entity/ai/brain/task/StopRidingEntityTask;
[12:46:22] [main/DEBUG]: Skipping Lnet/minecraft/entity/ai/brain/task/DummyTask;
[12:46:22] [main/DEBUG]: Skipping Lnet/minecraft/entity/ai/brain/task/PredicateTask;
[12:46:22] [main/DEBUG]: Skipping Lnet/minecraft/entity/ai/brain/task/MultiTask;
[12:46:22] [main/DEBUG]: Skipping Lnet/minecraft/entity/ai/brain/task/GiveHeroGiftsTask;
[12:46:22] [main/DEBUG]: Skipping Lnet/minecraft/entity/ai/brain/task/GoOutsideAfterRaidTask;
[12:46:22] [main/DEBUG]: Skipping Lnet/minecraft/entity/ai/brain/task/HuntCelebrationTask;
[12:46:22] [main/DEBUG]: Skipping Lnet/minecraft/entity/ai/brain/task/WalkToPOITask;
[12:46:22] [main/DEBUG]: Skipping Lnet/minecraft/entity/ai/brain/task/FindPotentialJobTask;
[12:46:22] [main/DEBUG]: Skipping Lnet/minecraft/entity/ai/brain/task/PickupWantedItemTask;
[12:46:22] [main/DEBUG]: Skipping Lnet/minecraft/entity/ai/brain/task/WalkRandomlyInsideTask;
[12:46:22] [main/DEBUG]: Skipping Lnet/minecraft/entity/ai/brain/task/InteractWithEntityTask;
[12:46:22] [main/DEBUG]: Skipping Lnet/minecraft/entity/ai/brain/task/InteractWithDoorTask;
[12:46:22] [main/DEBUG]: Skipping Lnet/minecraft/entity/ai/brain/task/JumpOnBedTask;
[12:46:22] [main/DEBUG]: Skipping Lnet/minecraft/entity/ai/brain/task/FindHidingPlaceTask;
[12:46:22] [main/DEBUG]: Skipping Lnet/minecraft/entity/ai/brain/task/FindHidingPlaceDuringRaidTask;
[12:46:22] [main/DEBUG]: Skipping Lnet/minecraft/entity/ai/brain/task/TradeTask;
[12:46:22] [main/DEBUG]: Skipping Lnet/minecraft/entity/ai/brain/task/LookTask;
[12:46:22] [main/DEBUG]: Skipping Lnet/minecraft/entity/ai/brain/task/AttackTargetTask;
[12:46:22] [main/DEBUG]: Skipping Lnet/minecraft/entity/ai/brain/task/RideEntityTask;
[12:46:22] [main/DEBUG]: Skipping Lnet/minecraft/entity/ai/brain/task/MoveToSkylightTask;
[12:46:22] [main/DEBUG]: Skipping Lnet/minecraft/entity/ai/brain/task/WalkToTargetTask;
[12:46:22] [main/DEBUG]: Skipping Lnet/minecraft/entity/ai/brain/task/WalkToVillagerBabiesTask;
[12:46:22] [main/DEBUG]: Skipping Lnet/minecraft/entity/ai/brain/task/SwitchVillagerJobTask;
[12:46:22] [main/DEBUG]: Skipping Lnet/minecraft/entity/ai/brain/task/WalkRandomlyTask;
[12:46:22] [main/DEBUG]: Skipping Lnet/minecraft/entity/ai/brain/task/HideFromRaidOnBellRingTask;
[12:46:22] [main/DEBUG]: Skipping Lnet/minecraft/entity/ai/brain/task/ChangeJobTask;
[12:46:22] [main/DEBUG]: Skipping Lnet/minecraft/entity/ai/brain/task/ForgetRaidTask;
[12:46:22] [main/DEBUG]: Skipping Lnet/minecraft/entity/ai/brain/task/RingBellTask;
[12:46:22] [main/DEBUG]: Skipping Lnet/minecraft/entity/ai/brain/task/SupplementedTask;
[12:46:22] [main/DEBUG]: Skipping Lnet/minecraft/entity/ai/brain/task/FirstShuffledTask;
[12:46:22] [main/DEBUG]: Skipping Lnet/minecraft/entity/ai/brain/task/RunSometimesTask;
[12:46:22] [main/DEBUG]: Skipping Lnet/minecraft/entity/ai/brain/task/WalkToHouseTask;
[12:46:22] [main/DEBUG]: Skipping Lnet/minecraft/entity/ai/brain/task/LookAtEntityTask;
[12:46:22] [main/DEBUG]: Skipping Lnet/minecraft/entity/ai/brain/task/ExpireHidingTask;
[12:46:22] [main/DEBUG]: Skipping Lnet/minecraft/entity/ai/brain/task/FindInteractionAndLookTargetTask;
[12:46:22] [main/DEBUG]: Skipping Lnet/minecraft/entity/ai/brain/task/BeginRaidTask;
[12:46:22] [main/DEBUG]: Skipping Lnet/minecraft/entity/ai/brain/task/RunAwayTask;
[12:46:22] [main/DEBUG]: Skipping Lnet/minecraft/entity/ai/brain/task/MoveToTargetTask;
[12:46:22] [main/DEBUG]: Skipping Lnet/minecraft/entity/ai/brain/task/StayNearPointTask;
[12:46:22] [main/DEBUG]: Skipping Lnet/minecraft/entity/ai/brain/task/WalkTowardsLookTargetTask;
[12:46:22] [main/DEBUG]: Skipping Lnet/minecraft/entity/ai/brain/task/ShowWaresTask;
[12:46:22] [main/DEBUG]: Skipping Lnet/minecraft/entity/ai/brain/task/SleepAtHomeTask;
[12:46:22] [main/DEBUG]: Skipping Lnet/minecraft/entity/ai/brain/task/CongregateTask;
[12:46:22] [main/DEBUG]: Skipping Lnet/minecraft/entity/ai/brain/task/ForgetAttackTargetTask;
[12:46:22] [main/DEBUG]: Skipping Lnet/minecraft/entity/ai/brain/task/EndAttackTask;
[12:46:22] [main/DEBUG]: Skipping Lnet/minecraft/entity/ai/brain/task/FindNewAttackTargetTask;
[12:46:22] [main/DEBUG]: Skipping Lnet/minecraft/entity/ai/brain/task/GetAngryTask;
[12:46:22] [main/DEBUG]: Skipping Lnet/minecraft/entity/ai/brain/task/WorkTask;
[12:46:22] [main/DEBUG]: Skipping Lnet/minecraft/entity/ai/brain/task/WalkTowardsPosTask;
[12:46:22] [main/DEBUG]: Skipping Lnet/minecraft/entity/ai/brain/task/WalkTowardsRandomSecondaryPosTask;
[12:46:22] [main/DEBUG]: Skipping Lnet/minecraft/entity/ai/brain/task/SwimTask;
[12:46:22] [main/DEBUG]: Skipping Lnet/minecraft/entity/ai/brain/task/ShareItemsTask;
[12:46:22] [main/DEBUG]: Skipping Lnet/minecraft/entity/ai/brain/task/UpdateActivityTask;
[12:46:22] [main/DEBUG]: Skipping Lnet/minecraft/entity/ai/brain/task/BoneMealCropsTask;
[12:46:22] [main/DEBUG]: Skipping Lnet/minecraft/entity/ai/brain/task/ExpirePOITask;
[12:46:22] [main/DEBUG]: Skipping Lnet/minecraft/entity/ai/brain/task/FindWalkTargetAfterRaidVictoryTask;
[12:46:22] [main/DEBUG]: Skipping Lnet/minecraft/entity/ai/brain/task/FindWalkTargetTask;
[12:46:22] [main/DEBUG]: Skipping Lnet/minecraft/entity/ai/brain/task/ClearHurtTask;
[12:46:22] [main/DEBUG]: Skipping Lnet/minecraft/entity/ai/brain/task/VillagerTasks;
[12:46:22] [main/DEBUG]: Skipping Lnet/minecraft/entity/ai/brain/task/CreateBabyVillagerTask;
[12:46:22] [main/DEBUG]: Skipping Lnet/minecraft/entity/ai/brain/task/PanicTask;
[12:46:22] [main/DEBUG]: Skipping Lnet/minecraft/entity/ai/brain/task/WakeUpTask;
[12:46:22] [main/DEBUG]: Skipping Lnet/minecraft/entity/ai/brain/task/FarmerWorkTask;
[12:46:22] [main/DEBUG]: Skipping Lnet/minecraft/entity/ai/brain/task/SpawnGolemTask;
[12:46:22] [main/DEBUG]: Skipping Lnet/minecraft/entity/ai/brain/task/FindJobTask;
[12:46:22] [main/DEBUG]: Skipping Lnet/minecraft/entity/ai/brain/task/ShootTargetTask$Status;
[12:46:22] [main/DEBUG]: Skipping Lnet/minecraft/entity/ai/brain/task/ShootTargetTask;
[12:46:22] [main/DEBUG]: Skipping Lnet/minecraft/entity/ai/brain/task/FarmTask;
[12:46:22] [main/DEBUG]: Skipping Lnet/minecraft/entity/ai/brain/memory/package-info;
[12:46:22] [main/DEBUG]: Skipping Lnet/minecraft/entity/ai/brain/memory/MemoryModuleStatus;
[12:46:22] [main/DEBUG]: Skipping Lnet/minecraft/entity/ai/brain/memory/WalkTarget;
[12:46:22] [main/DEBUG]: Transforming class Lnet/minecraft/entity/ai/brain/memory/MemoryModuleType;
[12:46:22] [main/DEBUG]: Transforming net.minecraft.entity.ai.brain.memory.MemoryModuleType METHOD <init>(Ljava/util/Optional;)V to access PUBLIC and LEAVE
[12:46:22] [main/DEBUG]: Skipping Lnet/minecraft/entity/ai/brain/sensor/package-info;
[12:46:22] [main/DEBUG]: Skipping Lnet/minecraft/entity/ai/brain/sensor/MateSensor;
[12:46:22] [main/DEBUG]: Skipping Lnet/minecraft/entity/ai/brain/sensor/DummySensor;
[12:46:22] [main/DEBUG]: Skipping Lnet/minecraft/entity/ai/brain/sensor/GolemLastSeenSensor;
[12:46:22] [main/DEBUG]: Skipping Lnet/minecraft/entity/ai/brain/sensor/HoglinMobsSensor;
[12:46:22] [main/DEBUG]: Skipping Lnet/minecraft/entity/ai/brain/sensor/HurtBySensor;
[12:46:22] [main/DEBUG]: Skipping Lnet/minecraft/entity/ai/brain/sensor/NearestBedSensor;
[12:46:22] [main/DEBUG]: Skipping Lnet/minecraft/entity/ai/brain/sensor/WantedItemsSensor;
[12:46:22] [main/DEBUG]: Skipping Lnet/minecraft/entity/ai/brain/sensor/NearestLivingEntitiesSensor;
[12:46:22] [main/DEBUG]: Skipping Lnet/minecraft/entity/ai/brain/sensor/PiglinBruteSpecificSensor;
[12:46:22] [main/DEBUG]: Skipping Lnet/minecraft/entity/ai/brain/sensor/PiglinMobsSensor;
[12:46:22] [main/DEBUG]: Skipping Lnet/minecraft/entity/ai/brain/sensor/NearestPlayersSensor;
[12:46:22] [main/DEBUG]: Skipping Lnet/minecraft/entity/ai/brain/sensor/SecondaryPositionSensor;
[12:46:22] [main/DEBUG]: Skipping Lnet/minecraft/entity/ai/brain/sensor/Sensor;
[12:46:22] [main/DEBUG]: Skipping Lnet/minecraft/entity/ai/brain/sensor/VillagerBabiesSensor;
[12:46:22] [main/DEBUG]: Skipping Lnet/minecraft/entity/ai/brain/sensor/VillagerHostilesSensor;
[12:46:22] [main/DEBUG]: Transforming class Lnet/minecraft/entity/ai/brain/sensor/SensorType;
[12:46:22] [main/DEBUG]: Transforming net.minecraft.entity.ai.brain.sensor.SensorType METHOD <init>(Ljava/util/function/Supplier;)V to access PUBLIC and LEAVE
[12:46:22] [main/DEBUG]: Skipping Lnet/minecraft/entity/ai/brain/schedule/package-info;
[12:46:22] [main/DEBUG]: Skipping Lnet/minecraft/entity/ai/brain/schedule/ScheduleBuilder$ActivityEntry;
[12:46:22] [main/DEBUG]: Skipping Lnet/minecraft/entity/ai/brain/schedule/DutyTime;
[12:46:22] [main/DEBUG]: Skipping Lnet/minecraft/entity/ai/brain/schedule/ScheduleBuilder;
[12:46:22] [main/DEBUG]: Skipping Lnet/minecraft/entity/ai/brain/schedule/ScheduleDuties;
[12:46:22] [main/DEBUG]: Transforming class Lnet/minecraft/entity/ai/brain/schedule/Activity;
[12:46:22] [main/DEBUG]: Transforming net.minecraft.entity.ai.brain.schedule.Activity METHOD <init>(Ljava/lang/String;)V to access PUBLIC and LEAVE
[12:46:22] [main/DEBUG]: Skipping Lnet/minecraft/entity/ai/brain/schedule/Schedule;
[12:46:22] [main/DEBUG]: Skipping Lnet/minecraft/entity/item/package-info;
[12:46:22] [main/DEBUG]: Skipping Lnet/minecraft/entity/item/ItemFrameEntity$1;
[12:46:22] [main/DEBUG]: Skipping Lnet/minecraft/entity/item/EnderCrystalEntity;
[12:46:22] [main/DEBUG]: Skipping Lnet/minecraft/entity/item/ItemFrameEntity;
[12:46:22] [main/DEBUG]: Skipping Lnet/minecraft/entity/item/PaintingEntity;
[12:46:22] [main/DEBUG]: Transforming class Lnet/minecraft/entity/item/TNTEntity;
[12:46:22] [main/DEBUG]: Transforming net.minecraft.entity.item.TNTEntity METHOD func_70515_d()V to access PROTECTED and LEAVE
[12:46:22] [main/DEBUG]: Skipping Lnet/minecraft/entity/item/ExperienceBottleEntity;
[12:46:22] [main/DEBUG]: Skipping Lnet/minecraft/entity/item/ArmorStandEntity$1;
[12:46:22] [main/DEBUG]: Skipping Lnet/minecraft/entity/item/HangingEntity$1;
[12:46:22] [main/DEBUG]: Skipping Lnet/minecraft/entity/item/BoatEntity$1;
[12:46:22] [main/DEBUG]: Skipping Lnet/minecraft/entity/item/BoatEntity$Status;
[12:46:22] [main/DEBUG]: Skipping Lnet/minecraft/entity/item/BoatEntity$Type;
[12:46:22] [main/DEBUG]: Transforming class Lnet/minecraft/entity/item/ExperienceOrbEntity;
[12:46:22] [main/DEBUG]: Transforming net.minecraft.entity.item.ExperienceOrbEntity FIELD field_70530_e to access PUBLIC and LEAVE
[12:46:22] [main/DEBUG]: Skipping Lnet/minecraft/entity/item/ArmorStandEntity;
[12:46:22] [main/DEBUG]: Skipping Lnet/minecraft/entity/item/HangingEntity;
[12:46:22] [main/DEBUG]: Skipping Lnet/minecraft/entity/item/LeashKnotEntity;
[12:46:22] [main/DEBUG]: Skipping Lnet/minecraft/entity/item/PaintingType;
[12:46:22] [main/DEBUG]: Skipping Lnet/minecraft/entity/item/FallingBlockEntity;
[12:46:22] [main/DEBUG]: Skipping Lnet/minecraft/entity/item/ItemEntity;
[12:46:22] [main/DEBUG]: Skipping Lnet/minecraft/entity/item/EnderPearlEntity;
[12:46:22] [main/DEBUG]: Skipping Lnet/minecraft/entity/item/BoatEntity;
[12:46:22] [main/DEBUG]: Skipping Lnet/minecraft/entity/item/minecart/package-info;
[12:46:22] [main/DEBUG]: Skipping Lnet/minecraft/entity/item/minecart/ChestMinecartEntity;
[12:46:22] [main/DEBUG]: Skipping Lnet/minecraft/entity/item/minecart/HopperMinecartEntity;
[12:46:22] [main/DEBUG]: Skipping Lnet/minecraft/entity/item/minecart/TNTMinecartEntity;
[12:46:22] [main/DEBUG]: Skipping Lnet/minecraft/entity/item/minecart/CommandBlockMinecartEntity$MinecartCommandLogic;
[12:46:22] [main/DEBUG]: Skipping Lnet/minecraft/entity/item/minecart/SpawnerMinecartEntity$1;
[12:46:22] [main/DEBUG]: Skipping Lnet/minecraft/entity/item/minecart/AbstractMinecartEntity$1;
[12:46:22] [main/DEBUG]: Skipping Lnet/minecraft/entity/item/minecart/AbstractMinecartEntity$Type;
[12:46:22] [main/DEBUG]: Skipping Lnet/minecraft/entity/item/minecart/AbstractMinecartEntity;
[12:46:22] [main/DEBUG]: Skipping Lnet/minecraft/entity/item/minecart/ContainerMinecartEntity;
[12:46:22] [main/DEBUG]: Skipping Lnet/minecraft/entity/item/minecart/MinecartEntity;
[12:46:22] [main/DEBUG]: Skipping Lnet/minecraft/entity/item/minecart/CommandBlockMinecartEntity;
[12:46:22] [main/DEBUG]: Skipping Lnet/minecraft/entity/item/minecart/FurnaceMinecartEntity;
[12:46:22] [main/DEBUG]: Skipping Lnet/minecraft/entity/item/minecart/SpawnerMinecartEntity;
[12:46:22] [main/DEBUG]: Skipping Lnet/minecraft/entity/projectile/package-info;
[12:46:22] [main/DEBUG]: Skipping Lnet/minecraft/entity/projectile/ArrowEntity;
[12:46:22] [main/DEBUG]: Skipping Lnet/minecraft/entity/projectile/DragonFireballEntity;
[12:46:22] [main/DEBUG]: Skipping Lnet/minecraft/entity/projectile/EvokerFangsEntity;
[12:46:22] [main/DEBUG]: Skipping Lnet/minecraft/entity/projectile/EyeOfEnderEntity;
[12:46:22] [main/DEBUG]: Skipping Lnet/minecraft/entity/projectile/AbstractFireballEntity;
[12:46:22] [main/DEBUG]: Skipping Lnet/minecraft/entity/projectile/ProjectileEntity;
[12:46:22] [main/DEBUG]: Skipping Lnet/minecraft/entity/projectile/SnowballEntity;
[12:46:22] [main/DEBUG]: Skipping Lnet/minecraft/entity/projectile/SpectralArrowEntity;
[12:46:22] [main/DEBUG]: Skipping Lnet/minecraft/entity/projectile/ProjectileItemEntity;
[12:46:22] [main/DEBUG]: Skipping Lnet/minecraft/entity/projectile/EggEntity;
[12:46:22] [main/DEBUG]: Skipping Lnet/minecraft/entity/projectile/PotionEntity;
[12:46:22] [main/DEBUG]: Skipping Lnet/minecraft/entity/projectile/TridentEntity;
[12:46:22] [main/DEBUG]: Skipping Lnet/minecraft/entity/projectile/AbstractArrowEntity$PickupStatus;
[12:46:22] [main/DEBUG]: Skipping Lnet/minecraft/entity/projectile/AbstractArrowEntity;
[12:46:22] [main/DEBUG]: Skipping Lnet/minecraft/entity/projectile/DamagingProjectileEntity;
[12:46:22] [main/DEBUG]: Skipping Lnet/minecraft/entity/projectile/FireworkRocketEntity;
[12:46:22] [main/DEBUG]: Skipping Lnet/minecraft/entity/projectile/FishingBobberEntity;
[12:46:22] [main/DEBUG]: Skipping Lnet/minecraft/entity/projectile/FireballEntity;
[12:46:22] [main/DEBUG]: Skipping Lnet/minecraft/entity/projectile/LlamaSpitEntity;
[12:46:22] [main/DEBUG]: Skipping Lnet/minecraft/entity/projectile/ProjectileHelper;
[12:46:22] [main/DEBUG]: Skipping Lnet/minecraft/entity/projectile/ShulkerBulletEntity;
[12:46:22] [main/DEBUG]: Skipping Lnet/minecraft/entity/projectile/SmallFireballEntity;
[12:46:22] [main/DEBUG]: Skipping Lnet/minecraft/entity/projectile/ThrowableEntity;
[12:46:22] [main/DEBUG]: Skipping Lnet/minecraft/entity/projectile/WitherSkullEntity;
[12:46:22] [main/DEBUG]: Skipping Lnet/minecraft/entity/projectile/FishingBobberEntity$1;
[12:46:22] [main/DEBUG]: Skipping Lnet/minecraft/entity/projectile/FishingBobberEntity$State;
[12:46:22] [main/DEBUG]: Skipping Lnet/minecraft/entity/projectile/FishingBobberEntity$WaterType;
[12:46:22] [main/DEBUG]: Skipping Lnet/minecraft/world/package-info;
[12:46:22] [main/DEBUG]: Skipping Lnet/minecraft/world/IStructureReader;
[12:46:22] [main/DEBUG]: Skipping Lnet/minecraft/world/DimensionType;
[12:46:22] [main/DEBUG]: Skipping Lnet/minecraft/world/Dimension;
[12:46:22] [main/DEBUG]: Skipping Lnet/minecraft/world/SerializableTickList$1;
[12:46:22] [main/DEBUG]: Skipping Lnet/minecraft/world/SerializableTickList$TickHolder;
[12:46:22] [main/DEBUG]: Skipping Lnet/minecraft/world/BossInfo$Color;
[12:46:22] [main/DEBUG]: Skipping Lnet/minecraft/world/BossInfo$Overlay;
[12:46:22] [main/DEBUG]: Skipping Lnet/minecraft/world/level/package-info;
[12:46:22] [main/DEBUG]: Skipping Lnet/minecraft/world/level/ColorResolver;
[12:46:22] [main/DEBUG]: Skipping Lnet/minecraft/world/GameRules$1;
[12:46:22] [main/DEBUG]: Skipping Lnet/minecraft/world/GameRules$BooleanValue;
[12:46:22] [main/DEBUG]: Skipping Lnet/minecraft/world/GameRules$Category;
[12:46:22] [main/DEBUG]: Skipping Lnet/minecraft/world/GameRules$IRuleEntryVisitor;
[12:46:22] [main/DEBUG]: Skipping Lnet/minecraft/world/GameRules$IntegerValue;
[12:46:22] [main/DEBUG]: Skipping Lnet/minecraft/world/GameRules$RuleKey;
[12:46:22] [main/DEBUG]: Skipping Lnet/minecraft/world/GameRules$RuleType;
[12:46:22] [main/DEBUG]: Skipping Lnet/minecraft/world/GameRules$RuleValue;
[12:46:22] [main/DEBUG]: Skipping Lnet/minecraft/world/GameRules$IRule;
[12:46:22] [main/DEBUG]: Skipping Lnet/minecraft/world/WorldGenTickList;
[12:46:22] [main/DEBUG]: Skipping Lnet/minecraft/world/BossInfo;
[12:46:22] [main/DEBUG]: Skipping Lnet/minecraft/world/Difficulty;
[12:46:22] [main/DEBUG]: Skipping Lnet/minecraft/world/DifficultyInstance;
[12:46:22] [main/DEBUG]: Skipping Lnet/minecraft/world/LockCode;
[12:46:22] [main/DEBUG]: Skipping Lnet/minecraft/world/IBlockDisplayReader;
[12:46:22] [main/DEBUG]: Skipping Lnet/minecraft/world/SerializableTickList;
[12:46:22] [main/DEBUG]: Skipping Lnet/minecraft/world/ICollisionReader;
[12:46:22] [main/DEBUG]: Skipping Lnet/minecraft/world/IBiomeReader;
[12:46:22] [main/DEBUG]: Skipping Lnet/minecraft/world/EmptyBlockReader;
[12:46:22] [main/DEBUG]: Skipping Lnet/minecraft/world/EmptyTickList;
[12:46:22] [main/DEBUG]: Skipping Lnet/minecraft/world/EntityExplosionContext;
[12:46:22] [main/DEBUG]: Skipping Lnet/minecraft/world/IEntityReader;
[12:46:22] [main/DEBUG]: Skipping Lnet/minecraft/world/FoliageColors;
[12:46:22] [main/DEBUG]: Transforming class Lnet/minecraft/world/GameRules;
[12:46:22] [main/DEBUG]: Transforming net.minecraft.world.GameRules METHOD func_234903_a_(Ljava/lang/String;Lnet/minecraft/world/GameRules$Category;Lnet/minecraft/world/GameRules$RuleType;)Lnet/minecraft/world/GameRules$RuleKey; to access PUBLIC and LEAVE
[12:46:22] [main/DEBUG]: Skipping Lnet/minecraft/world/GameType;
[12:46:22] [main/DEBUG]: Skipping Lnet/minecraft/world/GrassColors;
[12:46:22] [main/DEBUG]: Skipping Lnet/minecraft/world/IWorld;
[12:46:22] [main/DEBUG]: Skipping Lnet/minecraft/world/IDayTimeReader;
[12:46:22] [main/DEBUG]: Skipping Lnet/minecraft/world/IWorldWriter;
[12:46:22] [main/DEBUG]: Skipping Lnet/minecraft/world/LightType;
[12:46:22] [main/DEBUG]: Skipping Lnet/minecraft/world/Blockreader;
[12:46:22] [main/DEBUG]: Skipping Lnet/minecraft/world/Region;
[12:46:22] [main/DEBUG]: Skipping Lnet/minecraft/world/IServerWorld;
[12:46:22] [main/DEBUG]: Skipping Lnet/minecraft/world/ITickList;
[12:46:22] [main/DEBUG]: Skipping Lnet/minecraft/world/NextTickListEntry;
[12:46:22] [main/DEBUG]: Skipping Lnet/minecraft/world/TickPriority;
[12:46:22] [main/DEBUG]: Skipping Lnet/minecraft/world/ISeedReader;
[12:46:22] [main/DEBUG]: Skipping Lnet/minecraft/world/end/package-info;
[12:46:22] [main/DEBUG]: Skipping Lnet/minecraft/world/end/DragonSpawnState;
[12:46:22] [main/DEBUG]: Skipping Lnet/minecraft/world/end/DragonSpawnState$1;
[12:46:22] [main/DEBUG]: Skipping Lnet/minecraft/world/end/DragonSpawnState$2;
[12:46:22] [main/DEBUG]: Skipping Lnet/minecraft/world/end/DragonSpawnState$3;
[12:46:22] [main/DEBUG]: Skipping Lnet/minecraft/world/end/DragonSpawnState$4;
[12:46:22] [main/DEBUG]: Skipping Lnet/minecraft/world/end/DragonSpawnState$5;
[12:46:22] [main/DEBUG]: Skipping Lnet/minecraft/world/end/DragonFightManager;
[12:46:22] [main/DEBUG]: Transforming class Lnet/minecraft/world/Teleporter;
[12:46:22] [main/DEBUG]: Transforming net.minecraft.world.Teleporter FIELD field_85192_a to access PROTECTED and LEAVE
[12:46:22] [main/DEBUG]: Skipping Lnet/minecraft/world/lighting/package-info;
[12:46:22] [main/DEBUG]: Skipping Lnet/minecraft/world/lighting/BlockLightStorage;
[12:46:22] [main/DEBUG]: Skipping Lnet/minecraft/world/lighting/LightDataMap;
[12:46:22] [main/DEBUG]: Skipping Lnet/minecraft/world/lighting/NibbleArrayRepeater;
[12:46:22] [main/DEBUG]: Skipping Lnet/minecraft/world/lighting/IWorldLightListener;
[12:46:22] [main/DEBUG]: Skipping Lnet/minecraft/world/lighting/SectionLightStorage;
[12:46:22] [main/DEBUG]: Skipping Lnet/minecraft/world/lighting/WorldLightManager;
[12:46:22] [main/DEBUG]: Skipping Lnet/minecraft/world/lighting/ILightListener;
[12:46:22] [main/DEBUG]: Skipping Lnet/minecraft/world/lighting/SkyLightStorage;
[12:46:22] [main/DEBUG]: Skipping Lnet/minecraft/world/lighting/IWorldLightListener$Dummy;
[12:46:22] [main/DEBUG]: Skipping Lnet/minecraft/world/lighting/SectionLightStorage$1;
[12:46:22] [main/DEBUG]: Skipping Lnet/minecraft/world/lighting/SkyLightStorage$1;
[12:46:22] [main/DEBUG]: Skipping Lnet/minecraft/world/lighting/SkyLightStorage$StorageMap;
[12:46:22] [main/DEBUG]: Skipping Lnet/minecraft/world/lighting/BlockLightStorage$StorageMap;
[12:46:22] [main/DEBUG]: Skipping Lnet/minecraft/world/lighting/BlockLightEngine;
[12:46:22] [main/DEBUG]: Skipping Lnet/minecraft/world/lighting/LevelBasedGraph;
[12:46:22] [main/DEBUG]: Skipping Lnet/minecraft/world/lighting/LightEngine;
[12:46:22] [main/DEBUG]: Skipping Lnet/minecraft/world/lighting/SkyLightEngine;
[12:46:22] [main/DEBUG]: Skipping Lnet/minecraft/world/lighting/LevelBasedGraph$1;
[12:46:22] [main/DEBUG]: Skipping Lnet/minecraft/world/lighting/LevelBasedGraph$2;
[12:46:22] [main/DEBUG]: Skipping Lnet/minecraft/world/Explosion$Mode;
[12:46:22] [main/DEBUG]: Skipping Lnet/minecraft/world/chunk/package-info;
[12:46:22] [main/DEBUG]: Skipping Lnet/minecraft/world/chunk/AbstractChunkProvider;
[12:46:22] [main/DEBUG]: Skipping Lnet/minecraft/world/chunk/NibbleArray;
[12:46:22] [main/DEBUG]: Skipping Lnet/minecraft/world/chunk/EmptyChunk;
[12:46:22] [main/DEBUG]: Skipping Lnet/minecraft/world/chunk/ChunkPrimerWrapper;
[12:46:22] [main/DEBUG]: Skipping Lnet/minecraft/world/chunk/ChunkSection;
[12:46:22] [main/DEBUG]: Skipping Lnet/minecraft/world/chunk/IChunkLightProvider;
[12:46:22] [main/DEBUG]: Skipping Lnet/minecraft/world/chunk/ChunkPrimerTickList;
[12:46:22] [main/DEBUG]: Skipping Lnet/minecraft/world/chunk/ChunkTaskPriorityQueueSorter$1;
[12:46:22] [main/DEBUG]: Skipping Lnet/minecraft/world/chunk/ChunkTaskPriorityQueueSorter$FunctionEntry;
[12:46:22] [main/DEBUG]: Skipping Lnet/minecraft/world/chunk/ChunkTaskPriorityQueueSorter$RunnableEntry;
[12:46:22] [main/DEBUG]: Skipping Lnet/minecraft/world/chunk/ChunkTaskPriorityQueue;
[12:46:22] [main/DEBUG]: Skipping Lnet/minecraft/world/chunk/ChunkTaskPriorityQueueSorter;
[12:46:22] [main/DEBUG]: Skipping Lnet/minecraft/world/chunk/ChunkDistanceGraph;
[12:46:22] [main/DEBUG]: Skipping Lnet/minecraft/world/chunk/PlayerGenerationTracker;
[12:46:22] [main/DEBUG]: Skipping Lnet/minecraft/world/chunk/listener/package-info;
[12:46:22] [main/DEBUG]: Skipping Lnet/minecraft/world/chunk/listener/IChunkStatusListener;
[12:46:22] [main/DEBUG]: Skipping Lnet/minecraft/world/chunk/listener/IChunkStatusListenerFactory;
[12:46:22] [main/DEBUG]: Skipping Lnet/minecraft/world/chunk/listener/LoggingChunkStatusListener;
[12:46:22] [main/DEBUG]: Skipping Lnet/minecraft/world/chunk/listener/ChainedChunkStatusListener;
[12:46:22] [main/DEBUG]: Skipping Lnet/minecraft/world/chunk/listener/TrackingChunkStatusListener;
[12:46:22] [main/DEBUG]: Skipping Lnet/minecraft/world/chunk/IChunk;
[12:46:22] [main/DEBUG]: Transforming class Lnet/minecraft/world/chunk/ChunkStatus;
[12:46:22] [main/DEBUG]: Transforming net.minecraft.world.chunk.ChunkStatus METHOD <init>(Ljava/lang/String;Lnet/minecraft/world/chunk/ChunkStatus;ILjava/util/EnumSet;Lnet/minecraft/world/chunk/ChunkStatus$Type;Lnet/minecraft/world/chunk/ChunkStatus$IGenerationWorker;Lnet/minecraft/world/chunk/ChunkStatus$ILoadingWorker;)V to access PUBLIC and LEAVE
[12:46:22] [main/DEBUG]: Skipping Lnet/minecraft/world/chunk/Chunk;
[12:46:22] [main/DEBUG]: Skipping Lnet/minecraft/world/chunk/ChunkPrimer;
[12:46:22] [main/DEBUG]: Skipping Lnet/minecraft/world/chunk/storage/package-info;
[12:46:22] [main/DEBUG]: Skipping Lnet/minecraft/world/chunk/storage/NibbleArrayReader;
[12:46:22] [main/DEBUG]: Skipping Lnet/minecraft/world/chunk/storage/ChunkLoader;
[12:46:22] [main/DEBUG]: Skipping Lnet/minecraft/world/chunk/storage/IOWorker;
[12:46:22] [main/DEBUG]: Skipping Lnet/minecraft/world/chunk/storage/ChunkLoaderUtil;
[12:46:22] [main/DEBUG]: Skipping Lnet/minecraft/world/chunk/storage/RegionBitmap;
[12:46:22] [main/DEBUG]: Skipping Lnet/minecraft/world/chunk/storage/RegionFile;
[12:46:22] [main/DEBUG]: Skipping Lnet/minecraft/world/chunk/storage/RegionFileCache;
[12:46:22] [main/DEBUG]: Skipping Lnet/minecraft/world/chunk/storage/RegionFileVersion;
[12:46:22] [main/DEBUG]: Skipping Lnet/minecraft/world/chunk/storage/RegionSectionCache;
[12:46:22] [main/DEBUG]: Skipping Lnet/minecraft/world/chunk/storage/IOWorker$Entry;
[12:46:22] [main/DEBUG]: Skipping Lnet/minecraft/world/chunk/storage/IOWorker$Priority;
[12:46:22] [main/DEBUG]: Skipping Lnet/minecraft/world/chunk/storage/ChunkLoaderUtil$AnvilConverterData;
[12:46:22] [main/DEBUG]: Skipping Lnet/minecraft/world/chunk/storage/RegionFile$ChunkBuffer;
[12:46:22] [main/DEBUG]: Skipping Lnet/minecraft/world/chunk/storage/RegionFile$ICompleteCallback;
[12:46:22] [main/DEBUG]: Skipping Lnet/minecraft/world/chunk/storage/SuppressedExceptions;
[12:46:22] [main/DEBUG]: Skipping Lnet/minecraft/world/chunk/storage/RegionFileVersion$IWrapper;
[12:46:22] [main/DEBUG]: Skipping Lnet/minecraft/world/chunk/storage/ChunkSerializer;
[12:46:22] [main/DEBUG]: Skipping Lnet/minecraft/world/chunk/Chunk$CreateEntityType;
[12:46:22] [main/DEBUG]: Skipping Lnet/minecraft/world/chunk/ChunkStatus$Type;
[12:46:22] [main/DEBUG]: Skipping Lnet/minecraft/world/chunk/ChunkStatus$IGenerationWorker;
[12:46:22] [main/DEBUG]: Skipping Lnet/minecraft/world/chunk/ChunkStatus$ILoadingWorker;
[12:46:22] [main/DEBUG]: Skipping Lnet/minecraft/world/chunk/ChunkStatus$ISelectiveWorker;
[12:46:22] [main/DEBUG]: Skipping Lnet/minecraft/world/border/package-info;
[12:46:22] [main/DEBUG]: Skipping Lnet/minecraft/world/border/IBorderListener;
[12:46:22] [main/DEBUG]: Skipping Lnet/minecraft/world/border/BorderStatus;
[12:46:22] [main/DEBUG]: Skipping Lnet/minecraft/world/border/IBorderListener$Impl;
[12:46:22] [main/DEBUG]: Skipping Lnet/minecraft/world/border/WorldBorder;
[12:46:22] [main/DEBUG]: Skipping Lnet/minecraft/world/border/WorldBorder$1;
[12:46:22] [main/DEBUG]: Skipping Lnet/minecraft/world/border/WorldBorder$IBorderInfo;
[12:46:22] [main/DEBUG]: Skipping Lnet/minecraft/world/border/WorldBorder$MovingBorderInfo;
[12:46:22] [main/DEBUG]: Skipping Lnet/minecraft/world/border/WorldBorder$Serializer;
[12:46:22] [main/DEBUG]: Skipping Lnet/minecraft/world/border/WorldBorder$StationaryBorderInfo;
[12:46:22] [main/DEBUG]: Skipping Lnet/minecraft/world/World$1;
[12:46:22] [main/DEBUG]: Skipping Lnet/minecraft/world/storage/package-info;
[12:46:22] [main/DEBUG]: Skipping Lnet/minecraft/world/storage/WorldSavedDataCallableSave;
[12:46:22] [main/DEBUG]: Skipping Lnet/minecraft/world/storage/MapBanner;
[12:46:22] [main/DEBUG]: Skipping Lnet/minecraft/world/storage/MapFrame;
[12:46:22] [main/DEBUG]: Skipping Lnet/minecraft/world/storage/MapIdTracker;
[12:46:22] [main/DEBUG]: Skipping Lnet/minecraft/world/storage/MapData;
[12:46:22] [main/DEBUG]: Skipping Lnet/minecraft/world/storage/CommandStorage;
[12:46:22] [main/DEBUG]: Skipping Lnet/minecraft/world/storage/DerivedWorldInfo;
[12:46:22] [main/DEBUG]: Skipping Lnet/minecraft/world/storage/IWorldInfo;
[12:46:22] [main/DEBUG]: Transforming class Lnet/minecraft/world/storage/FolderName;
[12:46:22] [main/DEBUG]: Transforming net.minecraft.world.storage.FolderName METHOD <init>(Ljava/lang/String;)V to access PUBLIC and LEAVE
[12:46:22] [main/DEBUG]: Skipping Lnet/minecraft/world/storage/WorldSummary;
[12:46:22] [main/DEBUG]: Skipping Lnet/minecraft/world/storage/VersionData;
[12:46:22] [main/DEBUG]: Skipping Lnet/minecraft/world/storage/AnvilSaveConverter;
[12:46:22] [main/DEBUG]: Skipping Lnet/minecraft/world/storage/ServerWorldInfo;
[12:46:22] [main/DEBUG]: Skipping Lnet/minecraft/world/storage/IServerWorldInfo;
[12:46:22] [main/DEBUG]: Skipping Lnet/minecraft/world/storage/IServerConfiguration;
[12:46:22] [main/DEBUG]: Skipping Lnet/minecraft/world/storage/ISpawnWorldInfo;
[12:46:22] [main/DEBUG]: Skipping Lnet/minecraft/world/storage/CommandStorage$Container;
[12:46:22] [main/DEBUG]: Skipping Lnet/minecraft/world/storage/MapBanner$1;
[12:46:22] [main/DEBUG]: Skipping Lnet/minecraft/world/storage/MapData$MapInfo;
[12:46:22] [main/DEBUG]: Skipping Lnet/minecraft/world/storage/WorldSavedData;
[12:46:22] [main/DEBUG]: Skipping Lnet/minecraft/world/storage/MapDecoration;
[12:46:22] [main/DEBUG]: Skipping Lnet/minecraft/world/storage/DimensionSavedDataManager;
[12:46:22] [main/DEBUG]: Skipping Lnet/minecraft/world/storage/SaveFormat;
[12:46:22] [main/DEBUG]: Skipping Lnet/minecraft/world/storage/PlayerData;
[12:46:22] [main/DEBUG]: Skipping Lnet/minecraft/world/storage/MapDecoration$Type;
[12:46:22] [main/DEBUG]: Skipping Lnet/minecraft/world/storage/SaveFormat$LevelSave;
[12:46:22] [main/DEBUG]: Skipping Lnet/minecraft/world/storage/SaveFormat$LevelSave$1;
[12:46:22] [main/DEBUG]: Skipping Lnet/minecraft/world/storage/SaveFormat$LevelSave$2;
[12:46:22] [main/DEBUG]: Skipping Lnet/minecraft/world/TrackedEntity;
[12:46:22] [main/DEBUG]: Skipping Lnet/minecraft/world/gen/package-info;
[12:46:22] [main/DEBUG]: Skipping Lnet/minecraft/world/gen/ChunkGenerator;
[12:46:22] [main/DEBUG]: Skipping Lnet/minecraft/world/gen/IDecoratable;
[12:46:22] [main/DEBUG]: Skipping Lnet/minecraft/world/gen/FlatChunkGenerator;
[12:46:22] [main/DEBUG]: Skipping Lnet/minecraft/world/gen/GenerationStage;
[12:46:22] [main/DEBUG]: Skipping Lnet/minecraft/world/gen/Heightmap;
[12:46:22] [main/DEBUG]: Transforming class Lnet/minecraft/world/gen/DimensionSettings;
[12:46:22] [main/DEBUG]: Transforming net.minecraft.world.gen.DimensionSettings METHOD <init>(Lnet/minecraft/world/gen/settings/DimensionStructuresSettings;Lnet/minecraft/world/gen/settings/NoiseSettings;Lnet/minecraft/block/BlockState;Lnet/minecraft/block/BlockState;IIIZ)V to access PUBLIC and LEAVE
[12:46:22] [main/DEBUG]: Transforming net.minecraft.world.gen.DimensionSettings METHOD func_236120_h_()Z to access PUBLIC and LEAVE
[12:46:22] [main/DEBUG]: Skipping Lnet/minecraft/world/gen/FlatLayerInfo;
[12:46:22] [main/DEBUG]: Skipping Lnet/minecraft/world/gen/ImprovedNoiseGenerator;
[12:46:22] [main/DEBUG]: Skipping Lnet/minecraft/world/gen/MaxMinNoiseMixer;
[12:46:22] [main/DEBUG]: Skipping Lnet/minecraft/world/gen/OctavesNoiseGenerator;
[12:46:22] [main/DEBUG]: Skipping Lnet/minecraft/world/gen/PerlinNoiseGenerator;
[12:46:22] [main/DEBUG]: Skipping Lnet/minecraft/world/gen/SimplexNoiseGenerator;
[12:46:22] [main/DEBUG]: Skipping Lnet/minecraft/world/gen/INoiseGenerator;
[12:46:22] [main/DEBUG]: Skipping Lnet/minecraft/world/gen/area/package-info;
[12:46:22] [main/DEBUG]: Skipping Lnet/minecraft/world/gen/area/IArea;
[12:46:22] [main/DEBUG]: Skipping Lnet/minecraft/world/gen/area/IAreaFactory;
[12:46:22] [main/DEBUG]: Skipping Lnet/minecraft/world/gen/area/LazyArea;
[12:46:22] [main/DEBUG]: Skipping Lnet/minecraft/world/gen/IExtendedNoiseRandom;
[12:46:22] [main/DEBUG]: Skipping Lnet/minecraft/world/gen/INoiseRandom;
[12:46:22] [main/DEBUG]: Skipping Lnet/minecraft/world/gen/LazyAreaLayerContext;
[12:46:22] [main/DEBUG]: Skipping Lnet/minecraft/world/gen/trunkplacer/package-info;
[12:46:22] [main/DEBUG]: Skipping Lnet/minecraft/world/gen/trunkplacer/DarkOakTrunkPlacer;
[12:46:22] [main/DEBUG]: Skipping Lnet/minecraft/world/gen/trunkplacer/FancyTrunkPlacer;
[12:46:22] [main/DEBUG]: Skipping Lnet/minecraft/world/gen/trunkplacer/ForkyTrunkPlacer;
[12:46:22] [main/DEBUG]: Skipping Lnet/minecraft/world/gen/trunkplacer/GiantTrunkPlacer;
[12:46:22] [main/DEBUG]: Skipping Lnet/minecraft/world/gen/trunkplacer/MegaJungleTrunkPlacer;
[12:46:22] [main/DEBUG]: Skipping Lnet/minecraft/world/gen/trunkplacer/StraightTrunkPlacer;
[12:46:22] [main/DEBUG]: Skipping Lnet/minecraft/world/gen/trunkplacer/AbstractTrunkPlacer;
[12:46:22] [main/DEBUG]: Skipping Lnet/minecraft/world/gen/trunkplacer/TrunkPlacerType;
[12:46:22] [main/DEBUG]: Skipping Lnet/minecraft/world/gen/trunkplacer/FancyTrunkPlacer$Foliage;
[12:46:22] [main/DEBUG]: Skipping Lnet/minecraft/world/gen/GenerationStage$Carving;
[12:46:22] [main/DEBUG]: Skipping Lnet/minecraft/world/gen/GenerationStage$Decoration;
[12:46:22] [main/DEBUG]: Skipping Lnet/minecraft/world/gen/Heightmap$Type;
[12:46:22] [main/DEBUG]: Skipping Lnet/minecraft/world/gen/Heightmap$Usage;
[12:46:22] [main/DEBUG]: Skipping Lnet/minecraft/world/gen/IWorldGenerationReader;
[12:46:22] [main/DEBUG]: Skipping Lnet/minecraft/world/gen/IWorldGenerationBaseReader;
[12:46:22] [main/DEBUG]: Transforming class Lnet/minecraft/world/gen/DebugChunkGenerator;
[12:46:22] [main/DEBUG]: Transforming net.minecraft.world.gen.DebugChunkGenerator FIELD field_177464_a to access PRIVATE and REMOVEFINAL
[12:46:22] [main/DEBUG]: Transforming net.minecraft.world.gen.DebugChunkGenerator FIELD field_177462_b to access PRIVATE and REMOVEFINAL
[12:46:22] [main/DEBUG]: Transforming net.minecraft.world.gen.DebugChunkGenerator FIELD field_181039_c to access PRIVATE and REMOVEFINAL
[12:46:22] [main/DEBUG]: Skipping Lnet/minecraft/world/gen/NoiseChunkGenerator;
[12:46:22] [main/DEBUG]: Skipping Lnet/minecraft/world/gen/settings/package-info;
[12:46:22] [main/DEBUG]: Skipping Lnet/minecraft/world/gen/settings/ScalingSettings;
[12:46:22] [main/DEBUG]: Skipping Lnet/minecraft/world/gen/settings/NoiseSettings;
[12:46:22] [main/DEBUG]: Skipping Lnet/minecraft/world/gen/settings/SlideSettings;
[12:46:22] [main/DEBUG]: Skipping Lnet/minecraft/world/gen/settings/DimensionStructuresSettings;
[12:46:22] [main/DEBUG]: Skipping Lnet/minecraft/world/gen/settings/StructureSpreadSettings;
[12:46:22] [main/DEBUG]: Skipping Lnet/minecraft/world/gen/settings/StructureSeparationSettings;
[12:46:22] [main/DEBUG]: Skipping Lnet/minecraft/world/gen/settings/DimensionGeneratorSettings;
[12:46:22] [main/DEBUG]: Skipping Lnet/minecraft/world/gen/carver/package-info;
[12:46:22] [main/DEBUG]: Skipping Lnet/minecraft/world/gen/carver/CanyonWorldCarver;
[12:46:22] [main/DEBUG]: Skipping Lnet/minecraft/world/gen/carver/ICarverConfig;
[12:46:22] [main/DEBUG]: Skipping Lnet/minecraft/world/gen/carver/CaveWorldCarver;
[12:46:22] [main/DEBUG]: Skipping Lnet/minecraft/world/gen/carver/ConfiguredCarver;
[12:46:22] [main/DEBUG]: Skipping Lnet/minecraft/world/gen/carver/NetherCaveCarver;
[12:46:22] [main/DEBUG]: Skipping Lnet/minecraft/world/gen/carver/EmptyCarverConfig;
[12:46:22] [main/DEBUG]: Skipping Lnet/minecraft/world/gen/carver/UnderwaterCanyonWorldCarver;
[12:46:22] [main/DEBUG]: Skipping Lnet/minecraft/world/gen/carver/UnderwaterCaveWorldCarver;
[12:46:22] [main/DEBUG]: Skipping Lnet/minecraft/world/gen/carver/ConfiguredCarvers;
[12:46:22] [main/DEBUG]: Skipping Lnet/minecraft/world/gen/carver/WorldCarver;
[12:46:22] [main/DEBUG]: Skipping Lnet/minecraft/world/gen/blockplacer/package-info;
[12:46:22] [main/DEBUG]: Skipping Lnet/minecraft/world/gen/blockplacer/BlockPlacer;
[12:46:22] [main/DEBUG]: Skipping Lnet/minecraft/world/gen/blockplacer/ColumnBlockPlacer;
[12:46:22] [main/DEBUG]: Skipping Lnet/minecraft/world/gen/blockplacer/DoublePlantBlockPlacer;
[12:46:22] [main/DEBUG]: Skipping Lnet/minecraft/world/gen/blockplacer/SimpleBlockPlacer;
[12:46:22] [main/DEBUG]: Transforming class Lnet/minecraft/world/gen/blockplacer/BlockPlacerType;
[12:46:22] [main/DEBUG]: Transforming net.minecraft.world.gen.blockplacer.BlockPlacerType METHOD <init>(Lcom/mojang/serialization/Codec;)V to access PUBLIC and LEAVE
[12:46:22] [main/DEBUG]: Skipping Lnet/minecraft/world/gen/foliageplacer/package-info;
[12:46:22] [main/DEBUG]: Skipping Lnet/minecraft/world/gen/foliageplacer/AcaciaFoliagePlacer;
[12:46:22] [main/DEBUG]: Skipping Lnet/minecraft/world/gen/foliageplacer/BlobFoliagePlacer;
[12:46:22] [main/DEBUG]: Skipping Lnet/minecraft/world/gen/foliageplacer/BushFoliagePlacer;
[12:46:22] [main/DEBUG]: Skipping Lnet/minecraft/world/gen/foliageplacer/DarkOakFoliagePlacer;
[12:46:22] [main/DEBUG]: Skipping Lnet/minecraft/world/gen/foliageplacer/FancyFoliagePlacer;
[12:46:22] [main/DEBUG]: Skipping Lnet/minecraft/world/gen/foliageplacer/FoliagePlacer;
[12:46:22] [main/DEBUG]: Skipping Lnet/minecraft/world/gen/foliageplacer/JungleFoliagePlacer;
[12:46:22] [main/DEBUG]: Skipping Lnet/minecraft/world/gen/foliageplacer/MegaPineFoliagePlacer;
[12:46:22] [main/DEBUG]: Skipping Lnet/minecraft/world/gen/foliageplacer/PineFoliagePlacer;
[12:46:22] [main/DEBUG]: Skipping Lnet/minecraft/world/gen/foliageplacer/SpruceFoliagePlacer;
[12:46:22] [main/DEBUG]: Skipping Lnet/minecraft/world/gen/foliageplacer/FoliagePlacer$Foliage;
[12:46:22] [main/DEBUG]: Transforming class Lnet/minecraft/world/gen/foliageplacer/FoliagePlacerType;
[12:46:22] [main/DEBUG]: Transforming net.minecraft.world.gen.foliageplacer.FoliagePlacerType METHOD <init>(Lcom/mojang/serialization/Codec;)V to access PUBLIC and LEAVE
[12:46:22] [main/DEBUG]: Skipping Lnet/minecraft/world/gen/blockstateprovider/package-info;
[12:46:22] [main/DEBUG]: Skipping Lnet/minecraft/world/gen/blockstateprovider/BlockStateProvider;
[12:46:22] [main/DEBUG]: Skipping Lnet/minecraft/world/gen/blockstateprovider/ForestFlowerBlockStateProvider;
[12:46:22] [main/DEBUG]: Skipping Lnet/minecraft/world/gen/blockstateprovider/PlainFlowerBlockStateProvider;
[12:46:22] [main/DEBUG]: Skipping Lnet/minecraft/world/gen/blockstateprovider/AxisRotatingBlockStateProvider;
[12:46:22] [main/DEBUG]: Skipping Lnet/minecraft/world/gen/blockstateprovider/SimpleBlockStateProvider;
[12:46:22] [main/DEBUG]: Skipping Lnet/minecraft/world/gen/blockstateprovider/WeightedBlockStateProvider;
[12:46:22] [main/DEBUG]: Transforming class Lnet/minecraft/world/gen/blockstateprovider/BlockStateProviderType;
[12:46:22] [main/DEBUG]: Transforming net.minecraft.world.gen.blockstateprovider.BlockStateProviderType METHOD <init>(Lcom/mojang/serialization/Codec;)V to access PUBLIC and LEAVE
[12:46:22] [main/DEBUG]: Skipping Lnet/minecraft/world/gen/treedecorator/package-info;
[12:46:22] [main/DEBUG]: Skipping Lnet/minecraft/world/gen/treedecorator/AlterGroundTreeDecorator;
[12:46:22] [main/DEBUG]: Skipping Lnet/minecraft/world/gen/treedecorator/BeehiveTreeDecorator;
[12:46:22] [main/DEBUG]: Skipping Lnet/minecraft/world/gen/treedecorator/CocoaTreeDecorator;
[12:46:22] [main/DEBUG]: Skipping Lnet/minecraft/world/gen/treedecorator/LeaveVineTreeDecorator;
[12:46:22] [main/DEBUG]: Skipping Lnet/minecraft/world/gen/treedecorator/TreeDecorator;
[12:46:22] [main/DEBUG]: Skipping Lnet/minecraft/world/gen/treedecorator/TrunkVineTreeDecorator;
[12:46:22] [main/DEBUG]: Transforming class Lnet/minecraft/world/gen/treedecorator/TreeDecoratorType;
[12:46:22] [main/DEBUG]: Transforming net.minecraft.world.gen.treedecorator.TreeDecoratorType METHOD <init>(Lcom/mojang/serialization/Codec;)V to access PUBLIC and LEAVE
[12:46:22] [main/DEBUG]: Skipping Lnet/minecraft/world/gen/FlatGenerationSettings;
[12:46:22] [main/DEBUG]: Skipping Lnet/minecraft/world/gen/placement/package-info;
[12:46:22] [main/DEBUG]: Skipping Lnet/minecraft/world/gen/placement/IPlacementConfig;
[12:46:22] [main/DEBUG]: Skipping Lnet/minecraft/world/gen/placement/NoiseDependant;
[12:46:22] [main/DEBUG]: Skipping Lnet/minecraft/world/gen/placement/NoPlacementConfig;
[12:46:22] [main/DEBUG]: Skipping Lnet/minecraft/world/gen/placement/TopSolidRangeConfig;
[12:46:22] [main/DEBUG]: Skipping Lnet/minecraft/world/gen/placement/SimpleHeightmapBasedPlacement;
[12:46:22] [main/DEBUG]: Skipping Lnet/minecraft/world/gen/placement/RangeBiasedPlacement;
[12:46:22] [main/DEBUG]: Skipping Lnet/minecraft/world/gen/placement/CaveEdge;
[12:46:22] [main/DEBUG]: Skipping Lnet/minecraft/world/gen/placement/CaveEdgeConfig;
[12:46:22] [main/DEBUG]: Skipping Lnet/minecraft/world/gen/placement/ChancePlacement;
[12:46:22] [main/DEBUG]: Skipping Lnet/minecraft/world/gen/placement/ChanceConfig;
[12:46:22] [main/DEBUG]: Skipping Lnet/minecraft/world/gen/placement/ConfiguredPlacement;
[12:46:22] [main/DEBUG]: Skipping Lnet/minecraft/world/gen/placement/CountPlacement;
[12:46:22] [main/DEBUG]: Skipping Lnet/minecraft/world/gen/placement/CountNoisePlacement;
[12:46:22] [main/DEBUG]: Skipping Lnet/minecraft/world/gen/placement/CountExtraPlacement;
[12:46:22] [main/DEBUG]: Skipping Lnet/minecraft/world/gen/placement/DarkOakTreePlacement;
[12:46:22] [main/DEBUG]: Skipping Lnet/minecraft/world/gen/placement/DecoratedPlacement;
[12:46:22] [main/DEBUG]: Skipping Lnet/minecraft/world/gen/placement/DecoratedPlacementConfig;
[12:46:22] [main/DEBUG]: Skipping Lnet/minecraft/world/gen/placement/DepthAverageConfig;
[12:46:22] [main/DEBUG]: Skipping Lnet/minecraft/world/gen/placement/DepthAveragePlacement;
[12:46:22] [main/DEBUG]: Skipping Lnet/minecraft/world/gen/placement/HeightmapBasedPlacement;
[12:46:22] [main/DEBUG]: Skipping Lnet/minecraft/world/gen/placement/Height4To32;
[12:46:22] [main/DEBUG]: Skipping Lnet/minecraft/world/gen/placement/EndGateway;
[12:46:22] [main/DEBUG]: Skipping Lnet/minecraft/world/gen/placement/EndIsland;
[12:46:22] [main/DEBUG]: Skipping Lnet/minecraft/world/gen/placement/AtSurfaceWithExtraConfig;
[12:46:22] [main/DEBUG]: Skipping Lnet/minecraft/world/gen/placement/HeightmapWorldSurfacePlacement;
[12:46:22] [main/DEBUG]: Skipping Lnet/minecraft/world/gen/placement/HeightmapPlacement;
[12:46:22] [main/DEBUG]: Skipping Lnet/minecraft/world/gen/placement/HeightmapSpreadDoublePlacement;
[12:46:22] [main/DEBUG]: Skipping Lnet/minecraft/world/gen/placement/IcebergPlacement;
[12:46:22] [main/DEBUG]: Skipping Lnet/minecraft/world/gen/placement/LakeLava;
[12:46:22] [main/DEBUG]: Skipping Lnet/minecraft/world/gen/placement/LakeWater;
[12:46:22] [main/DEBUG]: Skipping Lnet/minecraft/world/gen/placement/CountNoiseBiasedPlacement;
[12:46:22] [main/DEBUG]: Skipping Lnet/minecraft/world/gen/placement/TopSolidWithNoiseConfig;
[12:46:22] [main/DEBUG]: Skipping Lnet/minecraft/world/gen/placement/Passthrough;
[12:46:22] [main/DEBUG]: Skipping Lnet/minecraft/world/gen/placement/RangePlacement;
[12:46:22] [main/DEBUG]: Skipping Lnet/minecraft/world/gen/placement/SimplePlacement;
[12:46:22] [main/DEBUG]: Skipping Lnet/minecraft/world/gen/placement/Spread32AbovePlacement;
[12:46:22] [main/DEBUG]: Skipping Lnet/minecraft/world/gen/placement/SquarePlacement;
[12:46:22] [main/DEBUG]: Skipping Lnet/minecraft/world/gen/placement/TopSolidOnce;
[12:46:22] [main/DEBUG]: Skipping Lnet/minecraft/world/gen/placement/RangeVeryBiasedPlacement;
[12:46:22] [main/DEBUG]: Skipping Lnet/minecraft/world/gen/placement/CountMultilayerPlacement;
[12:46:22] [main/DEBUG]: Skipping Lnet/minecraft/world/gen/placement/FirePlacement;
[12:46:22] [main/DEBUG]: Skipping Lnet/minecraft/world/gen/placement/GlowstonePlacement;
[12:46:22] [main/DEBUG]: Skipping Lnet/minecraft/world/gen/placement/NetherMagma;
[12:46:22] [main/DEBUG]: Skipping Lnet/minecraft/world/gen/placement/Placement;
[12:46:22] [main/DEBUG]: Skipping Lnet/minecraft/world/gen/surfacebuilders/package-info;
[12:46:22] [main/DEBUG]: Skipping Lnet/minecraft/world/gen/surfacebuilders/BadlandsSurfaceBuilder;
[12:46:22] [main/DEBUG]: Skipping Lnet/minecraft/world/gen/surfacebuilders/BasaltDeltasSurfaceBuilder;
[12:46:22] [main/DEBUG]: Skipping Lnet/minecraft/world/gen/surfacebuilders/ConfiguredSurfaceBuilder;
[12:46:22] [main/DEBUG]: Skipping Lnet/minecraft/world/gen/surfacebuilders/DefaultSurfaceBuilder;
[12:46:22] [main/DEBUG]: Skipping Lnet/minecraft/world/gen/surfacebuilders/ErodedBadlandsSurfaceBuilder;
[12:46:22] [main/DEBUG]: Skipping Lnet/minecraft/world/gen/surfacebuilders/FrozenOceanSurfaceBuilder;
[12:46:22] [main/DEBUG]: Skipping Lnet/minecraft/world/gen/surfacebuilders/GiantTreeTaigaSurfaceBuilder;
[12:46:22] [main/DEBUG]: Skipping Lnet/minecraft/world/gen/surfacebuilders/GravellyMountainSurfaceBuilder;
[12:46:22] [main/DEBUG]: Skipping Lnet/minecraft/world/gen/surfacebuilders/MountainSurfaceBuilder;
[12:46:22] [main/DEBUG]: Skipping Lnet/minecraft/world/gen/surfacebuilders/ValleySurfaceBuilder;
[12:46:22] [main/DEBUG]: Skipping Lnet/minecraft/world/gen/surfacebuilders/NetherForestsSurfaceBuilder;
[12:46:22] [main/DEBUG]: Skipping Lnet/minecraft/world/gen/surfacebuilders/NetherSurfaceBuilder;
[12:46:22] [main/DEBUG]: Skipping Lnet/minecraft/world/gen/surfacebuilders/NoopSurfaceBuilder;
[12:46:22] [main/DEBUG]: Skipping Lnet/minecraft/world/gen/surfacebuilders/ShatteredSavannaSurfaceBuilder;
[12:46:22] [main/DEBUG]: Skipping Lnet/minecraft/world/gen/surfacebuilders/SoulSandValleySurfaceBuilder;
[12:46:22] [main/DEBUG]: Skipping Lnet/minecraft/world/gen/surfacebuilders/SurfaceBuilderConfig;
[12:46:22] [main/DEBUG]: Skipping Lnet/minecraft/world/gen/surfacebuilders/ISurfaceBuilderConfig;
[12:46:22] [main/DEBUG]: Skipping Lnet/minecraft/world/gen/surfacebuilders/SwampSurfaceBuilder;
[12:46:22] [main/DEBUG]: Skipping Lnet/minecraft/world/gen/surfacebuilders/WoodedBadlandsSurfaceBuilder;
[12:46:22] [main/DEBUG]: Skipping Lnet/minecraft/world/gen/surfacebuilders/ConfiguredSurfaceBuilders;
[12:46:22] [main/DEBUG]: Skipping Lnet/minecraft/world/gen/surfacebuilders/SurfaceBuilder;
[12:46:22] [main/DEBUG]: Skipping Lnet/minecraft/world/gen/layer/package-info;
[12:46:22] [main/DEBUG]: Skipping Lnet/minecraft/world/gen/layer/DeepOceanLayer;
[12:46:22] [main/DEBUG]: Skipping Lnet/minecraft/world/gen/layer/EdgeLayer;
[12:46:22] [main/DEBUG]: Skipping Lnet/minecraft/world/gen/layer/AddIslandLayer;
[12:46:22] [main/DEBUG]: Skipping Lnet/minecraft/world/gen/layer/AddMushroomIslandLayer;
[12:46:22] [main/DEBUG]: Skipping Lnet/minecraft/world/gen/layer/AddSnowLayer;
[12:46:22] [main/DEBUG]: Skipping Lnet/minecraft/world/gen/layer/EdgeBiomeLayer;
[12:46:22] [main/DEBUG]: Skipping Lnet/minecraft/world/gen/layer/IslandLayer;
[12:46:22] [main/DEBUG]: Skipping Lnet/minecraft/world/gen/layer/Layer;
[12:46:22] [main/DEBUG]: Transforming class Lnet/minecraft/world/gen/layer/LayerUtil;
[12:46:22] [main/DEBUG]: Transforming net.minecraft.world.gen.layer.LayerUtil METHOD func_202829_a(JLnet/minecraft/world/gen/layer/traits/IAreaTransformer1;Lnet/minecraft/world/gen/area/IAreaFactory;ILjava/util/function/LongFunction;)Lnet/minecraft/world/gen/area/IAreaFactory; to access PUBLIC and LEAVE
[12:46:22] [main/DEBUG]: Skipping Lnet/minecraft/world/gen/layer/OceanLayer;
[12:46:22] [main/DEBUG]: Skipping Lnet/minecraft/world/gen/layer/MixOceansLayer;
[12:46:22] [main/DEBUG]: Skipping Lnet/minecraft/world/gen/layer/AddBambooForestLayer;
[12:46:22] [main/DEBUG]: Skipping Lnet/minecraft/world/gen/layer/RareBiomeLayer;
[12:46:22] [main/DEBUG]: Skipping Lnet/minecraft/world/gen/layer/HillsLayer;
[12:46:22] [main/DEBUG]: Skipping Lnet/minecraft/world/gen/layer/RemoveTooMuchOceanLayer;
[12:46:22] [main/DEBUG]: Skipping Lnet/minecraft/world/gen/layer/StartRiverLayer;
[12:46:22] [main/DEBUG]: Skipping Lnet/minecraft/world/gen/layer/RiverLayer;
[12:46:22] [main/DEBUG]: Skipping Lnet/minecraft/world/gen/layer/MixRiverLayer;
[12:46:22] [main/DEBUG]: Skipping Lnet/minecraft/world/gen/layer/ShoreLayer;
[12:46:22] [main/DEBUG]: Skipping Lnet/minecraft/world/gen/layer/SmoothLayer;
[12:46:22] [main/DEBUG]: Skipping Lnet/minecraft/world/gen/layer/ZoomLayer;
[12:46:22] [main/DEBUG]: Skipping Lnet/minecraft/world/gen/layer/traits/package-info;
[12:46:22] [main/DEBUG]: Skipping Lnet/minecraft/world/gen/layer/traits/IAreaTransformer0;
[12:46:22] [main/DEBUG]: Skipping Lnet/minecraft/world/gen/layer/traits/IAreaTransformer1;
[12:46:22] [main/DEBUG]: Skipping Lnet/minecraft/world/gen/layer/traits/IAreaTransformer2;
[12:46:22] [main/DEBUG]: Skipping Lnet/minecraft/world/gen/layer/traits/IBishopTransformer;
[12:46:22] [main/DEBUG]: Skipping Lnet/minecraft/world/gen/layer/traits/IC0Transformer;
[12:46:22] [main/DEBUG]: Skipping Lnet/minecraft/world/gen/layer/traits/IC1Transformer;
[12:46:22] [main/DEBUG]: Skipping Lnet/minecraft/world/gen/layer/traits/ICastleTransformer;
[12:46:22] [main/DEBUG]: Skipping Lnet/minecraft/world/gen/layer/traits/IDimOffset0Transformer;
[12:46:22] [main/DEBUG]: Skipping Lnet/minecraft/world/gen/layer/traits/IDimOffset1Transformer;
[12:46:22] [main/DEBUG]: Skipping Lnet/minecraft/world/gen/layer/traits/IDimTransformer;
[12:46:22] [main/DEBUG]: Skipping Lnet/minecraft/world/gen/layer/traits/IPixelTransformer;
[12:46:22] [main/DEBUG]: Skipping Lnet/minecraft/world/gen/layer/LayerUtil$Type;
[12:46:22] [main/DEBUG]: Skipping Lnet/minecraft/world/gen/layer/EdgeLayer$CoolWarm;
[12:46:22] [main/DEBUG]: Skipping Lnet/minecraft/world/gen/layer/EdgeLayer$HeatIce;
[12:46:22] [main/DEBUG]: Skipping Lnet/minecraft/world/gen/layer/EdgeLayer$Special;
[12:46:22] [main/DEBUG]: Skipping Lnet/minecraft/world/gen/layer/ZoomLayer$1;
[12:46:22] [main/DEBUG]: Skipping Lnet/minecraft/world/gen/layer/BiomeLayer;
[12:46:22] [main/DEBUG]: Skipping Lnet/minecraft/world/gen/feature/package-info;
[12:46:22] [main/DEBUG]: Skipping Lnet/minecraft/world/gen/feature/FlowersFeature;
[12:46:22] [main/DEBUG]: Skipping Lnet/minecraft/world/gen/feature/BambooFeature;
[12:46:22] [main/DEBUG]: Skipping Lnet/minecraft/world/gen/feature/BasaltColumnFeature;
[12:46:22] [main/DEBUG]: Skipping Lnet/minecraft/world/gen/feature/BasaltPillarFeature;
[12:46:22] [main/DEBUG]: Skipping Lnet/minecraft/world/gen/feature/AbstractSphereReplaceConfig;
[12:46:22] [main/DEBUG]: Skipping Lnet/minecraft/world/gen/feature/BlockBlobFeature;
[12:46:22] [main/DEBUG]: Skipping Lnet/minecraft/world/gen/feature/BlockPileFeature;
[12:46:22] [main/DEBUG]: Skipping Lnet/minecraft/world/gen/feature/BlueIceFeature;
[12:46:22] [main/DEBUG]: Skipping Lnet/minecraft/world/gen/feature/BonusChestFeature;
[12:46:22] [main/DEBUG]: Skipping Lnet/minecraft/world/gen/feature/ChorusPlantFeature;
[12:46:22] [main/DEBUG]: Skipping Lnet/minecraft/world/gen/feature/ConfiguredFeature;
[12:46:22] [main/DEBUG]: Skipping Lnet/minecraft/world/gen/feature/StructureFeature;
[12:46:22] [main/DEBUG]: Skipping Lnet/minecraft/world/gen/feature/CoralClawFeature;
[12:46:22] [main/DEBUG]: Skipping Lnet/minecraft/world/gen/feature/CoralFeature;
[12:46:22] [main/DEBUG]: Skipping Lnet/minecraft/world/gen/feature/CoralMushroomFeature;
[12:46:22] [main/DEBUG]: Skipping Lnet/minecraft/world/gen/feature/CoralTreeFeature;
[12:46:22] [main/DEBUG]: Skipping Lnet/minecraft/world/gen/feature/DecoratedFeature;
[12:46:22] [main/DEBUG]: Skipping Lnet/minecraft/world/gen/feature/DefaultFlowersFeature;
[12:46:22] [main/DEBUG]: Skipping Lnet/minecraft/world/gen/feature/DesertWellsFeature;
[12:46:22] [main/DEBUG]: Skipping Lnet/minecraft/world/gen/feature/SphereReplaceFeature;
[12:46:22] [main/DEBUG]: Skipping Lnet/minecraft/world/gen/feature/EndGatewayFeature;
[12:46:22] [main/DEBUG]: Skipping Lnet/minecraft/world/gen/feature/EndIslandFeature;
[12:46:22] [main/DEBUG]: Skipping Lnet/minecraft/world/gen/feature/EndPodiumFeature;
[12:46:22] [main/DEBUG]: Skipping Lnet/minecraft/world/gen/feature/FillLayerFeature;
[12:46:22] [main/DEBUG]: Skipping Lnet/minecraft/world/gen/feature/FossilsFeature;
[12:46:22] [main/DEBUG]: Skipping Lnet/minecraft/world/gen/feature/HugeFungusConfig;
[12:46:22] [main/DEBUG]: Skipping Lnet/minecraft/world/gen/feature/HugeFungusFeature;
[12:46:22] [main/DEBUG]: Skipping Lnet/minecraft/world/gen/feature/IcePathFeature;
[12:46:22] [main/DEBUG]: Skipping Lnet/minecraft/world/gen/feature/IcebergFeature;
[12:46:22] [main/DEBUG]: Skipping Lnet/minecraft/world/gen/feature/KelpFeature;
[12:46:22] [main/DEBUG]: Skipping Lnet/minecraft/world/gen/feature/LakesFeature;
[12:46:22] [main/DEBUG]: Skipping Lnet/minecraft/world/gen/feature/NetherVegetationFeature;
[12:46:22] [main/DEBUG]: Skipping Lnet/minecraft/world/gen/feature/NoOpFeature;
[12:46:22] [main/DEBUG]: Skipping Lnet/minecraft/world/gen/feature/NoExposedOreFeature;
[12:46:22] [main/DEBUG]: Skipping Lnet/minecraft/world/gen/feature/OreFeature;
[12:46:22] [main/DEBUG]: Skipping Lnet/minecraft/world/gen/feature/TwoFeatureChoiceFeature;
[12:46:22] [main/DEBUG]: Skipping Lnet/minecraft/world/gen/feature/RandomPatchFeature;
[12:46:22] [main/DEBUG]: Skipping Lnet/minecraft/world/gen/feature/MultipleWithChanceRandomFeature;
[12:46:22] [main/DEBUG]: Skipping Lnet/minecraft/world/gen/feature/ReplaceBlockFeature;
[12:46:22] [main/DEBUG]: Skipping Lnet/minecraft/world/gen/feature/SeaPickleFeature;
[12:46:22] [main/DEBUG]: Skipping Lnet/minecraft/world/gen/feature/SeaGrassFeature;
[12:46:22] [main/DEBUG]: Skipping Lnet/minecraft/world/gen/feature/BlockWithContextFeature;
[12:46:22] [main/DEBUG]: Skipping Lnet/minecraft/world/gen/feature/SingleRandomFeatureConfig;
[12:46:22] [main/DEBUG]: Skipping Lnet/minecraft/world/gen/feature/IceAndSnowFeature;
[12:46:22] [main/DEBUG]: Skipping Lnet/minecraft/world/gen/feature/EndSpikeFeature;
[12:46:22] [main/DEBUG]: Skipping Lnet/minecraft/world/gen/feature/TreeFeature;
[12:46:22] [main/DEBUG]: Skipping Lnet/minecraft/world/gen/feature/TwistingVineFeature;
[12:46:22] [main/DEBUG]: Skipping Lnet/minecraft/world/gen/feature/VinesFeature;
[12:46:22] [main/DEBUG]: Skipping Lnet/minecraft/world/gen/feature/VoidStartPlatformFeature;
[12:46:22] [main/DEBUG]: Skipping Lnet/minecraft/world/gen/feature/WeepingVineFeature;
[12:46:22] [main/DEBUG]: Skipping Lnet/minecraft/world/gen/feature/ConfiguredRandomFeatureList;
[12:46:22] [main/DEBUG]: Skipping Lnet/minecraft/world/gen/feature/BlockStateProvidingFeatureConfig;
[12:46:22] [main/DEBUG]: Skipping Lnet/minecraft/world/gen/feature/BlockStateFeatureConfig;
[12:46:22] [main/DEBUG]: Skipping Lnet/minecraft/world/gen/feature/ColumnConfig;
[12:46:22] [main/DEBUG]: Skipping Lnet/minecraft/world/gen/feature/FeatureSpreadConfig;
[12:46:22] [main/DEBUG]: Skipping Lnet/minecraft/world/gen/feature/DecoratedFeatureConfig;
[12:46:22] [main/DEBUG]: Skipping Lnet/minecraft/world/gen/feature/BasaltDeltasFeature;
[12:46:22] [main/DEBUG]: Skipping Lnet/minecraft/world/gen/feature/SphereReplaceConfig;
[12:46:23] [main/DEBUG]: Skipping Lnet/minecraft/world/gen/feature/EndGatewayConfig;
[12:46:23] [main/DEBUG]: Skipping Lnet/minecraft/world/gen/feature/IFeatureConfig;
[12:46:23] [main/DEBUG]: Skipping Lnet/minecraft/world/gen/feature/BigMushroomFeatureConfig;
[12:46:23] [main/DEBUG]: Skipping Lnet/minecraft/world/gen/feature/FillLayerConfig;
[12:46:23] [main/DEBUG]: Skipping Lnet/minecraft/world/gen/feature/NoFeatureConfig;
[12:46:23] [main/DEBUG]: Skipping Lnet/minecraft/world/gen/feature/OreFeatureConfig;
[12:46:23] [main/DEBUG]: Skipping Lnet/minecraft/world/gen/feature/ProbabilityConfig;
[12:46:23] [main/DEBUG]: Skipping Lnet/minecraft/world/gen/feature/TwoFeatureChoiceConfig;
[12:46:23] [main/DEBUG]: Skipping Lnet/minecraft/world/gen/feature/MultipleRandomFeatureConfig;
[12:46:23] [main/DEBUG]: Skipping Lnet/minecraft/world/gen/feature/BlockClusterFeatureConfig;
[12:46:23] [main/DEBUG]: Skipping Lnet/minecraft/world/gen/feature/ReplaceBlockConfig;
[12:46:23] [main/DEBUG]: Skipping Lnet/minecraft/world/gen/feature/BlobReplacementConfig;
[12:46:23] [main/DEBUG]: Skipping Lnet/minecraft/world/gen/feature/RuinedPortalFeature;
[12:46:23] [main/DEBUG]: Skipping Lnet/minecraft/world/gen/feature/BlockWithContextConfig;
[12:46:23] [main/DEBUG]: Skipping Lnet/minecraft/world/gen/feature/SingleRandomFeature;
[12:46:23] [main/DEBUG]: Skipping Lnet/minecraft/world/gen/feature/EndSpikeFeatureConfig;
[12:46:23] [main/DEBUG]: Skipping Lnet/minecraft/world/gen/feature/LiquidsConfig;
[12:46:23] [main/DEBUG]: Skipping Lnet/minecraft/world/gen/feature/AbstractFeatureSizeType;
[12:46:23] [main/DEBUG]: Skipping Lnet/minecraft/world/gen/feature/FeatureSizeType;
[12:46:23] [main/DEBUG]: Skipping Lnet/minecraft/world/gen/feature/ThreeLayerFeature;
[12:46:23] [main/DEBUG]: Skipping Lnet/minecraft/world/gen/feature/TwoLayerFeature;
[12:46:23] [main/DEBUG]: Skipping Lnet/minecraft/world/gen/feature/WorldDecoratingHelper;
[12:46:23] [main/DEBUG]: Skipping Lnet/minecraft/world/gen/feature/BlockClusterFeatureConfig$1;
[12:46:23] [main/DEBUG]: Skipping Lnet/minecraft/world/gen/feature/BlockClusterFeatureConfig$Builder;
[12:46:23] [main/DEBUG]: Skipping Lnet/minecraft/world/gen/feature/Features;
[12:46:23] [main/DEBUG]: Skipping Lnet/minecraft/world/gen/feature/Features$Configs;
[12:46:23] [main/DEBUG]: Skipping Lnet/minecraft/world/gen/feature/Features$Placements;
[12:46:23] [main/DEBUG]: Skipping Lnet/minecraft/world/gen/feature/Features$States;
[12:46:23] [main/DEBUG]: Skipping Lnet/minecraft/world/gen/feature/OreFeatureConfig$FillerBlockType;
[12:46:23] [main/DEBUG]: Skipping Lnet/minecraft/world/gen/feature/FeatureSpread;
[12:46:23] [main/DEBUG]: Skipping Lnet/minecraft/world/gen/feature/EndSpikeFeature$1;
[12:46:23] [main/DEBUG]: Skipping Lnet/minecraft/world/gen/feature/EndSpikeFeature$EndSpike;
[12:46:23] [main/DEBUG]: Skipping Lnet/minecraft/world/gen/feature/EndSpikeFeature$EndSpikeCacheLoader;
[12:46:23] [main/DEBUG]: Skipping Lnet/minecraft/world/gen/feature/BaseTreeFeatureConfig$Builder;
[12:46:23] [main/DEBUG]: Skipping Lnet/minecraft/world/gen/feature/AbstractBigMushroomFeature;
[12:46:23] [main/DEBUG]: Skipping Lnet/minecraft/world/gen/feature/Feature;
[12:46:23] [main/DEBUG]: Skipping Lnet/minecraft/world/gen/feature/GlowstoneBlobFeature;
[12:46:23] [main/DEBUG]: Skipping Lnet/minecraft/world/gen/feature/BigBrownMushroomFeature;
[12:46:23] [main/DEBUG]: Skipping Lnet/minecraft/world/gen/feature/BigRedMushroomFeature;
[12:46:23] [main/DEBUG]: Skipping Lnet/minecraft/world/gen/feature/IceSpikeFeature;
[12:46:23] [main/DEBUG]: Skipping Lnet/minecraft/world/gen/feature/DungeonsFeature;
[12:46:23] [main/DEBUG]: Skipping Lnet/minecraft/world/gen/feature/SpringFeature;
[12:46:23] [main/DEBUG]: Skipping Lnet/minecraft/world/gen/feature/BaseTreeFeatureConfig;
[12:46:23] [main/DEBUG]: Skipping Lnet/minecraft/world/gen/feature/template/package-info;
[12:46:23] [main/DEBUG]: Skipping Lnet/minecraft/world/gen/feature/template/AlwaysTrueRuleTest;
[12:46:23] [main/DEBUG]: Skipping Lnet/minecraft/world/gen/feature/template/AxisAlignedLinearPosTest;
[12:46:23] [main/DEBUG]: Skipping Lnet/minecraft/world/gen/feature/template/BlackStoneReplacementProcessor;
[12:46:23] [main/DEBUG]: Skipping Lnet/minecraft/world/gen/feature/template/BlockMosinessProcessor;
[12:46:23] [main/DEBUG]: Skipping Lnet/minecraft/world/gen/feature/template/BlockIgnoreStructureProcessor;
[12:46:23] [main/DEBUG]: Skipping Lnet/minecraft/world/gen/feature/template/BlockMatchRuleTest;
[12:46:23] [main/DEBUG]: Skipping Lnet/minecraft/world/gen/feature/template/IntegrityProcessor;
[12:46:23] [main/DEBUG]: Skipping Lnet/minecraft/world/gen/feature/template/BlockStateMatchRuleTest;
[12:46:23] [main/DEBUG]: Skipping Lnet/minecraft/world/gen/feature/template/GravityStructureProcessor;
[12:46:23] [main/DEBUG]: Skipping Lnet/minecraft/world/gen/feature/template/JigsawReplacementStructureProcessor;
[12:46:23] [main/DEBUG]: Skipping Lnet/minecraft/world/gen/feature/template/LavaSubmergingProcessor;
[12:46:23] [main/DEBUG]: Skipping Lnet/minecraft/world/gen/feature/template/LinearPosTest;
[12:46:23] [main/DEBUG]: Skipping Lnet/minecraft/world/gen/feature/template/NopProcessor;
[12:46:23] [main/DEBUG]: Skipping Lnet/minecraft/world/gen/feature/template/AlwaysTrueTest;
[12:46:23] [main/DEBUG]: Skipping Lnet/minecraft/world/gen/feature/template/PosRuleTest;
[12:46:23] [main/DEBUG]: Skipping Lnet/minecraft/world/gen/feature/template/IPosRuleTests;
[12:46:23] [main/DEBUG]: Skipping Lnet/minecraft/world/gen/feature/template/RuleEntry;
[12:46:23] [main/DEBUG]: Skipping Lnet/minecraft/world/gen/feature/template/RandomBlockMatchRuleTest;
[12:46:23] [main/DEBUG]: Skipping Lnet/minecraft/world/gen/feature/template/RandomBlockStateMatchRuleTest;
[12:46:23] [main/DEBUG]: Skipping Lnet/minecraft/world/gen/feature/template/RuleStructureProcessor;
[12:46:23] [main/DEBUG]: Skipping Lnet/minecraft/world/gen/feature/template/RuleTest;
[12:46:23] [main/DEBUG]: Skipping Lnet/minecraft/world/gen/feature/template/IRuleTestType;
[12:46:23] [main/DEBUG]: Skipping Lnet/minecraft/world/gen/feature/template/TemplateManager;
[12:46:23] [main/DEBUG]: Skipping Lnet/minecraft/world/gen/feature/template/PlacementSettings;
[12:46:23] [main/DEBUG]: Skipping Lnet/minecraft/world/gen/feature/template/StructureProcessorList;
[12:46:23] [main/DEBUG]: Skipping Lnet/minecraft/world/gen/feature/template/IStructureProcessorType;
[12:46:23] [main/DEBUG]: Skipping Lnet/minecraft/world/gen/feature/template/TagMatchRuleTest;
[12:46:23] [main/DEBUG]: Skipping Lnet/minecraft/world/gen/feature/template/ProcessorLists;
[12:46:23] [main/DEBUG]: Skipping Lnet/minecraft/world/gen/feature/template/StructureProcessor;
[12:46:23] [main/DEBUG]: Skipping Lnet/minecraft/world/gen/feature/template/Template;
[12:46:23] [main/DEBUG]: Skipping Lnet/minecraft/world/gen/feature/template/Template$1;
[12:46:23] [main/DEBUG]: Skipping Lnet/minecraft/world/gen/feature/template/Template$Palette;
[12:46:23] [main/DEBUG]: Skipping Lnet/minecraft/world/gen/feature/template/Template$BasicPalette;
[12:46:23] [main/DEBUG]: Skipping Lnet/minecraft/world/gen/feature/template/Template$BlockInfo;
[12:46:23] [main/DEBUG]: Skipping Lnet/minecraft/world/gen/feature/template/Template$EntityInfo;
[12:46:23] [main/DEBUG]: Skipping Lnet/minecraft/world/gen/feature/jigsaw/package-info;
[12:46:23] [main/DEBUG]: Skipping Lnet/minecraft/world/gen/feature/jigsaw/EmptyJigsawPiece;
[12:46:23] [main/DEBUG]: Skipping Lnet/minecraft/world/gen/feature/jigsaw/FeatureJigsawPiece;
[12:46:23] [main/DEBUG]: Skipping Lnet/minecraft/world/gen/feature/jigsaw/JigsawJunction;
[12:46:23] [main/DEBUG]: Skipping Lnet/minecraft/world/gen/feature/jigsaw/JigsawManager;
[12:46:23] [main/DEBUG]: Skipping Lnet/minecraft/world/gen/feature/jigsaw/LegacySingleJigsawPiece;
[12:46:23] [main/DEBUG]: Skipping Lnet/minecraft/world/gen/feature/jigsaw/ListJigsawPiece;
[12:46:23] [main/DEBUG]: Skipping Lnet/minecraft/world/gen/feature/jigsaw/JigsawPiece;
[12:46:23] [main/DEBUG]: Skipping Lnet/minecraft/world/gen/feature/jigsaw/IJigsawDeserializer;
[12:46:23] [main/DEBUG]: Skipping Lnet/minecraft/world/gen/feature/jigsaw/JigsawManager$1;
[12:46:23] [main/DEBUG]: Skipping Lnet/minecraft/world/gen/feature/jigsaw/JigsawManager$IPieceFactory;
[12:46:23] [main/DEBUG]: Skipping Lnet/minecraft/world/gen/feature/jigsaw/JigsawManager$Entry;
[12:46:23] [main/DEBUG]: Skipping Lnet/minecraft/world/gen/feature/jigsaw/JigsawManager$Assembler;
[12:46:23] [main/DEBUG]: Skipping Lnet/minecraft/world/gen/feature/jigsaw/JigsawOrientation;
[12:46:23] [main/DEBUG]: Skipping Lnet/minecraft/world/gen/feature/jigsaw/JigsawPatternRegistry;
[12:46:23] [main/DEBUG]: Skipping Lnet/minecraft/world/gen/feature/jigsaw/SingleJigsawPiece;
[12:46:23] [main/DEBUG]: Skipping Lnet/minecraft/world/gen/feature/jigsaw/JigsawPattern;
[12:46:23] [main/DEBUG]: Skipping Lnet/minecraft/world/gen/feature/jigsaw/JigsawPattern$PlacementBehaviour;
[12:46:23] [main/DEBUG]: Skipping Lnet/minecraft/world/gen/feature/structure/package-info;
[12:46:23] [main/DEBUG]: Skipping Lnet/minecraft/world/gen/feature/structure/BastionRemantsStructure;
[12:46:23] [main/DEBUG]: Skipping Lnet/minecraft/world/gen/feature/structure/BuriedTreasureStructure;
[12:46:23] [main/DEBUG]: Skipping Lnet/minecraft/world/gen/feature/structure/BasaltDeltasStructure;
[12:46:23] [main/DEBUG]: Skipping Lnet/minecraft/world/gen/feature/structure/DesertPyramidStructure;
[12:46:23] [main/DEBUG]: Skipping Lnet/minecraft/world/gen/feature/structure/EndCityStructure;
[12:46:23] [main/DEBUG]: Skipping Lnet/minecraft/world/gen/feature/structure/IglooStructure;
[12:46:23] [main/DEBUG]: Skipping Lnet/minecraft/world/gen/feature/structure/JigsawStructure;
[12:46:23] [main/DEBUG]: Skipping Lnet/minecraft/world/gen/feature/structure/JunglePyramidStructure;
[12:46:23] [main/DEBUG]: Skipping Lnet/minecraft/world/gen/feature/structure/MineshaftStructure;
[12:46:23] [main/DEBUG]: Skipping Lnet/minecraft/world/gen/feature/structure/NetherackBlobReplacementStructure;
[12:46:23] [main/DEBUG]: Skipping Lnet/minecraft/world/gen/feature/structure/RuinedPortalStructure;
[12:46:23] [main/DEBUG]: Skipping Lnet/minecraft/world/gen/feature/structure/ShipwreckStructure;
[12:46:23] [main/DEBUG]: Skipping Lnet/minecraft/world/gen/feature/structure/StrongholdStructure;
[12:46:23] [main/DEBUG]: Skipping Lnet/minecraft/world/gen/feature/structure/IStructurePieceType;
[12:46:23] [main/DEBUG]: Skipping Lnet/minecraft/world/gen/feature/structure/VillageStructure;
[12:46:23] [main/DEBUG]: Skipping Lnet/minecraft/world/gen/feature/structure/WoodlandMansionStructure;
[12:46:23] [main/DEBUG]: Skipping Lnet/minecraft/world/gen/feature/structure/VillageConfig;
[12:46:23] [main/DEBUG]: Skipping Lnet/minecraft/world/gen/feature/structure/MineshaftConfig;
[12:46:23] [main/DEBUG]: Skipping Lnet/minecraft/world/gen/feature/structure/OceanRuinConfig;
[12:46:23] [main/DEBUG]: Skipping Lnet/minecraft/world/gen/feature/structure/ShipwreckConfig;
[12:46:23] [main/DEBUG]: Skipping Lnet/minecraft/world/gen/feature/structure/OceanMonumentPieces$1;
[12:46:23] [main/DEBUG]: Skipping Lnet/minecraft/world/gen/feature/structure/OceanMonumentPieces$XDoubleRoomFitHelper;
[12:46:23] [main/DEBUG]: Skipping Lnet/minecraft/world/gen/feature/structure/OceanMonumentPieces$XYDoubleRoomFitHelper;
[12:46:23] [main/DEBUG]: Skipping Lnet/minecraft/world/gen/feature/structure/OceanMonumentPieces$YDoubleRoomFitHelper;
[12:46:23] [main/DEBUG]: Skipping Lnet/minecraft/world/gen/feature/structure/OceanMonumentPieces$YZDoubleRoomFitHelper;
[12:46:23] [main/DEBUG]: Skipping Lnet/minecraft/world/gen/feature/structure/OceanMonumentPieces$ZDoubleRoomFitHelper;
[12:46:23] [main/DEBUG]: Skipping Lnet/minecraft/world/gen/feature/structure/OceanMonumentPieces$FitSimpleRoomHelper;
[12:46:23] [main/DEBUG]: Skipping Lnet/minecraft/world/gen/feature/structure/OceanMonumentPieces$FitSimpleRoomTopHelper;
[12:46:23] [main/DEBUG]: Skipping Lnet/minecraft/world/gen/feature/structure/OceanMonumentPieces$MonumentBuilding;
[12:46:23] [main/DEBUG]: Skipping Lnet/minecraft/world/gen/feature/structure/OceanMonumentPieces$IMonumentRoomFitHelper;
[12:46:23] [main/DEBUG]: Skipping Lnet/minecraft/world/gen/feature/structure/OceanMonumentPieces$MonumentCoreRoom;
[12:46:23] [main/DEBUG]: Skipping Lnet/minecraft/world/gen/feature/structure/OceanMonumentPieces$DoubleXRoom;
[12:46:23] [main/DEBUG]: Skipping Lnet/minecraft/world/gen/feature/structure/OceanMonumentPieces$DoubleXYRoom;
[12:46:23] [main/DEBUG]: Skipping Lnet/minecraft/world/gen/feature/structure/OceanMonumentPieces$DoubleYRoom;
[12:46:23] [main/DEBUG]: Skipping Lnet/minecraft/world/gen/feature/structure/OceanMonumentPieces$DoubleYZRoom;
[12:46:23] [main/DEBUG]: Skipping Lnet/minecraft/world/gen/feature/structure/OceanMonumentPieces$DoubleZRoom;
[12:46:23] [main/DEBUG]: Skipping Lnet/minecraft/world/gen/feature/structure/OceanMonumentPieces$EntryRoom;
[12:46:23] [main/DEBUG]: Skipping Lnet/minecraft/world/gen/feature/structure/OceanMonumentPieces$Penthouse;
[12:46:23] [main/DEBUG]: Skipping Lnet/minecraft/world/gen/feature/structure/OceanMonumentPieces$Piece;
[12:46:23] [main/DEBUG]: Skipping Lnet/minecraft/world/gen/feature/structure/OceanMonumentPieces$SimpleRoom;
[12:46:23] [main/DEBUG]: Skipping Lnet/minecraft/world/gen/feature/structure/OceanMonumentPieces$SimpleTopRoom;
[12:46:23] [main/DEBUG]: Skipping Lnet/minecraft/world/gen/feature/structure/OceanMonumentPieces$WingRoom;
[12:46:23] [main/DEBUG]: Skipping Lnet/minecraft/world/gen/feature/structure/OceanMonumentPieces$RoomDefinition;
[12:46:23] [main/DEBUG]: Skipping Lnet/minecraft/world/gen/feature/structure/MarginedStructureStart;
[12:46:23] [main/DEBUG]: Skipping Lnet/minecraft/world/gen/feature/structure/BuriedTreasure;
[12:46:23] [main/DEBUG]: Skipping Lnet/minecraft/world/gen/feature/structure/DesertPyramidPiece;
[12:46:23] [main/DEBUG]: Skipping Lnet/minecraft/world/gen/feature/structure/EndCityPieces;
[12:46:23] [main/DEBUG]: Skipping Lnet/minecraft/world/gen/feature/structure/IglooPieces;
[12:46:23] [main/DEBUG]: Skipping Lnet/minecraft/world/gen/feature/structure/JunglePyramidPiece;
[12:46:23] [main/DEBUG]: Skipping Lnet/minecraft/world/gen/feature/structure/LegacyStructureDataUtil;
[12:46:23] [main/DEBUG]: Skipping Lnet/minecraft/world/gen/feature/structure/FortressPieces;
[12:46:23] [main/DEBUG]: Skipping Lnet/minecraft/world/gen/feature/structure/NetherFossilStructure;
[12:46:23] [main/DEBUG]: Skipping Lnet/minecraft/world/gen/feature/structure/NetherFossilStructures;
[12:46:23] [main/DEBUG]: Skipping Lnet/minecraft/world/gen/feature/structure/OceanMonumentPieces;
[12:46:23] [main/DEBUG]: Skipping Lnet/minecraft/world/gen/feature/structure/OceanRuinStructure;
[12:46:23] [main/DEBUG]: Skipping Lnet/minecraft/world/gen/feature/structure/OceanRuinPieces;
[12:46:23] [main/DEBUG]: Skipping Lnet/minecraft/world/gen/feature/structure/AbstractVillagePiece;
[12:46:23] [main/DEBUG]: Skipping Lnet/minecraft/world/gen/feature/structure/RuinedPortalPiece;
[12:46:23] [main/DEBUG]: Skipping Lnet/minecraft/world/gen/feature/structure/ScatteredStructurePiece;
[12:46:23] [main/DEBUG]: Skipping Lnet/minecraft/world/gen/feature/structure/ShipwreckPieces;
[12:46:23] [main/DEBUG]: Skipping Lnet/minecraft/world/gen/feature/structure/StrongholdPieces;
[12:46:23] [main/DEBUG]: Skipping Lnet/minecraft/world/gen/feature/structure/StructureIndexesSavedData;
[12:46:23] [main/DEBUG]: Skipping Lnet/minecraft/world/gen/feature/structure/SwampHutPiece;
[12:46:23] [main/DEBUG]: Skipping Lnet/minecraft/world/gen/feature/structure/TemplateStructurePiece;
[12:46:23] [main/DEBUG]: Skipping Lnet/minecraft/world/gen/feature/structure/WoodlandMansionPieces;
[12:46:23] [main/DEBUG]: Skipping Lnet/minecraft/world/gen/feature/structure/WoodlandMansionPieces$1;
[12:46:23] [main/DEBUG]: Skipping Lnet/minecraft/world/gen/feature/structure/WoodlandMansionPieces$FirstFloor;
[12:46:23] [main/DEBUG]: Skipping Lnet/minecraft/world/gen/feature/structure/WoodlandMansionPieces$RoomCollection;
[12:46:23] [main/DEBUG]: Skipping Lnet/minecraft/world/gen/feature/structure/WoodlandMansionPieces$Grid;
[12:46:23] [main/DEBUG]: Skipping Lnet/minecraft/world/gen/feature/structure/WoodlandMansionPieces$Placer;
[12:46:23] [main/DEBUG]: Skipping Lnet/minecraft/world/gen/feature/structure/WoodlandMansionPieces$PlacementData;
[12:46:23] [main/DEBUG]: Skipping Lnet/minecraft/world/gen/feature/structure/WoodlandMansionPieces$SecondFloor;
[12:46:23] [main/DEBUG]: Skipping Lnet/minecraft/world/gen/feature/structure/WoodlandMansionPieces$SimpleGrid;
[12:46:23] [main/DEBUG]: Skipping Lnet/minecraft/world/gen/feature/structure/WoodlandMansionPieces$ThirdFloor;
[12:46:23] [main/DEBUG]: Skipping Lnet/minecraft/world/gen/feature/structure/WoodlandMansionPieces$MansionTemplate;
[12:46:23] [main/DEBUG]: Skipping Lnet/minecraft/world/gen/feature/structure/DesertPyramidStructure$Start;
[12:46:23] [main/DEBUG]: Skipping Lnet/minecraft/world/gen/feature/structure/OceanRuinStructure$Start;
[12:46:23] [main/DEBUG]: Skipping Lnet/minecraft/world/gen/feature/structure/OceanRuinStructure$Type;
[12:46:23] [main/DEBUG]: Skipping Lnet/minecraft/world/gen/feature/structure/StrongholdStructure$Start;
[12:46:23] [main/DEBUG]: Skipping Lnet/minecraft/world/gen/feature/structure/OceanRuinPieces$Piece;
[12:46:23] [main/DEBUG]: Skipping Lnet/minecraft/world/gen/feature/structure/BuriedTreasure$Piece;
[12:46:23] [main/DEBUG]: Skipping Lnet/minecraft/world/gen/feature/structure/BastionRemnantsBridgePools;
[12:46:23] [main/DEBUG]: Skipping Lnet/minecraft/world/gen/feature/structure/BastionRemnantsStablesPools;
[12:46:23] [main/DEBUG]: Skipping Lnet/minecraft/world/gen/feature/structure/MineshaftStructure$Start;
[12:46:23] [main/DEBUG]: Skipping Lnet/minecraft/world/gen/feature/structure/MineshaftStructure$Type;
[12:46:23] [main/DEBUG]: Skipping Lnet/minecraft/world/gen/feature/structure/BastionRemnantsMainPools;
[12:46:23] [main/DEBUG]: Skipping Lnet/minecraft/world/gen/feature/structure/BastionRemnantsPieces;
[12:46:23] [main/DEBUG]: Skipping Lnet/minecraft/world/gen/feature/structure/BastionRemnantsMobsPools;
[12:46:23] [main/DEBUG]: Skipping Lnet/minecraft/world/gen/feature/structure/BastionRemnantsTreasurePools;
[12:46:23] [main/DEBUG]: Skipping Lnet/minecraft/world/gen/feature/structure/DesertVillagePools;
[12:46:23] [main/DEBUG]: Skipping Lnet/minecraft/world/gen/feature/structure/PillagerOutpostPools;
[12:46:23] [main/DEBUG]: Skipping Lnet/minecraft/world/gen/feature/structure/PlainsVillagePools;
[12:46:23] [main/DEBUG]: Skipping Lnet/minecraft/world/gen/feature/structure/SavannaVillagePools;
[12:46:23] [main/DEBUG]: Skipping Lnet/minecraft/world/gen/feature/structure/SnowyVillagePools;
[12:46:23] [main/DEBUG]: Skipping Lnet/minecraft/world/gen/feature/structure/StructureFeatures;
[12:46:23] [main/DEBUG]: Skipping Lnet/minecraft/world/gen/feature/structure/TaigaVillagePools;
[12:46:23] [main/DEBUG]: Skipping Lnet/minecraft/world/gen/feature/structure/VillagesPools;
[12:46:23] [main/DEBUG]: Skipping Lnet/minecraft/world/gen/feature/structure/EndCityStructure$Start;
[12:46:23] [main/DEBUG]: Skipping Lnet/minecraft/world/gen/feature/structure/RuinedPortalPiece$Serializer;
[12:46:23] [main/DEBUG]: Skipping Lnet/minecraft/world/gen/feature/structure/RuinedPortalPiece$Location;
[12:46:23] [main/DEBUG]: Skipping Lnet/minecraft/world/gen/feature/structure/RuinedPortalStructure$Start;
[12:46:23] [main/DEBUG]: Skipping Lnet/minecraft/world/gen/feature/structure/RuinedPortalStructure$Location;
[12:46:23] [main/DEBUG]: Skipping Lnet/minecraft/world/gen/feature/structure/EndCityPieces$1;
[12:46:23] [main/DEBUG]: Skipping Lnet/minecraft/world/gen/feature/structure/EndCityPieces$2;
[12:46:23] [main/DEBUG]: Skipping Lnet/minecraft/world/gen/feature/structure/EndCityPieces$3;
[12:46:23] [main/DEBUG]: Skipping Lnet/minecraft/world/gen/feature/structure/EndCityPieces$4;
[12:46:23] [main/DEBUG]: Skipping Lnet/minecraft/world/gen/feature/structure/WoodlandMansionStructure$Start;
[12:46:23] [main/DEBUG]: Skipping Lnet/minecraft/world/gen/feature/structure/EndCityPieces$CityTemplate;
[12:46:23] [main/DEBUG]: Skipping Lnet/minecraft/world/gen/feature/structure/EndCityPieces$IGenerator;
[12:46:23] [main/DEBUG]: Skipping Lnet/minecraft/world/gen/feature/structure/IglooPieces$Piece;
[12:46:23] [main/DEBUG]: Skipping Lnet/minecraft/world/gen/feature/structure/IglooStructure$Start;
[12:46:23] [main/DEBUG]: Skipping Lnet/minecraft/world/gen/feature/structure/ShipwreckPieces$Piece;
[12:46:23] [main/DEBUG]: Skipping Lnet/minecraft/world/gen/feature/structure/JunglePyramidPiece$1;
[12:46:23] [main/DEBUG]: Skipping Lnet/minecraft/world/gen/feature/structure/JunglePyramidPiece$Selector;
[12:46:23] [main/DEBUG]: Skipping Lnet/minecraft/world/gen/feature/structure/JigsawStructure$Start;
[12:46:23] [main/DEBUG]: Skipping Lnet/minecraft/world/gen/feature/structure/StrongholdPieces$1;
[12:46:23] [main/DEBUG]: Skipping Lnet/minecraft/world/gen/feature/structure/StrongholdPieces$2;
[12:46:23] [main/DEBUG]: Skipping Lnet/minecraft/world/gen/feature/structure/StrongholdPieces$3;
[12:46:23] [main/DEBUG]: Skipping Lnet/minecraft/world/gen/feature/structure/StrongholdPieces$ChestCorridor;
[12:46:23] [main/DEBUG]: Skipping Lnet/minecraft/world/gen/feature/structure/StrongholdPieces$Corridor;
[12:46:23] [main/DEBUG]: Skipping Lnet/minecraft/world/gen/feature/structure/StrongholdPieces$Crossing;
[12:46:23] [main/DEBUG]: Skipping Lnet/minecraft/world/gen/feature/structure/StrongholdPieces$LeftTurn;
[12:46:23] [main/DEBUG]: Skipping Lnet/minecraft/world/gen/feature/structure/StrongholdPieces$Library;
[12:46:23] [main/DEBUG]: Skipping Lnet/minecraft/world/gen/feature/structure/StrongholdPieces$PieceWeight;
[12:46:23] [main/DEBUG]: Skipping Lnet/minecraft/world/gen/feature/structure/StrongholdPieces$PortalRoom;
[12:46:23] [main/DEBUG]: Skipping Lnet/minecraft/world/gen/feature/structure/StrongholdPieces$Prison;
[12:46:23] [main/DEBUG]: Skipping Lnet/minecraft/world/gen/feature/structure/StrongholdPieces$RightTurn;
[12:46:23] [main/DEBUG]: Skipping Lnet/minecraft/world/gen/feature/structure/StrongholdPieces$RoomCrossing;
[12:46:23] [main/DEBUG]: Skipping Lnet/minecraft/world/gen/feature/structure/StrongholdPieces$Stones;
[12:46:23] [main/DEBUG]: Skipping Lnet/minecraft/world/gen/feature/structure/StrongholdPieces$Stairs;
[12:46:23] [main/DEBUG]: Skipping Lnet/minecraft/world/gen/feature/structure/StrongholdPieces$Stairs2;
[12:46:23] [main/DEBUG]: Skipping Lnet/minecraft/world/gen/feature/structure/StrongholdPieces$Straight;
[12:46:23] [main/DEBUG]: Skipping Lnet/minecraft/world/gen/feature/structure/StrongholdPieces$StairsStraight;
[12:46:23] [main/DEBUG]: Skipping Lnet/minecraft/world/gen/feature/structure/StrongholdPieces$Stronghold;
[12:46:23] [main/DEBUG]: Skipping Lnet/minecraft/world/gen/feature/structure/StrongholdPieces$Turn;
[12:46:23] [main/DEBUG]: Skipping Lnet/minecraft/world/gen/feature/structure/ShipwreckStructure$Start;
[12:46:23] [main/DEBUG]: Skipping Lnet/minecraft/world/gen/feature/structure/JunglePyramidStructure$Start;
[12:46:23] [main/DEBUG]: Skipping Lnet/minecraft/world/gen/feature/structure/StrongholdPieces$Stronghold$Door;
[12:46:23] [main/DEBUG]: Skipping Lnet/minecraft/world/gen/feature/structure/FortressPieces$1;
[12:46:23] [main/DEBUG]: Skipping Lnet/minecraft/world/gen/feature/structure/FortressPieces$Crossing3;
[12:46:23] [main/DEBUG]: Skipping Lnet/minecraft/world/gen/feature/structure/FortressPieces$End;
[12:46:23] [main/DEBUG]: Skipping Lnet/minecraft/world/gen/feature/structure/FortressPieces$Straight;
[12:46:23] [main/DEBUG]: Skipping Lnet/minecraft/world/gen/feature/structure/FortressPieces$Corridor3;
[12:46:23] [main/DEBUG]: Skipping Lnet/minecraft/world/gen/feature/structure/FortressPieces$Corridor4;
[12:46:23] [main/DEBUG]: Skipping Lnet/minecraft/world/gen/feature/structure/FortressPieces$Entrance;
[12:46:23] [main/DEBUG]: Skipping Lnet/minecraft/world/gen/feature/structure/FortressPieces$Crossing2;
[12:46:23] [main/DEBUG]: Skipping Lnet/minecraft/world/gen/feature/structure/FortressPieces$Corridor;
[12:46:23] [main/DEBUG]: Skipping Lnet/minecraft/world/gen/feature/structure/FortressPieces$Corridor5;
[12:46:23] [main/DEBUG]: Skipping Lnet/minecraft/world/gen/feature/structure/FortressPieces$Corridor2;
[12:46:23] [main/DEBUG]: Skipping Lnet/minecraft/world/gen/feature/structure/FortressPieces$NetherStalkRoom;
[12:46:23] [main/DEBUG]: Skipping Lnet/minecraft/world/gen/feature/structure/FortressPieces$Throne;
[12:46:23] [main/DEBUG]: Skipping Lnet/minecraft/world/gen/feature/structure/FortressPieces$Piece;
[12:46:23] [main/DEBUG]: Skipping Lnet/minecraft/world/gen/feature/structure/FortressPieces$PieceWeight;
[12:46:23] [main/DEBUG]: Skipping Lnet/minecraft/world/gen/feature/structure/FortressPieces$Crossing;
[12:46:23] [main/DEBUG]: Skipping Lnet/minecraft/world/gen/feature/structure/FortressPieces$Stairs;
[12:46:23] [main/DEBUG]: Skipping Lnet/minecraft/world/gen/feature/structure/FortressPieces$Start;
[12:46:23] [main/DEBUG]: Skipping Lnet/minecraft/world/gen/feature/structure/BuriedTreasureStructure$Start;
[12:46:23] [main/DEBUG]: Skipping Lnet/minecraft/world/gen/feature/structure/NetherFossilStructure$Start;
[12:46:23] [main/DEBUG]: Skipping Lnet/minecraft/world/gen/feature/structure/NetherFossilStructures$Piece;
[12:46:23] [main/DEBUG]: Skipping Lnet/minecraft/world/gen/feature/structure/StructureManager;
[12:46:23] [main/DEBUG]: Skipping Lnet/minecraft/world/gen/feature/structure/FortressStructure;
[12:46:23] [main/DEBUG]: Skipping Lnet/minecraft/world/gen/feature/structure/OceanMonumentStructure;
[12:46:23] [main/DEBUG]: Skipping Lnet/minecraft/world/gen/feature/structure/PillagerOutpostStructure;
[12:46:23] [main/DEBUG]: Skipping Lnet/minecraft/world/gen/feature/structure/Structure;
[12:46:23] [main/DEBUG]: Skipping Lnet/minecraft/world/gen/feature/structure/SwampHutStructure;
[12:46:23] [main/DEBUG]: Skipping Lnet/minecraft/world/gen/feature/structure/MineshaftPieces;
[12:46:23] [main/DEBUG]: Skipping Lnet/minecraft/world/gen/feature/structure/StructurePiece;
[12:46:23] [main/DEBUG]: Skipping Lnet/minecraft/world/gen/feature/structure/StructureStart;
[12:46:23] [main/DEBUG]: Skipping Lnet/minecraft/world/gen/feature/structure/FortressStructure$Start;
[12:46:23] [main/DEBUG]: Skipping Lnet/minecraft/world/gen/feature/structure/Structure$IStartFactory;
[12:46:23] [main/DEBUG]: Skipping Lnet/minecraft/world/gen/feature/structure/MineshaftPieces$1;
[12:46:23] [main/DEBUG]: Skipping Lnet/minecraft/world/gen/feature/structure/MineshaftPieces$Corridor;
[12:46:23] [main/DEBUG]: Skipping Lnet/minecraft/world/gen/feature/structure/MineshaftPieces$Cross;
[12:46:23] [main/DEBUG]: Skipping Lnet/minecraft/world/gen/feature/structure/MineshaftPieces$Piece;
[12:46:23] [main/DEBUG]: Skipping Lnet/minecraft/world/gen/feature/structure/MineshaftPieces$Room;
[12:46:23] [main/DEBUG]: Skipping Lnet/minecraft/world/gen/feature/structure/MineshaftPieces$Stairs;
[12:46:23] [main/DEBUG]: Skipping Lnet/minecraft/world/gen/feature/structure/StructurePiece$1;
[12:46:23] [main/DEBUG]: Skipping Lnet/minecraft/world/gen/feature/structure/StructurePiece$BlockSelector;
[12:46:23] [main/DEBUG]: Skipping Lnet/minecraft/world/gen/feature/structure/OceanMonumentStructure$Start;
[12:46:23] [main/DEBUG]: Skipping Lnet/minecraft/world/gen/feature/structure/SwampHutStructure$Start;
[12:46:23] [main/DEBUG]: Skipping Lnet/minecraft/world/gen/feature/structure/StructureStart$1;
[12:46:23] [main/DEBUG]: Skipping Lnet/minecraft/world/gen/WorldGenRegion;
[12:46:23] [main/DEBUG]: Skipping Lnet/minecraft/world/raid/package-info;
[12:46:23] [main/DEBUG]: Skipping Lnet/minecraft/world/raid/RaidManager;
[12:46:23] [main/DEBUG]: Skipping Lnet/minecraft/world/raid/Raid$1;
[12:46:23] [main/DEBUG]: Skipping Lnet/minecraft/world/raid/Raid$Status;
[12:46:23] [main/DEBUG]: Transforming class Lnet/minecraft/world/raid/Raid$WaveMember;
[12:46:23] [main/DEBUG]: Transforming net.minecraft.world.raid.Raid$WaveMember FIELD field_221284_f to access PRIVATE and REMOVEFINAL
[12:46:23] [main/DEBUG]: Skipping Lnet/minecraft/world/raid/Raid;
[12:46:23] [main/DEBUG]: Skipping Lnet/minecraft/world/IBlockReader;
[12:46:23] [main/DEBUG]: Skipping Lnet/minecraft/world/Explosion;
[12:46:23] [main/DEBUG]: Skipping Lnet/minecraft/world/ExplosionContext;
[12:46:23] [main/DEBUG]: Skipping Lnet/minecraft/world/ForcedChunksSaveData;
[12:46:23] [main/DEBUG]: Transforming class Lnet/minecraft/world/World;
[12:46:23] [main/DEBUG]: Transforming net.minecraft.world.World FIELD field_73003_n to access PUBLIC and LEAVE
[12:46:23] [main/DEBUG]: Transforming net.minecraft.world.World FIELD field_73004_o to access PUBLIC and LEAVE
[12:46:23] [main/DEBUG]: Transforming net.minecraft.world.World FIELD field_73018_p to access PUBLIC and LEAVE
[12:46:23] [main/DEBUG]: Transforming net.minecraft.world.World FIELD field_73017_q to access PUBLIC and LEAVE
[12:46:23] [main/DEBUG]: Skipping Lnet/minecraft/world/IWorldReader;
[12:46:23] [main/DEBUG]: Skipping Lnet/minecraft/world/WorldSettings;
[12:46:23] [main/DEBUG]: Skipping Lnet/minecraft/world/spawner/package-info;
[12:46:23] [main/DEBUG]: Skipping Lnet/minecraft/world/spawner/MobDensityTracker$DensityEntry;
[12:46:23] [main/DEBUG]: Skipping Lnet/minecraft/world/spawner/WanderingTraderSpawner;
[12:46:23] [main/DEBUG]: Skipping Lnet/minecraft/world/spawner/ISpecialSpawner;
[12:46:23] [main/DEBUG]: Skipping Lnet/minecraft/world/spawner/MobDensityTracker;
[12:46:23] [main/DEBUG]: Skipping Lnet/minecraft/world/spawner/PatrolSpawner;
[12:46:23] [main/DEBUG]: Skipping Lnet/minecraft/world/spawner/PhantomSpawner;
[12:46:23] [main/DEBUG]: Skipping Lnet/minecraft/world/spawner/WorldEntitySpawner$1;
[12:46:23] [main/DEBUG]: Skipping Lnet/minecraft/world/spawner/WorldEntitySpawner$IOnSpawnDensityAdder;
[12:46:23] [main/DEBUG]: Skipping Lnet/minecraft/world/spawner/WorldEntitySpawner$IInitialDensityAdder;
[12:46:23] [main/DEBUG]: Skipping Lnet/minecraft/world/spawner/WorldEntitySpawner$IDensityCheck;
[12:46:23] [main/DEBUG]: Skipping Lnet/minecraft/world/spawner/WorldEntitySpawner$EntityDensityManager;
[12:46:23] [main/DEBUG]: Skipping Lnet/minecraft/world/spawner/CatSpawner;
[12:46:23] [main/DEBUG]: Skipping Lnet/minecraft/world/spawner/AbstractSpawner;
[12:46:23] [main/DEBUG]: Skipping Lnet/minecraft/world/spawner/WorldEntitySpawner;
[12:46:23] [main/DEBUG]: Skipping Lnet/minecraft/world/biome/package-info;
[12:46:23] [main/DEBUG]: Skipping Lnet/minecraft/world/biome/BiomeContainer;
[12:46:23] [main/DEBUG]: Skipping Lnet/minecraft/world/biome/BiomeColors;
[12:46:23] [main/DEBUG]: Skipping Lnet/minecraft/world/biome/BiomeManager$IBiomeReader;
[12:46:23] [main/DEBUG]: Skipping Lnet/minecraft/world/biome/DefaultBiomeFeatures;
[12:46:23] [main/DEBUG]: Skipping Lnet/minecraft/world/biome/BiomeMaker;
[12:46:23] [main/DEBUG]: Skipping Lnet/minecraft/world/biome/SoundAdditionsAmbience;
[12:46:23] [main/DEBUG]: Skipping Lnet/minecraft/world/biome/MoodSoundAmbience;
[12:46:23] [main/DEBUG]: Skipping Lnet/minecraft/world/biome/ParticleEffectAmbience;
[12:46:23] [main/DEBUG]: Skipping Lnet/minecraft/world/biome/BiomeManager;
[12:46:23] [main/DEBUG]: Skipping Lnet/minecraft/world/biome/IBiomeMagnifier;
[12:46:23] [main/DEBUG]: Skipping Lnet/minecraft/world/biome/Biomes;
[12:46:23] [main/DEBUG]: Skipping Lnet/minecraft/world/biome/FuzzedBiomeMagnifier;
[12:46:23] [main/DEBUG]: Skipping Lnet/minecraft/world/biome/ColumnFuzzedBiomeMagnifier;
[12:46:23] [main/DEBUG]: Skipping Lnet/minecraft/world/biome/DefaultBiomeMagnifier;
[12:46:23] [main/DEBUG]: Skipping Lnet/minecraft/world/biome/BiomeAmbience$GrassColorModifier$ColorModifier;
[12:46:23] [main/DEBUG]: Skipping Lnet/minecraft/world/biome/Biome$1;
[12:46:23] [main/DEBUG]: Skipping Lnet/minecraft/world/biome/Biome$Builder;
[12:46:23] [main/DEBUG]: Skipping Lnet/minecraft/world/biome/Biome$Category;
[12:46:23] [main/DEBUG]: Skipping Lnet/minecraft/world/biome/Biome$Attributes;
[12:46:23] [main/DEBUG]: Transforming class Lnet/minecraft/world/biome/Biome$Climate;
[12:46:23] [main/DEBUG]: Transforming net.minecraft.world.biome.Biome$Climate CLASS to access PUBLIC and LEAVE
[12:46:23] [main/DEBUG]: Transforming net.minecraft.world.biome.Biome$Climate FIELD field_242460_b to access PUBLIC and LEAVE
[12:46:23] [main/DEBUG]: Transforming net.minecraft.world.biome.Biome$Climate FIELD field_242461_c to access PUBLIC and LEAVE
[12:46:23] [main/DEBUG]: Transforming net.minecraft.world.biome.Biome$Climate FIELD field_242462_d to access PUBLIC and LEAVE
[12:46:23] [main/DEBUG]: Transforming net.minecraft.world.biome.Biome$Climate FIELD field_242463_e to access PUBLIC and LEAVE
[12:46:23] [main/DEBUG]: Transforming net.minecraft.world.biome.Biome$Climate METHOD <init>(Lnet/minecraft/world/biome/Biome$RainType;FLnet/minecraft/world/biome/Biome$TemperatureModifier;F)V to access PUBLIC and LEAVE
[12:46:23] [main/DEBUG]: Skipping Lnet/minecraft/world/biome/Biome$RainType;
[12:46:23] [main/DEBUG]: Skipping Lnet/minecraft/world/biome/Biome$TemperatureModifier;
[12:46:23] [main/DEBUG]: Skipping Lnet/minecraft/world/biome/BiomeGenerationSettings$1;
[12:46:23] [main/DEBUG]: Transforming class Lnet/minecraft/world/biome/BiomeGenerationSettings$Builder;
[12:46:23] [main/DEBUG]: Transforming net.minecraft.world.biome.BiomeGenerationSettings$Builder FIELD field_242504_a to access PROTECTED and LEAVE
[12:46:23] [main/DEBUG]: Transforming net.minecraft.world.biome.BiomeGenerationSettings$Builder FIELD field_242505_b to access PROTECTED and LEAVE
[12:46:23] [main/DEBUG]: Transforming net.minecraft.world.biome.BiomeGenerationSettings$Builder FIELD field_242506_c to access PROTECTED and LEAVE
[12:46:23] [main/DEBUG]: Transforming net.minecraft.world.biome.BiomeGenerationSettings$Builder FIELD field_242507_d to access PROTECTED and LEAVE
[12:46:23] [main/DEBUG]: Transforming net.minecraft.world.biome.BiomeGenerationSettings$Builder METHOD func_242509_a(I)V to access PROTECTED and LEAVE
[12:46:23] [main/DEBUG]: Skipping Lnet/minecraft/world/biome/BiomeRegistry;
[12:46:23] [main/DEBUG]: Skipping Lnet/minecraft/world/biome/Biome$TemperatureModifier$1;
[12:46:23] [main/DEBUG]: Skipping Lnet/minecraft/world/biome/Biome$TemperatureModifier$2;
[12:46:23] [main/DEBUG]: Skipping Lnet/minecraft/world/biome/MobSpawnInfo$1;
[12:46:23] [main/DEBUG]: Transforming class Lnet/minecraft/world/biome/MobSpawnInfo$Builder;
[12:46:23] [main/DEBUG]: Transforming net.minecraft.world.biome.MobSpawnInfo$Builder FIELD field_242567_a to access PROTECTED and LEAVE
[12:46:23] [main/DEBUG]: Transforming net.minecraft.world.biome.MobSpawnInfo$Builder FIELD field_242568_b to access PROTECTED and LEAVE
[12:46:23] [main/DEBUG]: Transforming net.minecraft.world.biome.MobSpawnInfo$Builder FIELD field_242569_c to access PROTECTED and LEAVE
[12:46:23] [main/DEBUG]: Transforming net.minecraft.world.biome.MobSpawnInfo$Builder FIELD field_242570_d to access PROTECTED and LEAVE
[12:46:23] [main/DEBUG]: Skipping Lnet/minecraft/world/biome/MobSpawnInfo$SpawnCosts;
[12:46:23] [main/DEBUG]: Skipping Lnet/minecraft/world/biome/MobSpawnInfo$Spawners;
[12:46:23] [main/DEBUG]: Skipping Lnet/minecraft/world/biome/BiomeAmbience$1;
[12:46:23] [main/DEBUG]: Skipping Lnet/minecraft/world/biome/BiomeAmbience$Builder;
[12:46:23] [main/DEBUG]: Skipping Lnet/minecraft/world/biome/BiomeAmbience$GrassColorModifier;
[12:46:23] [main/DEBUG]: Skipping Lnet/minecraft/world/biome/BiomeAmbience$GrassColorModifier$1;
[12:46:23] [main/DEBUG]: Skipping Lnet/minecraft/world/biome/BiomeAmbience$GrassColorModifier$2;
[12:46:23] [main/DEBUG]: Skipping Lnet/minecraft/world/biome/BiomeAmbience$GrassColorModifier$3;
[12:46:23] [main/DEBUG]: Transforming class Lnet/minecraft/world/biome/Biome;
[12:46:23] [main/DEBUG]: Transforming net.minecraft.world.biome.Biome INNERCLASS Climate to access PUBLIC and LEAVE
[12:46:23] [main/DEBUG]: Skipping Lnet/minecraft/world/biome/BiomeGenerationSettings;
[12:46:23] [main/DEBUG]: Skipping Lnet/minecraft/world/biome/BiomeAmbience;
[12:46:23] [main/DEBUG]: Skipping Lnet/minecraft/world/biome/MobSpawnInfo;
[12:46:23] [main/DEBUG]: Skipping Lnet/minecraft/world/biome/provider/package-info;
[12:46:23] [main/DEBUG]: Skipping Lnet/minecraft/world/biome/provider/NetherBiomeProvider$1;
[12:46:23] [main/DEBUG]: Skipping Lnet/minecraft/world/biome/provider/NetherBiomeProvider$Noise;
[12:46:23] [main/DEBUG]: Skipping Lnet/minecraft/world/biome/provider/NetherBiomeProvider$Preset;
[12:46:23] [main/DEBUG]: Skipping Lnet/minecraft/world/biome/provider/NetherBiomeProvider$DefaultBuilder;
[12:46:23] [main/DEBUG]: Skipping Lnet/minecraft/world/biome/provider/BiomeProvider;
[12:46:23] [main/DEBUG]: Skipping Lnet/minecraft/world/biome/provider/CheckerboardBiomeProvider;
[12:46:23] [main/DEBUG]: Skipping Lnet/minecraft/world/biome/provider/SingleBiomeProvider;
[12:46:23] [main/DEBUG]: Skipping Lnet/minecraft/world/biome/provider/NetherBiomeProvider;
[12:46:23] [main/DEBUG]: Skipping Lnet/minecraft/world/biome/provider/EndBiomeProvider;
[12:46:23] [main/DEBUG]: Skipping Lnet/minecraft/world/biome/provider/OverworldBiomeProvider;
[12:46:23] [main/DEBUG]: Skipping Lnet/minecraft/world/server/package-info;
[12:46:23] [main/DEBUG]: Skipping Lnet/minecraft/world/server/ServerWorldLightManager$Phase;
[12:46:23] [main/DEBUG]: Skipping Lnet/minecraft/world/server/ServerBossInfo;
[12:46:23] [main/DEBUG]: Skipping Lnet/minecraft/world/server/ServerWorldLightManager;
[12:46:23] [main/DEBUG]: Skipping Lnet/minecraft/world/server/TicketType;
[12:46:23] [main/DEBUG]: Skipping Lnet/minecraft/world/server/ServerTickList;
[12:46:23] [main/DEBUG]: Skipping Lnet/minecraft/world/server/ChunkHolder;
[12:46:23] [main/DEBUG]: Skipping Lnet/minecraft/world/server/ChunkManager;
[12:46:23] [main/DEBUG]: Skipping Lnet/minecraft/world/server/TicketManager;
[12:46:23] [main/DEBUG]: Skipping Lnet/minecraft/world/server/TicketManager$ChunkTicketTracker;
[12:46:23] [main/DEBUG]: Skipping Lnet/minecraft/world/server/TicketManager$PlayerChunkTracker;
[12:46:23] [main/DEBUG]: Skipping Lnet/minecraft/world/server/TicketManager$PlayerTicketTracker;
[12:46:23] [main/DEBUG]: Skipping Lnet/minecraft/world/server/ChunkHolder$1;
[12:46:23] [main/DEBUG]: Skipping Lnet/minecraft/world/server/ChunkHolder$IChunkLoadingError;
[12:46:23] [main/DEBUG]: Skipping Lnet/minecraft/world/server/ChunkHolder$LocationType;
[12:46:23] [main/DEBUG]: Skipping Lnet/minecraft/world/server/ChunkHolder$IListener;
[12:46:23] [main/DEBUG]: Skipping Lnet/minecraft/world/server/ChunkHolder$IPlayerProvider;
[12:46:23] [main/DEBUG]: Transforming class Lnet/minecraft/world/server/ServerChunkProvider;
[12:46:23] [main/DEBUG]: Transforming net.minecraft.world.server.ServerChunkProvider FIELD field_186029_c to access PUBLIC and LEAVE
[12:46:23] [main/DEBUG]: Transforming net.minecraft.world.server.ServerChunkProvider FIELD field_73251_h to access PUBLIC and LEAVE
[12:46:23] [main/DEBUG]: Skipping Lnet/minecraft/world/server/ServerWorld;
[12:46:23] [main/DEBUG]: Skipping Lnet/minecraft/world/server/Ticket;
[12:46:23] [main/DEBUG]: Skipping Lnet/minecraft/world/server/ChunkManager$1;
[12:46:23] [main/DEBUG]: Skipping Lnet/minecraft/world/server/ChunkManager$2;
[12:46:23] [main/DEBUG]: Skipping Lnet/minecraft/world/server/ChunkManager$ProxyTicketManager;
[12:46:23] [main/DEBUG]: Skipping Lnet/minecraft/world/server/ChunkManager$EntityTracker;
[12:46:23] [main/DEBUG]: Skipping Lnet/minecraft/world/server/ServerChunkProvider$1;
[12:46:23] [main/DEBUG]: Skipping Lnet/minecraft/world/server/ServerChunkProvider$ChunkExecutor;
[12:46:23] [main/DEBUG]: Skipping Lnet/minecraft/world/server/ChunkHolder$IChunkLoadingError$1;
[12:46:23] [main/DEBUG]: Skipping Lnet/minecraft/particles/package-info;
[12:46:23] [main/DEBUG]: Skipping Lnet/minecraft/particles/RedstoneParticleData$1;
[12:46:23] [main/DEBUG]: Skipping Lnet/minecraft/particles/IParticleData$IDeserializer;
[12:46:23] [main/DEBUG]: Skipping Lnet/minecraft/particles/RedstoneParticleData;
[12:46:23] [main/DEBUG]: Skipping Lnet/minecraft/particles/IParticleData;
[12:46:23] [main/DEBUG]: Transforming class Lnet/minecraft/particles/BasicParticleType;
[12:46:23] [main/DEBUG]: Transforming net.minecraft.particles.BasicParticleType METHOD <init>(Z)V to access PUBLIC and LEAVE
[12:46:23] [main/DEBUG]: Skipping Lnet/minecraft/particles/BasicParticleType$1;
[12:46:23] [main/DEBUG]: Skipping Lnet/minecraft/particles/ItemParticleData$1;
[12:46:23] [main/DEBUG]: Skipping Lnet/minecraft/particles/BlockParticleData;
[12:46:23] [main/DEBUG]: Skipping Lnet/minecraft/particles/ItemParticleData;
[12:46:23] [main/DEBUG]: Transforming class Lnet/minecraft/particles/ParticleType;
[12:46:23] [main/DEBUG]: Transforming net.minecraft.particles.ParticleType METHOD <init>(ZLnet/minecraft/particles/IParticleData$IDeserializer;)V to access PUBLIC and LEAVE
[12:46:23] [main/DEBUG]: Skipping Lnet/minecraft/particles/ParticleTypes;
[12:46:23] [main/DEBUG]: Skipping Lnet/minecraft/particles/ParticleTypes$1;
[12:46:23] [main/DEBUG]: Skipping Lnet/minecraft/particles/BlockParticleData$1;
[12:46:23] [main/DEBUG]: Skipping Lnet/minecraft/block/package-info;
[12:46:23] [main/DEBUG]: Transforming class Lnet/minecraft/block/WitherSkeletonWallSkullBlock;
[12:46:23] [main/DEBUG]: Transforming net.minecraft.block.WitherSkeletonWallSkullBlock METHOD <init>(Lnet/minecraft/block/AbstractBlock$Properties;)V to access PUBLIC and LEAVE
[12:46:23] [main/DEBUG]: Transforming class Lnet/minecraft/block/WoodButtonBlock;
[12:46:23] [main/DEBUG]: Transforming net.minecraft.block.WoodButtonBlock METHOD <init>(Lnet/minecraft/block/AbstractBlock$Properties;)V to access PUBLIC and LEAVE
[12:46:23] [main/DEBUG]: Transforming class Lnet/minecraft/block/CarpetBlock;
[12:46:23] [main/DEBUG]: Transforming net.minecraft.block.CarpetBlock METHOD <init>(Lnet/minecraft/item/DyeColor;Lnet/minecraft/block/AbstractBlock$Properties;)V to access PUBLIC and LEAVE
[12:46:23] [main/DEBUG]: Skipping Lnet/minecraft/block/trees/package-info;
[12:46:23] [main/DEBUG]: Skipping Lnet/minecraft/block/trees/BigTree;
[12:46:23] [main/DEBUG]: Skipping Lnet/minecraft/block/trees/Tree;
[12:46:23] [main/DEBUG]: Skipping Lnet/minecraft/block/trees/AcaciaTree;
[12:46:23] [main/DEBUG]: Skipping Lnet/minecraft/block/trees/BirchTree;
[12:46:23] [main/DEBUG]: Skipping Lnet/minecraft/block/trees/DarkOakTree;
[12:46:23] [main/DEBUG]: Skipping Lnet/minecraft/block/trees/JungleTree;
[12:46:23] [main/DEBUG]: Skipping Lnet/minecraft/block/trees/OakTree;
[12:46:23] [main/DEBUG]: Skipping Lnet/minecraft/block/trees/SpruceTree;
[12:46:23] [main/DEBUG]: Skipping Lnet/minecraft/block/WallHeight;
[12:46:23] [main/DEBUG]: Skipping Lnet/minecraft/block/SkullBlock$ISkullType;
[12:46:23] [main/DEBUG]: Skipping Lnet/minecraft/block/SkullBlock$Types;
[12:46:23] [main/DEBUG]: Skipping Lnet/minecraft/block/PortalInfo;
[12:46:23] [main/DEBUG]: Skipping Lnet/minecraft/block/RespawnAnchorBlock$1;
[12:46:23] [main/DEBUG]: Skipping Lnet/minecraft/block/SlabBlock$1;
[12:46:23] [main/DEBUG]: Skipping Lnet/minecraft/block/HorizontalFaceBlock$1;
[12:46:23] [main/DEBUG]: Skipping Lnet/minecraft/block/WallBlock$1;
[12:46:23] [main/DEBUG]: Skipping Lnet/minecraft/block/FourWayBlock$1;
[12:46:23] [main/DEBUG]: Skipping Lnet/minecraft/block/LadderBlock$1;
[12:46:23] [main/DEBUG]: Skipping Lnet/minecraft/block/StructureBlock$1;
[12:46:23] [main/DEBUG]: Skipping Lnet/minecraft/block/DoorBlock$1;
[12:46:23] [main/DEBUG]: Skipping Lnet/minecraft/block/BellBlock$1;
[12:46:23] [main/DEBUG]: Skipping Lnet/minecraft/block/RotatedPillarBlock$1;
[12:46:23] [main/DEBUG]: Skipping Lnet/minecraft/block/HopperBlock$1;
[12:46:23] [main/DEBUG]: Skipping Lnet/minecraft/block/LecternBlock$1;
[12:46:23] [main/DEBUG]: Skipping Lnet/minecraft/block/FenceGateBlock$1;
[12:46:23] [main/DEBUG]: Skipping Lnet/minecraft/block/ComposterBlock$EmptyInventory;
[12:46:23] [main/DEBUG]: Skipping Lnet/minecraft/block/ComposterBlock$PartialInventory;
[12:46:23] [main/DEBUG]: Skipping Lnet/minecraft/block/ComposterBlock$FullInventory;
[12:46:23] [main/DEBUG]: Skipping Lnet/minecraft/block/TripWireBlock$1;
[12:46:23] [main/DEBUG]: Skipping Lnet/minecraft/block/RedstoneTorchBlock$Toggle;
[12:46:23] [main/DEBUG]: Skipping Lnet/minecraft/block/pattern/package-info;
[12:46:23] [main/DEBUG]: Skipping Lnet/minecraft/block/pattern/BlockPattern;
[12:46:23] [main/DEBUG]: Skipping Lnet/minecraft/block/pattern/BlockPatternBuilder;
[12:46:23] [main/DEBUG]: Skipping Lnet/minecraft/block/pattern/BlockMaterialMatcher;
[12:46:23] [main/DEBUG]: Skipping Lnet/minecraft/block/pattern/BlockMatcher;
[12:46:23] [main/DEBUG]: Skipping Lnet/minecraft/block/pattern/BlockStateMatcher;
[12:46:23] [main/DEBUG]: Skipping Lnet/minecraft/block/pattern/BlockPattern$CacheLoader;
[12:46:23] [main/DEBUG]: Skipping Lnet/minecraft/block/pattern/BlockPattern$PatternHelper;
[12:46:23] [main/DEBUG]: Skipping Lnet/minecraft/block/pattern/BlockMaterialMatcher$1;
[12:46:23] [main/DEBUG]: Skipping Lnet/minecraft/block/PressurePlateBlock$1;
[12:46:23] [main/DEBUG]: Skipping Lnet/minecraft/block/PressurePlateBlock$Sensitivity;
[12:46:23] [main/DEBUG]: Skipping Lnet/minecraft/block/GrindstoneBlock$1;
[12:46:23] [main/DEBUG]: Skipping Lnet/minecraft/block/material/package-info;
[12:46:23] [main/DEBUG]: Skipping Lnet/minecraft/block/material/Material;
[12:46:23] [main/DEBUG]: Skipping Lnet/minecraft/block/material/MaterialColor;
[12:46:23] [main/DEBUG]: Skipping Lnet/minecraft/block/material/PushReaction;
[12:46:23] [main/DEBUG]: Skipping Lnet/minecraft/block/material/Material$Builder;
[12:46:23] [main/DEBUG]: Skipping Lnet/minecraft/block/EndRodBlock$1;
[12:46:23] [main/DEBUG]: Skipping Lnet/minecraft/block/AbstractButtonBlock$1;
[12:46:23] [main/DEBUG]: Skipping Lnet/minecraft/block/ChainBlock$1;
[12:46:23] [main/DEBUG]: Skipping Lnet/minecraft/block/SnowBlock$1;
[12:46:23] [main/DEBUG]: Skipping Lnet/minecraft/block/BlockEventData;
[12:46:23] [main/DEBUG]: Skipping Lnet/minecraft/block/AbstractChestBlock;
[12:46:23] [main/DEBUG]: Skipping Lnet/minecraft/block/AbstractFurnaceBlock;
[12:46:23] [main/DEBUG]: Skipping Lnet/minecraft/block/AbstractGlassBlock;
[12:46:23] [main/DEBUG]: Skipping Lnet/minecraft/block/AbstractSkullBlock;
[12:46:23] [main/DEBUG]: Transforming class Lnet/minecraft/block/AirBlock;
[12:46:23] [main/DEBUG]: Transforming net.minecraft.block.AirBlock METHOD <init>(Lnet/minecraft/block/AbstractBlock$Properties;)V to access PUBLIC and LEAVE
[12:46:23] [main/DEBUG]: Skipping Lnet/minecraft/block/AnvilBlock;
[12:46:23] [main/DEBUG]: Skipping Lnet/minecraft/block/BarrelBlock;
[12:46:23] [main/DEBUG]: Transforming class Lnet/minecraft/block/BarrierBlock;
[12:46:23] [main/DEBUG]: Transforming net.minecraft.block.BarrierBlock METHOD <init>(Lnet/minecraft/block/AbstractBlock$Properties;)V to access PUBLIC and LEAVE
[12:46:23] [main/DEBUG]: Transforming class Lnet/minecraft/block/CoralFanBlock;
[12:46:23] [main/DEBUG]: Transforming net.minecraft.block.CoralFanBlock METHOD <init>(Lnet/minecraft/block/AbstractBlock$Properties;)V to access PUBLIC and LEAVE
[12:46:23] [main/DEBUG]: Transforming class Lnet/minecraft/block/DeadCoralPlantBlock;
[12:46:23] [main/DEBUG]: Transforming net.minecraft.block.DeadCoralPlantBlock METHOD <init>(Lnet/minecraft/block/AbstractBlock$Properties;)V to access PUBLIC and LEAVE
[12:46:23] [main/DEBUG]: Transforming class Lnet/minecraft/block/AbstractCoralPlantBlock;
[12:46:23] [main/DEBUG]: Transforming net.minecraft.block.AbstractCoralPlantBlock METHOD <init>(Lnet/minecraft/block/AbstractBlock$Properties;)V to access PUBLIC and LEAVE
[12:46:23] [main/DEBUG]: Transforming class Lnet/minecraft/block/DeadCoralWallFanBlock;
[12:46:23] [main/DEBUG]: Transforming net.minecraft.block.DeadCoralWallFanBlock METHOD <init>(Lnet/minecraft/block/AbstractBlock$Properties;)V to access PUBLIC and LEAVE
[12:46:23] [main/DEBUG]: Skipping Lnet/minecraft/block/ContainerBlock;
[12:46:23] [main/DEBUG]: Skipping Lnet/minecraft/block/AbstractPressurePlateBlock;
[12:46:23] [main/DEBUG]: Skipping Lnet/minecraft/block/IBeaconBeamColorProvider;
[12:46:23] [main/DEBUG]: Skipping Lnet/minecraft/block/BeaconBlock;
[12:46:23] [main/DEBUG]: Skipping Lnet/minecraft/block/BedBlock;
[12:46:23] [main/DEBUG]: Skipping Lnet/minecraft/block/BellBlock;
[12:46:23] [main/DEBUG]: Transforming class Lnet/minecraft/block/BlastFurnaceBlock;
[12:46:23] [main/DEBUG]: Transforming net.minecraft.block.BlastFurnaceBlock METHOD <init>(Lnet/minecraft/block/AbstractBlock$Properties;)V to access PUBLIC and LEAVE
[12:46:23] [main/DEBUG]: Skipping Lnet/minecraft/block/IGrowable;
[12:46:23] [main/DEBUG]: Skipping Lnet/minecraft/block/BrewingStandBlock;
[12:46:23] [main/DEBUG]: Skipping Lnet/minecraft/block/BubbleColumnBlock;
[12:46:23] [main/DEBUG]: Skipping Lnet/minecraft/block/IBucketPickupHandler;
[12:46:23] [main/DEBUG]: Skipping Lnet/minecraft/block/AbstractButtonBlock;
[12:46:23] [main/DEBUG]: Transforming class Lnet/minecraft/block/CakeBlock;
[12:46:23] [main/DEBUG]: Transforming net.minecraft.block.CakeBlock METHOD <init>(Lnet/minecraft/block/AbstractBlock$Properties;)V to access PUBLIC and LEAVE
[12:46:23] [main/DEBUG]: Transforming class Lnet/minecraft/block/CartographyTableBlock;
[12:46:23] [main/DEBUG]: Transforming net.minecraft.block.CartographyTableBlock METHOD <init>(Lnet/minecraft/block/AbstractBlock$Properties;)V to access PUBLIC and LEAVE
[12:46:23] [main/DEBUG]: Transforming class Lnet/minecraft/block/CarvedPumpkinBlock;
[12:46:23] [main/DEBUG]: Transforming net.minecraft.block.CarvedPumpkinBlock METHOD <init>(Lnet/minecraft/block/AbstractBlock$Properties;)V to access PUBLIC and LEAVE
[12:46:23] [main/DEBUG]: Skipping Lnet/minecraft/block/CauldronBlock;
[12:46:23] [main/DEBUG]: Skipping Lnet/minecraft/block/ChainBlock;
[12:46:23] [main/DEBUG]: Transforming class Lnet/minecraft/block/ChorusPlantBlock;
[12:46:23] [main/DEBUG]: Transforming net.minecraft.block.ChorusPlantBlock METHOD <init>(Lnet/minecraft/block/AbstractBlock$Properties;)V to access PUBLIC and LEAVE
[12:46:23] [main/DEBUG]: Skipping Lnet/minecraft/block/CommandBlockBlock;
[12:46:23] [main/DEBUG]: Skipping Lnet/minecraft/block/ComposterBlock;
[12:46:23] [main/DEBUG]: Skipping Lnet/minecraft/block/ConcretePowderBlock;
[12:46:23] [main/DEBUG]: Skipping Lnet/minecraft/block/ConduitBlock;
[12:46:23] [main/DEBUG]: Skipping Lnet/minecraft/block/CoralBlock;
[12:46:23] [main/DEBUG]: Transforming class Lnet/minecraft/block/CoralFinBlock;
[12:46:23] [main/DEBUG]: Transforming net.minecraft.block.CoralFinBlock METHOD <init>(Lnet/minecraft/block/Block;Lnet/minecraft/block/AbstractBlock$Properties;)V to access PUBLIC and LEAVE
[12:46:23] [main/DEBUG]: Transforming class Lnet/minecraft/block/CoralPlantBlock;
[12:46:23] [main/DEBUG]: Transforming net.minecraft.block.CoralPlantBlock METHOD <init>(Lnet/minecraft/block/Block;Lnet/minecraft/block/AbstractBlock$Properties;)V to access PUBLIC and LEAVE
[12:46:23] [main/DEBUG]: Transforming class Lnet/minecraft/block/CoralWallFanBlock;
[12:46:23] [main/DEBUG]: Transforming net.minecraft.block.CoralWallFanBlock METHOD <init>(Lnet/minecraft/block/Block;Lnet/minecraft/block/AbstractBlock$Properties;)V to access PUBLIC and LEAVE
[12:46:23] [main/DEBUG]: Transforming class Lnet/minecraft/block/CraftingTableBlock;
[12:46:23] [main/DEBUG]: Transforming net.minecraft.block.CraftingTableBlock METHOD <init>(Lnet/minecraft/block/AbstractBlock$Properties;)V to access PUBLIC and LEAVE
[12:46:23] [main/DEBUG]: Transforming class Lnet/minecraft/block/FourWayBlock;
[12:46:23] [main/DEBUG]: Transforming net.minecraft.block.FourWayBlock METHOD <init>(FFFFFLnet/minecraft/block/AbstractBlock$Properties;)V to access PUBLIC and LEAVE
[12:46:23] [main/DEBUG]: Skipping Lnet/minecraft/block/CryingObsidianBlock;
[12:46:23] [main/DEBUG]: Skipping Lnet/minecraft/block/DaylightDetectorBlock;
[12:46:23] [main/DEBUG]: Skipping Lnet/minecraft/block/DirectionalBlock;
[12:46:23] [main/DEBUG]: Transforming class Lnet/minecraft/block/DispenserBlock;
[12:46:23] [main/DEBUG]: Transforming net.minecraft.block.DispenserBlock METHOD <init>(Lnet/minecraft/block/AbstractBlock$Properties;)V to access PUBLIC and LEAVE
[12:46:23] [main/DEBUG]: Transforming class Lnet/minecraft/block/DoorBlock;
[12:46:23] [main/DEBUG]: Transforming net.minecraft.block.DoorBlock METHOD <init>(Lnet/minecraft/block/AbstractBlock$Properties;)V to access PUBLIC and LEAVE
[12:46:23] [main/DEBUG]: Skipping Lnet/minecraft/block/DragonEggBlock;
[12:46:23] [main/DEBUG]: Skipping Lnet/minecraft/block/EndPortalFrameBlock;
[12:46:23] [main/DEBUG]: Transforming class Lnet/minecraft/block/EndRodBlock;
[12:46:23] [main/DEBUG]: Transforming net.minecraft.block.EndRodBlock METHOD <init>(Lnet/minecraft/block/AbstractBlock$Properties;)V to access PUBLIC and LEAVE
[12:46:23] [main/DEBUG]: Transforming class Lnet/minecraft/block/EnderChestBlock;
[12:46:23] [main/DEBUG]: Transforming net.minecraft.block.EnderChestBlock METHOD <init>(Lnet/minecraft/block/AbstractBlock$Properties;)V to access PUBLIC and LEAVE
[12:46:23] [main/DEBUG]: Transforming class Lnet/minecraft/block/HorizontalFaceBlock;
[12:46:23] [main/DEBUG]: Transforming net.minecraft.block.HorizontalFaceBlock METHOD <init>(Lnet/minecraft/block/AbstractBlock$Properties;)V to access PUBLIC and LEAVE
[12:46:23] [main/DEBUG]: Skipping Lnet/minecraft/block/FenceBlock;
[12:46:23] [main/DEBUG]: Skipping Lnet/minecraft/block/FenceGateBlock;
[12:46:23] [main/DEBUG]: Transforming class Lnet/minecraft/block/FletchingTableBlock;
[12:46:23] [main/DEBUG]: Transforming net.minecraft.block.FletchingTableBlock METHOD <init>(Lnet/minecraft/block/AbstractBlock$Properties;)V to access PUBLIC and LEAVE
[12:46:23] [main/DEBUG]: Skipping Lnet/minecraft/block/FlowerBlock;
[12:46:23] [main/DEBUG]: Transforming class Lnet/minecraft/block/FungusBlock;
[12:46:23] [main/DEBUG]: Transforming net.minecraft.block.FungusBlock METHOD <init>(Lnet/minecraft/block/AbstractBlock$Properties;Ljava/util/function/Supplier;)V to access PUBLIC and LEAVE
[12:46:23] [main/DEBUG]: Transforming class Lnet/minecraft/block/FurnaceBlock;
[12:46:23] [main/DEBUG]: Transforming net.minecraft.block.FurnaceBlock METHOD <init>(Lnet/minecraft/block/AbstractBlock$Properties;)V to access PUBLIC and LEAVE
[12:46:23] [main/DEBUG]: Skipping Lnet/minecraft/block/GlassBlock;
[12:46:23] [main/DEBUG]: Skipping Lnet/minecraft/block/GlazedTerracottaBlock;
[12:46:23] [main/DEBUG]: Skipping Lnet/minecraft/block/GrassBlock;
[12:46:23] [main/DEBUG]: Transforming class Lnet/minecraft/block/GrassPathBlock;
[12:46:23] [main/DEBUG]: Transforming net.minecraft.block.GrassPathBlock METHOD <init>(Lnet/minecraft/block/AbstractBlock$Properties;)V to access PUBLIC and LEAVE
[12:46:23] [main/DEBUG]: Skipping Lnet/minecraft/block/GravelBlock;
[12:46:23] [main/DEBUG]: Transforming class Lnet/minecraft/block/GrindstoneBlock;
[12:46:23] [main/DEBUG]: Transforming net.minecraft.block.GrindstoneBlock METHOD <init>(Lnet/minecraft/block/AbstractBlock$Properties;)V to access PUBLIC and LEAVE
[12:46:23] [main/DEBUG]: Skipping Lnet/minecraft/block/AbstractPlantBlock;
[12:46:23] [main/DEBUG]: Transforming class Lnet/minecraft/block/BreakableBlock;
[12:46:23] [main/DEBUG]: Transforming net.minecraft.block.BreakableBlock METHOD <init>(Lnet/minecraft/block/AbstractBlock$Properties;)V to access PUBLIC and LEAVE
[12:46:23] [main/DEBUG]: Skipping Lnet/minecraft/block/HayBlock;
[12:46:23] [main/DEBUG]: Skipping Lnet/minecraft/block/HoneyBlock;
[12:46:23] [main/DEBUG]: Skipping Lnet/minecraft/block/HopperBlock;
[12:46:23] [main/DEBUG]: Skipping Lnet/minecraft/block/HorizontalBlock;
[12:46:23] [main/DEBUG]: Skipping Lnet/minecraft/block/HugeMushroomBlock;
[12:46:23] [main/DEBUG]: Skipping Lnet/minecraft/block/IceBlock;
[12:46:23] [main/DEBUG]: Skipping Lnet/minecraft/block/SilverfishBlock;
[12:46:23] [main/DEBUG]: Transforming class Lnet/minecraft/block/PaneBlock;
[12:46:23] [main/DEBUG]: Transforming net.minecraft.block.PaneBlock METHOD <init>(Lnet/minecraft/block/AbstractBlock$Properties;)V to access PUBLIC and LEAVE
[12:46:23] [main/DEBUG]: Transforming class Lnet/minecraft/block/JigsawBlock;
[12:46:23] [main/DEBUG]: Transforming net.minecraft.block.JigsawBlock METHOD <init>(Lnet/minecraft/block/AbstractBlock$Properties;)V to access PUBLIC and LEAVE
[12:46:23] [main/DEBUG]: Transforming class Lnet/minecraft/block/JukeboxBlock;
[12:46:23] [main/DEBUG]: Transforming net.minecraft.block.JukeboxBlock METHOD <init>(Lnet/minecraft/block/AbstractBlock$Properties;)V to access PUBLIC and LEAVE
[12:46:23] [main/DEBUG]: Transforming class Lnet/minecraft/block/KelpTopBlock;
[12:46:23] [main/DEBUG]: Transforming net.minecraft.block.KelpTopBlock METHOD <init>(Lnet/minecraft/block/AbstractBlock$Properties;)V to access PUBLIC and LEAVE
[12:46:23] [main/DEBUG]: Transforming class Lnet/minecraft/block/KelpBlock;
[12:46:23] [main/DEBUG]: Transforming net.minecraft.block.KelpBlock METHOD <init>(Lnet/minecraft/block/AbstractBlock$Properties;)V to access PUBLIC and LEAVE
[12:46:23] [main/DEBUG]: Transforming class Lnet/minecraft/block/LadderBlock;
[12:46:23] [main/DEBUG]: Transforming net.minecraft.block.LadderBlock METHOD <init>(Lnet/minecraft/block/AbstractBlock$Properties;)V to access PUBLIC and LEAVE
[12:46:23] [main/DEBUG]: Skipping Lnet/minecraft/block/LanternBlock;
[12:46:23] [main/DEBUG]: Skipping Lnet/minecraft/block/LeverBlock$1;
[12:46:23] [main/DEBUG]: Transforming class Lnet/minecraft/block/LecternBlock;
[12:46:23] [main/DEBUG]: Transforming net.minecraft.block.LecternBlock METHOD <init>(Lnet/minecraft/block/AbstractBlock$Properties;)V to access PUBLIC and LEAVE
[12:46:23] [main/DEBUG]: Transforming class Lnet/minecraft/block/LeverBlock;
[12:46:23] [main/DEBUG]: Transforming net.minecraft.block.LeverBlock METHOD <init>(Lnet/minecraft/block/AbstractBlock$Properties;)V to access PUBLIC and LEAVE
[12:46:23] [main/DEBUG]: Skipping Lnet/minecraft/block/ILiquidContainer;
[12:46:23] [main/DEBUG]: Transforming class Lnet/minecraft/block/LoomBlock;
[12:46:23] [main/DEBUG]: Transforming net.minecraft.block.LoomBlock METHOD <init>(Lnet/minecraft/block/AbstractBlock$Properties;)V to access PUBLIC and LEAVE
[12:46:23] [main/DEBUG]: Skipping Lnet/minecraft/block/MagmaBlock;
[12:46:23] [main/DEBUG]: Transforming class Lnet/minecraft/block/MelonBlock;
[12:46:23] [main/DEBUG]: Transforming net.minecraft.block.MelonBlock METHOD <init>(Lnet/minecraft/block/AbstractBlock$Properties;)V to access PUBLIC and LEAVE
[12:46:23] [main/DEBUG]: Skipping Lnet/minecraft/block/MyceliumBlock;
[12:46:23] [main/DEBUG]: Skipping Lnet/minecraft/block/NetherSproutsBlock;
[12:46:23] [main/DEBUG]: Skipping Lnet/minecraft/block/PlantBlockHelper;
[12:46:23] [main/DEBUG]: Skipping Lnet/minecraft/block/NetherrackBlock;
[12:46:23] [main/DEBUG]: Transforming class Lnet/minecraft/block/NyliumBlock;
[12:46:23] [main/DEBUG]: Transforming net.minecraft.block.NyliumBlock METHOD <init>(Lnet/minecraft/block/AbstractBlock$Properties;)V to access PUBLIC and LEAVE
[12:46:23] [main/DEBUG]: Skipping Lnet/minecraft/block/ObserverBlock;
[12:46:23] [main/DEBUG]: Transforming class Lnet/minecraft/block/SixWayBlock;
[12:46:23] [main/DEBUG]: Transforming net.minecraft.block.SixWayBlock METHOD <init>(FLnet/minecraft/block/AbstractBlock$Properties;)V to access PUBLIC and LEAVE
[12:46:23] [main/DEBUG]: Transforming class Lnet/minecraft/block/SkullPlayerBlock;
[12:46:23] [main/DEBUG]: Transforming net.minecraft.block.SkullPlayerBlock METHOD <init>(Lnet/minecraft/block/AbstractBlock$Properties;)V to access PUBLIC and LEAVE
[12:46:23] [main/DEBUG]: Transforming class Lnet/minecraft/block/SkullWallPlayerBlock;
[12:46:23] [main/DEBUG]: Transforming net.minecraft.block.SkullWallPlayerBlock METHOD <init>(Lnet/minecraft/block/AbstractBlock$Properties;)V to access PUBLIC and LEAVE
[12:46:23] [main/DEBUG]: Skipping Lnet/minecraft/block/RedstoneBlock;
[12:46:23] [main/DEBUG]: Transforming class Lnet/minecraft/block/PressurePlateBlock;
[12:46:23] [main/DEBUG]: Transforming net.minecraft.block.PressurePlateBlock METHOD <init>(Lnet/minecraft/block/PressurePlateBlock$Sensitivity;Lnet/minecraft/block/AbstractBlock$Properties;)V to access PUBLIC and LEAVE
[12:46:23] [main/DEBUG]: Transforming class Lnet/minecraft/block/PumpkinBlock;
[12:46:23] [main/DEBUG]: Transforming net.minecraft.block.PumpkinBlock METHOD <init>(Lnet/minecraft/block/AbstractBlock$Properties;)V to access PUBLIC and LEAVE
[12:46:23] [main/DEBUG]: Skipping Lnet/minecraft/block/RedstoneLampBlock;
[12:46:23] [main/DEBUG]: Transforming class Lnet/minecraft/block/RedstoneTorchBlock;
[12:46:23] [main/DEBUG]: Transforming net.minecraft.block.RedstoneTorchBlock METHOD <init>(Lnet/minecraft/block/AbstractBlock$Properties;)V to access PUBLIC and LEAVE
[12:46:23] [main/DEBUG]: Transforming class Lnet/minecraft/block/RedstoneWallTorchBlock;
[12:46:23] [main/DEBUG]: Transforming net.minecraft.block.RedstoneWallTorchBlock METHOD <init>(Lnet/minecraft/block/AbstractBlock$Properties;)V to access PUBLIC and LEAVE
[12:46:23] [main/DEBUG]: Skipping Lnet/minecraft/block/BlockRenderType;
[12:46:23] [main/DEBUG]: Transforming class Lnet/minecraft/block/RepeaterBlock;
[12:46:23] [main/DEBUG]: Transforming net.minecraft.block.RepeaterBlock METHOD <init>(Lnet/minecraft/block/AbstractBlock$Properties;)V to access PUBLIC and LEAVE
[12:46:23] [main/DEBUG]: Skipping Lnet/minecraft/block/RespawnAnchorBlock;
[12:46:23] [main/DEBUG]: Transforming class Lnet/minecraft/block/NetherRootsBlock;
[12:46:23] [main/DEBUG]: Transforming net.minecraft.block.NetherRootsBlock METHOD <init>(Lnet/minecraft/block/AbstractBlock$Properties;)V to access PUBLIC and LEAVE
[12:46:23] [main/DEBUG]: Skipping Lnet/minecraft/block/RotatedPillarBlock;
[12:46:23] [main/DEBUG]: Skipping Lnet/minecraft/block/SandBlock;
[12:46:23] [main/DEBUG]: Transforming class Lnet/minecraft/block/ScaffoldingBlock;
[12:46:23] [main/DEBUG]: Transforming net.minecraft.block.ScaffoldingBlock METHOD <init>(Lnet/minecraft/block/AbstractBlock$Properties;)V to access PUBLIC and LEAVE
[12:46:23] [main/DEBUG]: Transforming class Lnet/minecraft/block/SeaPickleBlock;
[12:46:23] [main/DEBUG]: Transforming net.minecraft.block.SeaPickleBlock METHOD <init>(Lnet/minecraft/block/AbstractBlock$Properties;)V to access PUBLIC and LEAVE
[12:46:23] [main/DEBUG]: Skipping Lnet/minecraft/block/AbstractSignBlock;
[12:46:23] [main/DEBUG]: Skipping Lnet/minecraft/block/IWaterLoggable;
[12:46:23] [main/DEBUG]: Transforming class Lnet/minecraft/block/SkullBlock;
[12:46:23] [main/DEBUG]: Transforming net.minecraft.block.SkullBlock METHOD <init>(Lnet/minecraft/block/SkullBlock$ISkullType;Lnet/minecraft/block/AbstractBlock$Properties;)V to access PUBLIC and LEAVE
[12:46:23] [main/DEBUG]: Skipping Lnet/minecraft/block/SlabBlock;
[12:46:23] [main/DEBUG]: Skipping Lnet/minecraft/block/SlimeBlock;
[12:46:23] [main/DEBUG]: Transforming class Lnet/minecraft/block/SmithingTableBlock;
[12:46:23] [main/DEBUG]: Transforming net.minecraft.block.SmithingTableBlock METHOD <init>(Lnet/minecraft/block/AbstractBlock$Properties;)V to access PUBLIC and LEAVE
[12:46:23] [main/DEBUG]: Transforming class Lnet/minecraft/block/SmokerBlock;
[12:46:23] [main/DEBUG]: Transforming net.minecraft.block.SmokerBlock METHOD <init>(Lnet/minecraft/block/AbstractBlock$Properties;)V to access PUBLIC and LEAVE
[12:46:23] [main/DEBUG]: Skipping Lnet/minecraft/block/BedBlock$1;
[12:46:23] [main/DEBUG]: Transforming class Lnet/minecraft/block/SnowBlock;
[12:46:23] [main/DEBUG]: Transforming net.minecraft.block.SnowBlock METHOD <init>(Lnet/minecraft/block/AbstractBlock$Properties;)V to access PUBLIC and LEAVE
[12:46:23] [main/DEBUG]: Transforming class Lnet/minecraft/block/SnowyDirtBlock;
[12:46:23] [main/DEBUG]: Transforming net.minecraft.block.SnowyDirtBlock METHOD <init>(Lnet/minecraft/block/AbstractBlock$Properties;)V to access PUBLIC and LEAVE
[12:46:23] [main/DEBUG]: Skipping Lnet/minecraft/block/SoulFireBlock;
[12:46:23] [main/DEBUG]: Skipping Lnet/minecraft/block/SoulSandBlock;
[12:46:23] [main/DEBUG]: Skipping Lnet/minecraft/block/StainedGlassBlock;
[12:46:23] [main/DEBUG]: Skipping Lnet/minecraft/block/StainedGlassPaneBlock;
[12:46:23] [main/DEBUG]: Skipping Lnet/minecraft/block/StandingSignBlock;
[12:46:23] [main/DEBUG]: Skipping Lnet/minecraft/block/StemGrownBlock;
[12:46:23] [main/DEBUG]: Transforming class Lnet/minecraft/block/StoneButtonBlock;
[12:46:23] [main/DEBUG]: Transforming net.minecraft.block.StoneButtonBlock METHOD <init>(Lnet/minecraft/block/AbstractBlock$Properties;)V to access PUBLIC and LEAVE
[12:46:23] [main/DEBUG]: Skipping Lnet/minecraft/block/StonecutterBlock;
[12:46:23] [main/DEBUG]: Transforming class Lnet/minecraft/block/StructureBlock;
[12:46:23] [main/DEBUG]: Transforming net.minecraft.block.StructureBlock METHOD <init>(Lnet/minecraft/block/AbstractBlock$Properties;)V to access PUBLIC and LEAVE
[12:46:23] [main/DEBUG]: Transforming class Lnet/minecraft/block/StructureVoidBlock;
[12:46:23] [main/DEBUG]: Transforming net.minecraft.block.StructureVoidBlock METHOD <init>(Lnet/minecraft/block/AbstractBlock$Properties;)V to access PUBLIC and LEAVE
[12:46:23] [main/DEBUG]: Skipping Lnet/minecraft/block/TallFlowerBlock;
[12:46:23] [main/DEBUG]: Skipping Lnet/minecraft/block/TargetBlock;
[12:46:23] [main/DEBUG]: Transforming class Lnet/minecraft/block/TorchBlock;
[12:46:23] [main/DEBUG]: Transforming net.minecraft.block.TorchBlock METHOD <init>(Lnet/minecraft/block/AbstractBlock$Properties;Lnet/minecraft/particles/IParticleData;)V to access PUBLIC and LEAVE
[12:46:23] [main/DEBUG]: Skipping Lnet/minecraft/block/TrappedChestBlock;
[12:46:23] [main/DEBUG]: Skipping Lnet/minecraft/block/TripWireBlock;
[12:46:23] [main/DEBUG]: Skipping Lnet/minecraft/block/TwistingVinesTopBlock;
[12:46:23] [main/DEBUG]: Skipping Lnet/minecraft/block/TwistingVinesBlock;
[12:46:23] [main/DEBUG]: Skipping Lnet/minecraft/block/WallBannerBlock;
[12:46:23] [main/DEBUG]: Skipping Lnet/minecraft/block/WallBlock;
[12:46:23] [main/DEBUG]: Skipping Lnet/minecraft/block/WallSignBlock;
[12:46:23] [main/DEBUG]: Transforming class Lnet/minecraft/block/WallSkullBlock;
[12:46:23] [main/DEBUG]: Transforming net.minecraft.block.WallSkullBlock METHOD <init>(Lnet/minecraft/block/SkullBlock$ISkullType;Lnet/minecraft/block/AbstractBlock$Properties;)V to access PUBLIC and LEAVE
[12:46:23] [main/DEBUG]: Transforming class Lnet/minecraft/block/WallTorchBlock;
[12:46:23] [main/DEBUG]: Transforming net.minecraft.block.WallTorchBlock METHOD <init>(Lnet/minecraft/block/AbstractBlock$Properties;Lnet/minecraft/particles/IParticleData;)V to access PUBLIC and LEAVE
[12:46:23] [main/DEBUG]: Transforming class Lnet/minecraft/block/LilyPadBlock;
[12:46:23] [main/DEBUG]: Transforming net.minecraft.block.LilyPadBlock METHOD <init>(Lnet/minecraft/block/AbstractBlock$Properties;)V to access PUBLIC and LEAVE
[12:46:23] [main/DEBUG]: Skipping Lnet/minecraft/block/WeepingVinesTopBlock;
[12:46:23] [main/DEBUG]: Skipping Lnet/minecraft/block/WeepingVinesBlock;
[12:46:23] [main/DEBUG]: Transforming class Lnet/minecraft/block/WeightedPressurePlateBlock;
[12:46:23] [main/DEBUG]: Transforming net.minecraft.block.WeightedPressurePlateBlock METHOD <init>(ILnet/minecraft/block/AbstractBlock$Properties;)V to access PUBLIC and LEAVE
[12:46:23] [main/DEBUG]: Transforming class Lnet/minecraft/block/WetSpongeBlock;
[12:46:23] [main/DEBUG]: Transforming net.minecraft.block.WetSpongeBlock METHOD <init>(Lnet/minecraft/block/AbstractBlock$Properties;)V to access PUBLIC and LEAVE
[12:46:23] [main/DEBUG]: Skipping Lnet/minecraft/block/WitherRoseBlock;
[12:46:23] [main/DEBUG]: Transforming class Lnet/minecraft/block/WitherSkeletonSkullBlock;
[12:46:23] [main/DEBUG]: Transforming net.minecraft.block.WitherSkeletonSkullBlock METHOD <init>(Lnet/minecraft/block/AbstractBlock$Properties;)V to access PUBLIC and LEAVE
[12:46:23] [main/DEBUG]: Skipping Lnet/minecraft/block/MovingPistonBlock;
[12:46:23] [main/DEBUG]: Skipping Lnet/minecraft/block/PistonBlock;
[12:46:23] [main/DEBUG]: Skipping Lnet/minecraft/block/PistonHeadBlock;
[12:46:23] [main/DEBUG]: Skipping Lnet/minecraft/block/PistonBlockStructureHelper;
[12:46:23] [main/DEBUG]: Skipping Lnet/minecraft/block/AbstractBlock;
[12:46:23] [main/DEBUG]: Skipping Lnet/minecraft/block/BlockState;
[12:46:23] [main/DEBUG]: Transforming class Lnet/minecraft/block/WoodType;
[12:46:23] [main/DEBUG]: Transforming net.minecraft.block.WoodType METHOD func_227047_a_(Lnet/minecraft/block/WoodType;)Lnet/minecraft/block/WoodType; to access PUBLIC and LEAVE
[12:46:23] [main/DEBUG]: Skipping Lnet/minecraft/block/ChestBlock$1;
[12:46:23] [main/DEBUG]: Skipping Lnet/minecraft/block/ChestBlock$2;
[12:46:23] [main/DEBUG]: Skipping Lnet/minecraft/block/ChestBlock$3;
[12:46:23] [main/DEBUG]: Skipping Lnet/minecraft/block/ChestBlock$4;
[12:46:23] [main/DEBUG]: Skipping Lnet/minecraft/block/PortalSize;
[12:46:23] [main/DEBUG]: Skipping Lnet/minecraft/block/AbstractBlock$AbstractBlockState$Cache;
[12:46:23] [main/DEBUG]: Skipping Lnet/minecraft/block/AbstractBlock$1;
[12:46:23] [main/DEBUG]: Skipping Lnet/minecraft/block/AbstractBlock$AbstractBlockState;
[12:46:23] [main/DEBUG]: Skipping Lnet/minecraft/block/AbstractBlock$OffsetType;
[12:46:23] [main/DEBUG]: Skipping Lnet/minecraft/block/AbstractBlock$Properties;
[12:46:23] [main/DEBUG]: Skipping Lnet/minecraft/block/AbstractBlock$IExtendedPositionPredicate;
[12:46:23] [main/DEBUG]: Skipping Lnet/minecraft/block/AbstractBlock$IPositionPredicate;
[12:46:23] [main/DEBUG]: Skipping Lnet/minecraft/block/CocoaBlock$1;
[12:46:23] [main/DEBUG]: Skipping Lnet/minecraft/block/Block$1;
[12:46:23] [main/DEBUG]: Skipping Lnet/minecraft/block/Block$2;
[12:46:23] [main/DEBUG]: Skipping Lnet/minecraft/block/Block$RenderSideCacheKey;
[12:46:23] [main/DEBUG]: Skipping Lnet/minecraft/block/RailBlock$1;
[12:46:23] [main/DEBUG]: Skipping Lnet/minecraft/block/TrapDoorBlock$1;
[12:46:23] [main/DEBUG]: Skipping Lnet/minecraft/block/RailState$1;
[12:46:23] [main/DEBUG]: Skipping Lnet/minecraft/block/DetectorRailBlock$1;
[12:46:23] [main/DEBUG]: Skipping Lnet/minecraft/block/ChestBlock$2$1;
[12:46:23] [main/DEBUG]: Skipping Lnet/minecraft/block/RedstoneWireBlock$1;
[12:46:23] [main/DEBUG]: Skipping Lnet/minecraft/block/PistonBlock$1;
[12:46:23] [main/DEBUG]: Skipping Lnet/minecraft/block/NetherPortalBlock$1;
[12:46:23] [main/DEBUG]: Skipping Lnet/minecraft/block/TripWireHookBlock$1;
[12:46:23] [main/DEBUG]: Skipping Lnet/minecraft/block/PistonHeadBlock$1;
[12:46:23] [main/DEBUG]: Skipping Lnet/minecraft/block/StairsBlock$1;
[12:46:23] [main/DEBUG]: Skipping Lnet/minecraft/block/AbstractRailBlock$1;
[12:46:23] [main/DEBUG]: Skipping Lnet/minecraft/block/PoweredRailBlock$1;
[12:46:23] [main/DEBUG]: Skipping Lnet/minecraft/block/ShulkerBoxBlock$1;
[12:46:23] [main/DEBUG]: Skipping Lnet/minecraft/block/AbstractBannerBlock;
[12:46:23] [main/DEBUG]: Transforming class Lnet/minecraft/block/AttachedStemBlock;
[12:46:23] [main/DEBUG]: Transforming net.minecraft.block.AttachedStemBlock METHOD <init>(Lnet/minecraft/block/StemGrownBlock;Lnet/minecraft/block/AbstractBlock$Properties;)V to access PUBLIC and LEAVE
[12:46:23] [main/DEBUG]: Skipping Lnet/minecraft/block/BambooBlock;
[12:46:23] [main/DEBUG]: Skipping Lnet/minecraft/block/BambooSaplingBlock;
[12:46:23] [main/DEBUG]: Skipping Lnet/minecraft/block/BannerBlock;
[12:46:23] [main/DEBUG]: Skipping Lnet/minecraft/block/AbstractFireBlock;
[12:46:23] [main/DEBUG]: Skipping Lnet/minecraft/block/AbstractRailBlock;
[12:46:23] [main/DEBUG]: Skipping Lnet/minecraft/block/BeehiveBlock;
[12:46:23] [main/DEBUG]: Skipping Lnet/minecraft/block/BeetrootBlock;
[12:46:23] [main/DEBUG]: Transforming class Lnet/minecraft/block/Block;
[12:46:23] [main/DEBUG]: Transforming net.minecraft.block.Block METHOD func_180637_b(Lnet/minecraft/world/server/ServerWorld;Lnet/minecraft/util/math/BlockPos;I)V to access PUBLIC and LEAVE
[12:46:23] [main/DEBUG]: Skipping Lnet/minecraft/block/Blocks;
[12:46:23] [main/DEBUG]: Transforming class Lnet/minecraft/block/BushBlock;
[12:46:23] [main/DEBUG]: Transforming net.minecraft.block.BushBlock METHOD <init>(Lnet/minecraft/block/AbstractBlock$Properties;)V to access PUBLIC and LEAVE
[12:46:23] [main/DEBUG]: Transforming class Lnet/minecraft/block/CactusBlock;
[12:46:23] [main/DEBUG]: Transforming net.minecraft.block.CactusBlock METHOD <init>(Lnet/minecraft/block/AbstractBlock$Properties;)V to access PUBLIC and LEAVE
[12:46:23] [main/DEBUG]: Skipping Lnet/minecraft/block/CampfireBlock;
[12:46:23] [main/DEBUG]: Skipping Lnet/minecraft/block/CarrotBlock;
[12:46:23] [main/DEBUG]: Transforming class Lnet/minecraft/block/ChestBlock;
[12:46:23] [main/DEBUG]: Transforming net.minecraft.block.ChestBlock METHOD <init>(Lnet/minecraft/block/AbstractBlock$Properties;Ljava/util/function/Supplier;)V to access PUBLIC and LEAVE
[12:46:23] [main/DEBUG]: Transforming class Lnet/minecraft/block/ChorusFlowerBlock;
[12:46:23] [main/DEBUG]: Transforming net.minecraft.block.ChorusFlowerBlock METHOD <init>(Lnet/minecraft/block/ChorusPlantBlock;Lnet/minecraft/block/AbstractBlock$Properties;)V to access PUBLIC and LEAVE
[12:46:23] [main/DEBUG]: Skipping Lnet/minecraft/block/CocoaBlock;
[12:46:23] [main/DEBUG]: Skipping Lnet/minecraft/block/ComparatorBlock;
[12:46:23] [main/DEBUG]: Transforming class Lnet/minecraft/block/CropsBlock;
[12:46:23] [main/DEBUG]: Transforming net.minecraft.block.CropsBlock METHOD <init>(Lnet/minecraft/block/AbstractBlock$Properties;)V to access PUBLIC and LEAVE
[12:46:23] [main/DEBUG]: Transforming class Lnet/minecraft/block/DeadBushBlock;
[12:46:23] [main/DEBUG]: Transforming net.minecraft.block.DeadBushBlock METHOD <init>(Lnet/minecraft/block/AbstractBlock$Properties;)V to access PUBLIC and LEAVE
[12:46:23] [main/DEBUG]: Skipping Lnet/minecraft/block/DetectorRailBlock;
[12:46:23] [main/DEBUG]: Skipping Lnet/minecraft/block/RedstoneDiodeBlock;
[12:46:23] [main/DEBUG]: Skipping Lnet/minecraft/block/DoublePlantBlock;
[12:46:23] [main/DEBUG]: Skipping Lnet/minecraft/block/DropperBlock;
[12:46:23] [main/DEBUG]: Transforming class Lnet/minecraft/block/EnchantingTableBlock;
[12:46:23] [main/DEBUG]: Transforming net.minecraft.block.EnchantingTableBlock METHOD <init>(Lnet/minecraft/block/AbstractBlock$Properties;)V to access PUBLIC and LEAVE
[12:46:23] [main/DEBUG]: Transforming class Lnet/minecraft/block/EndGatewayBlock;
[12:46:23] [main/DEBUG]: Transforming net.minecraft.block.EndGatewayBlock METHOD <init>(Lnet/minecraft/block/AbstractBlock$Properties;)V to access PUBLIC and LEAVE
[12:46:23] [main/DEBUG]: Transforming class Lnet/minecraft/block/EndPortalBlock;
[12:46:23] [main/DEBUG]: Transforming net.minecraft.block.EndPortalBlock METHOD <init>(Lnet/minecraft/block/AbstractBlock$Properties;)V to access PUBLIC and LEAVE
[12:46:23] [main/DEBUG]: Skipping Lnet/minecraft/block/ITileEntityProvider;
[12:46:23] [main/DEBUG]: Skipping Lnet/minecraft/block/FallingBlock;
[12:46:23] [main/DEBUG]: Transforming class Lnet/minecraft/block/FarmlandBlock;
[12:46:23] [main/DEBUG]: Transforming net.minecraft.block.FarmlandBlock METHOD <init>(Lnet/minecraft/block/AbstractBlock$Properties;)V to access PUBLIC and LEAVE
[12:46:23] [main/DEBUG]: Transforming class Lnet/minecraft/block/FireBlock;
[12:46:23] [main/DEBUG]: Transforming net.minecraft.block.FireBlock METHOD func_220274_q(Lnet/minecraft/block/BlockState;)I to access PUBLIC and LEAVE
[12:46:23] [main/DEBUG]: Transforming net.minecraft.block.FireBlock METHOD func_220275_r(Lnet/minecraft/block/BlockState;)I to access PUBLIC and LEAVE
[12:46:23] [main/DEBUG]: Skipping Lnet/minecraft/block/FlowerPotBlock;
[12:46:23] [main/DEBUG]: Skipping Lnet/minecraft/block/FrostedIceBlock;
[12:46:23] [main/DEBUG]: Skipping Lnet/minecraft/block/AbstractBodyPlantBlock;
[12:46:23] [main/DEBUG]: Skipping Lnet/minecraft/block/AbstractTopPlantBlock;
[12:46:23] [main/DEBUG]: Skipping Lnet/minecraft/block/LeavesBlock;
[12:46:23] [main/DEBUG]: Transforming class Lnet/minecraft/block/FlowingFluidBlock;
[12:46:23] [main/DEBUG]: Transforming net.minecraft.block.FlowingFluidBlock METHOD <init>(Lnet/minecraft/fluid/FlowingFluid;Lnet/minecraft/block/AbstractBlock$Properties;)V to access PUBLIC and LEAVE
[12:46:23] [main/DEBUG]: Skipping Lnet/minecraft/block/MushroomBlock;
[12:46:23] [main/DEBUG]: Skipping Lnet/minecraft/block/NetherPortalBlock;
[12:46:23] [main/DEBUG]: Transforming class Lnet/minecraft/block/NetherWartBlock;
[12:46:23] [main/DEBUG]: Transforming net.minecraft.block.NetherWartBlock METHOD <init>(Lnet/minecraft/block/AbstractBlock$Properties;)V to access PUBLIC and LEAVE
[12:46:23] [main/DEBUG]: Skipping Lnet/minecraft/block/NoteBlock;
[12:46:23] [main/DEBUG]: Skipping Lnet/minecraft/block/OreBlock;
[12:46:23] [main/DEBUG]: Skipping Lnet/minecraft/block/PotatoBlock;
[12:46:23] [main/DEBUG]: Transforming class Lnet/minecraft/block/PoweredRailBlock;
[12:46:23] [main/DEBUG]: Transforming net.minecraft.block.PoweredRailBlock METHOD <init>(Lnet/minecraft/block/AbstractBlock$Properties;)V to access PUBLIC and LEAVE
[12:46:23] [main/DEBUG]: Transforming class Lnet/minecraft/block/RailBlock;
[12:46:23] [main/DEBUG]: Transforming net.minecraft.block.RailBlock METHOD <init>(Lnet/minecraft/block/AbstractBlock$Properties;)V to access PUBLIC and LEAVE
[12:46:23] [main/DEBUG]: Skipping Lnet/minecraft/block/RailState;
[12:46:23] [main/DEBUG]: Skipping Lnet/minecraft/block/RedstoneOreBlock;
[12:46:23] [main/DEBUG]: Skipping Lnet/minecraft/block/RedstoneWireBlock;
[12:46:23] [main/DEBUG]: Transforming class Lnet/minecraft/block/SaplingBlock;
[12:46:23] [main/DEBUG]: Transforming net.minecraft.block.SaplingBlock METHOD <init>(Lnet/minecraft/block/trees/Tree;Lnet/minecraft/block/AbstractBlock$Properties;)V to access PUBLIC and LEAVE
[12:46:23] [main/DEBUG]: Transforming class Lnet/minecraft/block/SeaGrassBlock;
[12:46:23] [main/DEBUG]: Transforming net.minecraft.block.SeaGrassBlock METHOD <init>(Lnet/minecraft/block/AbstractBlock$Properties;)V to access PUBLIC and LEAVE
[12:46:23] [main/DEBUG]: Skipping Lnet/minecraft/block/ShulkerBoxBlock;
[12:46:23] [main/DEBUG]: Skipping Lnet/minecraft/block/SoundType;
[12:46:23] [main/DEBUG]: Transforming class Lnet/minecraft/block/SpawnerBlock;
[12:46:23] [main/DEBUG]: Transforming net.minecraft.block.SpawnerBlock METHOD <init>(Lnet/minecraft/block/AbstractBlock$Properties;)V to access PUBLIC and LEAVE
[12:46:23] [main/DEBUG]: Transforming class Lnet/minecraft/block/SpongeBlock;
[12:46:23] [main/DEBUG]: Transforming net.minecraft.block.SpongeBlock METHOD <init>(Lnet/minecraft/block/AbstractBlock$Properties;)V to access PUBLIC and LEAVE
[12:46:23] [main/DEBUG]: Skipping Lnet/minecraft/block/SpreadableSnowyDirtBlock;
[12:46:23] [main/DEBUG]: Transforming class Lnet/minecraft/block/StairsBlock;
[12:46:23] [main/DEBUG]: Transforming net.minecraft.block.StairsBlock METHOD <init>(Lnet/minecraft/block/BlockState;Lnet/minecraft/block/AbstractBlock$Properties;)V to access PUBLIC and LEAVE
[12:46:23] [main/DEBUG]: Transforming class Lnet/minecraft/block/StemBlock;
[12:46:23] [main/DEBUG]: Transforming net.minecraft.block.StemBlock METHOD <init>(Lnet/minecraft/block/StemGrownBlock;Lnet/minecraft/block/AbstractBlock$Properties;)V to access PUBLIC and LEAVE
[12:46:23] [main/DEBUG]: Transforming class Lnet/minecraft/block/SugarCaneBlock;
[12:46:23] [main/DEBUG]: Transforming net.minecraft.block.SugarCaneBlock METHOD <init>(Lnet/minecraft/block/AbstractBlock$Properties;)V to access PUBLIC and LEAVE
[12:46:23] [main/DEBUG]: Skipping Lnet/minecraft/block/SweetBerryBushBlock;
[12:46:23] [main/DEBUG]: Transforming class Lnet/minecraft/block/TallGrassBlock;
[12:46:23] [main/DEBUG]: Transforming net.minecraft.block.TallGrassBlock METHOD <init>(Lnet/minecraft/block/AbstractBlock$Properties;)V to access PUBLIC and LEAVE
[12:46:23] [main/DEBUG]: Skipping Lnet/minecraft/block/TallSeaGrassBlock;
[12:46:23] [main/DEBUG]: Skipping Lnet/minecraft/block/TNTBlock;
[12:46:23] [main/DEBUG]: Transforming class Lnet/minecraft/block/TrapDoorBlock;
[12:46:23] [main/DEBUG]: Transforming net.minecraft.block.TrapDoorBlock METHOD <init>(Lnet/minecraft/block/AbstractBlock$Properties;)V to access PUBLIC and LEAVE
[12:46:23] [main/DEBUG]: Skipping Lnet/minecraft/block/TripWireHookBlock;
[12:46:23] [main/DEBUG]: Skipping Lnet/minecraft/block/TurtleEggBlock;
[12:46:23] [main/DEBUG]: Skipping Lnet/minecraft/block/VineBlock;
[12:46:23] [main/DEBUG]: Skipping Lnet/minecraft/block/WebBlock;
[12:46:23] [main/DEBUG]: Skipping Lnet/minecraft/block/VineBlock$1;
[12:46:23] [main/INFO]: JAR transformation complete /home/codespace/.gradle/caches/forge_gradle/minecraft_user_repo/net/minecraftforge/forge/1.16.5-36.2.39_mapped_official_1.16.5/forge-1.16.5-36.2.39_mapped_official_1.16.5.jar
